customer_id,signup_date,segment,industry,country,plan,mrr,contract_length,number_of_users,support_tickets,usage_score,nps_score,churn_date,is_churned
CUST_000001,2023-01-31,Startup,Healthcare,Other,Basic,49,24,3,2,53,7,,0.0
CUST_000002,2023-12-30,Startup,Retail,USA,Basic,49,12,4,1,55,60,,0.0
CUST_000003,2022-05-10,Small Business,Retail,Other,Professional,149,12,8,1,52,7,2024-03-22,1.0
CUST_000004,2023-07-18,Startup,Retail,USA,Business,399,1,1,3,54,17,,0.0
CUST_000005,2023-02-04,Startup,Technology,USA,Business,399,12,2,0,55,100,,0.0
CUST_000006,2022-12-31,Small Business,Retail,UK,Basic,49,12,6,1,45,-11,,0.0
CUST_000007,2024-09-20,Small Business,Other,Canada,Professional,149,1,5,2,50,9,,0.0
CUST_000008,2022-11-10,Startup,Finance,USA,Business,399,24,4,3,68,3,,0.0
CUST_000009,2024-06-26,Enterprise,Manufacturing,USA,Professional,149,1,407,2,44,94,,0.0
CUST_000010,2020-05-01,Startup,Retail,Australia,Basic,49,12,1,3,71,-22,,0.0
CUST_000011,2021-04-11,Mid-Market,Real Estate,Other,Business,399,12,34,3,33,64,,0.0
CUST_000012,2023-05-23,Small Business,Real Estate,USA,Basic,49,36,5,0,71,-34,,0.0
CUST_000013,2020-11-26,Startup,Technology,USA,Enterprise,999,1,4,1,63,-20,2021-03-31,1.0
CUST_000014,2024-01-22,Mid-Market,Finance,France,Enterprise,999,12,31,0,71,-1,,0.0
CUST_000015,2020-03-28,Mid-Market,Healthcare,Canada,Professional,149,12,37,2,71,16,,0.0
CUST_000016,2023-10-28,Small Business,Finance,USA,Professional,149,1,6,4,44,70,,0.0
CUST_000017,2023-01-28,Startup,Technology,Other,Business,399,12,1,1,66,20,,0.0
CUST_000018,2022-05-21,Enterprise,Education,USA,Professional,149,1,448,2,42,50,,0.0
CUST_000019,2024-08-14,Startup,Technology,Canada,Basic,49,1,1,2,56,3,,0.0
CUST_000020,2020-05-10,Mid-Market,Finance,UK,Enterprise,999,1,23,2,83,32,,0.0
CUST_000021,2024-08-12,Startup,Retail,Canada,Professional,149,24,2,1,45,71,,0.0
CUST_000022,2023-08-25,Startup,Technology,USA,Basic,49,1,1,2,63,55,,0.0
CUST_000023,2022-02-08,Small Business,Real Estate,Germany,Professional,149,12,3,2,48,52,2023-11-10,1.0
CUST_000024,2020-12-09,Small Business,Education,Other,Basic,49,1,5,4,71,-44,,0.0
CUST_000025,2024-02-24,Small Business,Finance,UK,Basic,49,1,2,1,83,5,2024-12-01,1.0
CUST_000026,2023-12-08,Small Business,Finance,UK,Professional,149,1,2,5,55,35,,0.0
CUST_000027,2022-03-16,Enterprise,Technology,USA,Professional,149,12,222,1,69,21,,0.0
CUST_000028,2021-01-20,Enterprise,Manufacturing,Australia,Professional,149,1,178,1,60,9,,0.0
CUST_000029,2023-04-30,Enterprise,Technology,Other,Enterprise,999,1,52,6,45,-4,2024-04-10,1.0
CUST_000030,2022-08-13,Small Business,Manufacturing,France,Business,399,24,6,1,72,69,,0.0
CUST_000031,2020-10-03,Mid-Market,Education,UK,Basic,49,12,22,2,74,43,,0.0
CUST_000032,2023-03-30,Small Business,Technology,Other,Basic,49,1,5,1,45,64,,0.0
CUST_000033,2021-04-04,Startup,Real Estate,USA,Professional,149,12,4,4,82,100,,0.0
CUST_000034,2023-08-30,Small Business,Technology,UK,Professional,149,1,8,4,90,-44,,0.0
CUST_000035,2020-01-22,Small Business,Real Estate,UK,Business,399,12,7,1,47,40,,0.0
CUST_000036,2020-09-09,Small Business,Technology,UK,Professional,149,12,6,1,92,20,,0.0
CUST_000037,2022-01-17,Startup,Retail,France,Basic,49,1,2,0,65,77,,0.0
CUST_000038,2022-05-06,Startup,Healthcare,Germany,Professional,149,1,1,2,63,69,,0.0
CUST_000039,2024-05-03,Startup,Education,USA,Business,399,12,4,1,98,24,,0.0
CUST_000040,2021-04-19,Startup,Finance,USA,Enterprise,999,24,2,2,81,35,,0.0
CUST_000041,2022-12-18,Enterprise,Technology,USA,Basic,49,1,124,3,52,70,,0.0
CUST_000042,2021-05-25,Startup,Retail,Canada,Professional,149,1,1,2,54,58,,0.0
CUST_000043,2024-09-01,Startup,Finance,USA,Basic,49,12,2,4,71,100,,0.0
CUST_000044,2024-02-08,Mid-Market,Retail,USA,Professional,149,12,24,5,71,40,,0.0
CUST_000045,2021-11-30,Startup,Real Estate,Germany,Basic,49,1,1,3,64,16,,0.0
CUST_000046,2022-09-02,Mid-Market,Finance,Australia,Enterprise,999,1,40,3,50,-4,,0.0
CUST_000047,2024-12-11,Small Business,Healthcare,Other,Professional,149,1,4,5,54,38,,0.0
CUST_000048,2020-07-08,Mid-Market,Technology,Other,Business,399,1,18,1,64,-7,,0.0
CUST_000049,2022-08-15,Small Business,Retail,France,Enterprise,999,12,8,3,33,34,,0.0
CUST_000050,2021-11-17,Small Business,Finance,USA,Basic,49,1,2,0,74,99,,0.0
CUST_000051,2022-08-15,Small Business,Healthcare,Australia,Business,399,12,6,4,70,68,,0.0
CUST_000052,2021-07-16,Small Business,Technology,USA,Business,399,36,5,2,46,-24,2023-03-13,1.0
CUST_000053,2024-05-09,Mid-Market,Finance,Germany,Professional,149,12,14,1,74,-43,,0.0
CUST_000054,2023-06-21,Startup,Other,UK,Professional,149,12,3,4,30,-38,,0.0
CUST_000055,2022-04-11,Mid-Market,Healthcare,France,Professional,149,12,21,3,72,6,,0.0
CUST_000056,2024-03-08,Small Business,Retail,UK,Business,399,12,2,4,82,16,,0.0
CUST_000057,2023-02-28,Startup,Education,USA,Professional,149,24,1,2,72,74,,0.0
CUST_000058,2024-02-17,Startup,Manufacturing,Canada,Professional,149,12,4,2,77,62,,0.0
CUST_000059,2021-10-08,Small Business,Healthcare,USA,Basic,49,12,9,3,78,52,,0.0
CUST_000060,2020-01-21,Startup,Retail,Other,Basic,49,1,1,0,72,5,,0.0
CUST_000061,2022-04-20,Startup,Real Estate,UK,Basic,49,12,3,4,63,7,,0.0
CUST_000062,2020-06-15,Startup,Technology,Canada,Basic,49,12,2,1,58,3,,0.0
CUST_000063,2023-07-21,Small Business,Finance,Other,Professional,149,1,2,0,87,86,,0.0
CUST_000064,2021-01-22,Mid-Market,Technology,Canada,Basic,49,12,18,2,77,5,,0.0
CUST_000065,2021-08-23,Mid-Market,Healthcare,USA,Basic,49,12,48,3,88,-28,,0.0
CUST_000066,2020-11-11,Mid-Market,Finance,USA,Business,399,12,13,1,84,23,,0.0
CUST_000067,2020-01-14,Small Business,Manufacturing,UK,Business,399,36,4,1,41,92,,0.0
CUST_000068,2020-08-29,Enterprise,Technology,Australia,Business,399,1,415,0,51,27,,0.0
CUST_000069,2022-02-15,Small Business,Finance,France,Enterprise,999,1,5,0,28,27,2023-07-26,1.0
CUST_000070,2023-10-01,Small Business,Retail,Other,Basic,49,24,9,3,33,-23,,0.0
CUST_000071,2021-07-18,Mid-Market,Finance,USA,Basic,49,36,36,0,28,51,,0.0
CUST_000072,2022-06-16,Startup,Manufacturing,USA,Basic,49,12,2,1,19,69,2024-02-15,1.0
CUST_000073,2023-09-25,Small Business,Healthcare,USA,Enterprise,999,1,8,2,60,22,2024-02-02,1.0
CUST_000074,2020-04-01,Enterprise,Other,France,Business,399,12,474,6,88,59,,0.0
CUST_000075,2023-10-22,Startup,Finance,USA,Basic,49,1,2,2,72,-89,,0.0
CUST_000076,2022-08-13,Enterprise,Retail,USA,Basic,49,24,334,1,78,94,,0.0
CUST_000077,2024-01-18,Small Business,Education,Canada,Professional,149,24,6,0,66,34,,0.0
CUST_000078,2023-12-22,Startup,Healthcare,UK,Basic,49,1,2,4,67,2,,0.0
CUST_000079,2021-05-23,Small Business,Technology,Germany,Professional,149,24,2,1,80,13,,0.0
CUST_000080,2022-02-14,Startup,Manufacturing,UK,Enterprise,999,12,4,2,61,100,,0.0
CUST_000081,2020-02-04,Small Business,Finance,UK,Professional,149,36,3,2,67,38,,0.0
CUST_000082,2020-07-24,Small Business,Real Estate,UK,Enterprise,999,36,5,4,56,45,,0.0
CUST_000083,2023-01-09,Enterprise,Other,Australia,Professional,149,1,238,1,40,32,,0.0
CUST_000084,2024-05-04,Mid-Market,Healthcare,USA,Professional,149,1,13,4,62,8,,0.0
CUST_000085,2023-11-12,Startup,Finance,USA,Business,399,12,2,1,41,-28,,0.0
CUST_000086,2022-10-22,Small Business,Finance,USA,Professional,149,36,8,0,82,60,,0.0
CUST_000087,2022-10-18,Small Business,Healthcare,USA,Professional,149,36,6,1,74,15,,0.0
CUST_000088,2023-11-14,Small Business,Education,Australia,Business,399,12,8,1,94,26,,0.0
CUST_000089,2021-07-19,Small Business,Manufacturing,USA,Business,399,1,2,1,49,72,,0.0
CUST_000090,2023-02-03,Enterprise,Finance,Other,Basic,49,1,85,0,37,60,2023-08-27,1.0
CUST_000091,2024-11-30,Small Business,Technology,USA,Basic,49,24,4,4,34,12,,0.0
CUST_000092,2024-02-09,Small Business,Healthcare,Australia,Professional,149,12,9,4,96,50,,0.0
CUST_000093,2021-12-03,Mid-Market,Healthcare,France,Enterprise,999,12,22,5,57,59,,0.0
CUST_000094,2021-02-05,Mid-Market,Education,Canada,Enterprise,999,12,33,4,35,0,,0.0
CUST_000095,2021-12-30,Enterprise,Technology,Germany,Basic,49,24,407,2,74,13,,0.0
CUST_000096,2024-04-28,Small Business,Education,USA,Basic,49,24,5,3,58,42,,0.0
CUST_000097,2020-06-10,Startup,Retail,Canada,Enterprise,999,12,2,3,46,60,,0.0
CUST_000098,2020-07-20,Enterprise,Manufacturing,USA,Basic,49,1,142,2,94,46,,0.0
CUST_000099,2022-09-22,Mid-Market,Finance,UK,Basic,49,12,49,2,62,45,2024-07-03,1.0
CUST_000100,2020-09-26,Mid-Market,Manufacturing,France,Basic,49,36,15,1,76,13,2021-03-19,1.0
CUST_000101,2022-03-26,Small Business,Retail,USA,Basic,49,12,7,1,73,-6,,0.0
CUST_000102,2023-07-18,Small Business,Manufacturing,Australia,Business,399,1,3,3,100,50,,0.0
CUST_000103,2021-03-31,Small Business,Finance,USA,Professional,149,1,6,3,60,2,,0.0
CUST_000104,2024-01-25,Startup,Finance,UK,Professional,149,1,4,1,45,11,,0.0
CUST_000105,2024-10-16,Small Business,Retail,Other,Enterprise,999,1,7,2,51,-42,,0.0
CUST_000106,2023-06-29,Startup,Technology,Germany,Basic,49,12,2,1,84,6,,0.0
CUST_000107,2022-10-13,Startup,Finance,Canada,Basic,49,1,2,1,70,13,2023-08-13,1.0
CUST_000108,2024-09-21,Mid-Market,Other,Germany,Business,399,12,28,1,55,-9,,0.0
CUST_000109,2020-10-22,Mid-Market,Technology,Other,Business,399,1,29,2,71,-5,,0.0
CUST_000110,2024-10-14,Mid-Market,Healthcare,USA,Basic,49,1,43,3,91,33,,0.0
CUST_000111,2021-12-20,Mid-Market,Healthcare,Canada,Basic,49,12,47,4,98,51,,0.0
CUST_000112,2024-11-07,Startup,Retail,UK,Basic,49,12,3,0,72,52,,0.0
CUST_000113,2020-12-03,Small Business,Technology,USA,Professional,149,1,8,1,87,55,,0.0
CUST_000114,2022-05-28,Mid-Market,Retail,USA,Basic,49,24,11,1,36,70,,0.0
CUST_000115,2022-12-12,Startup,Technology,USA,Professional,149,1,1,1,77,79,,0.0
CUST_000116,2022-03-02,Small Business,Technology,Canada,Basic,49,12,6,2,61,23,,0.0
CUST_000117,2020-08-04,Mid-Market,Manufacturing,Australia,Business,399,12,11,2,42,11,,0.0
CUST_000118,2022-02-02,Small Business,Healthcare,France,Professional,149,24,3,0,46,60,,0.0
CUST_000119,2020-07-06,Small Business,Other,Canada,Professional,149,12,9,1,48,-27,2021-01-28,1.0
CUST_000120,2021-01-14,Startup,Technology,USA,Basic,49,12,2,0,70,26,,0.0
CUST_000121,2021-05-07,Enterprise,Finance,USA,Basic,49,12,221,2,42,-3,,0.0
CUST_000122,2022-11-30,Mid-Market,Technology,USA,Business,399,12,24,1,79,-1,,0.0
CUST_000123,2023-03-26,Small Business,Healthcare,Canada,Business,399,24,5,1,84,8,,0.0
CUST_000124,2020-01-15,Mid-Market,Other,USA,Business,399,1,49,4,62,58,,0.0
CUST_000125,2020-03-05,Small Business,Real Estate,UK,Business,399,24,4,1,60,100,,0.0
CUST_000126,2021-06-04,Small Business,Technology,Other,Basic,49,1,5,2,68,60,,0.0
CUST_000127,2023-09-29,Small Business,Retail,Germany,Business,399,36,3,0,55,-44,,0.0
CUST_000128,2023-02-26,Startup,Retail,France,Basic,49,12,2,3,94,21,,0.0
CUST_000129,2021-10-09,Small Business,Technology,Germany,Basic,49,24,5,3,23,4,2023-08-20,1.0
CUST_000130,2024-02-04,Mid-Market,Technology,USA,Business,399,12,27,3,57,-11,,0.0
CUST_000131,2022-12-22,Small Business,Real Estate,USA,Business,399,1,9,2,33,22,2024-08-06,1.0
CUST_000132,2023-03-08,Startup,Other,France,Business,399,1,3,2,76,1,,0.0
CUST_000133,2024-03-02,Small Business,Other,Germany,Business,399,24,5,3,69,-2,,0.0
CUST_000134,2021-08-15,Mid-Market,Education,Canada,Enterprise,999,12,14,1,80,57,,0.0
CUST_000135,2021-01-26,Startup,Retail,USA,Basic,49,12,2,2,68,37,,0.0
CUST_000136,2024-08-25,Small Business,Healthcare,Canada,Enterprise,999,1,4,3,72,95,,0.0
CUST_000137,2021-02-22,Mid-Market,Technology,USA,Professional,149,36,33,1,47,-18,,0.0
CUST_000138,2020-10-15,Mid-Market,Technology,USA,Business,399,1,27,0,67,-27,2021-02-26,1.0
CUST_000139,2021-01-13,Enterprise,Manufacturing,USA,Business,399,1,92,5,49,17,,0.0
CUST_000140,2024-12-01,Startup,Education,UK,Professional,149,36,1,4,77,10,,0.0
CUST_000141,2024-02-22,Mid-Market,Education,USA,Business,399,36,17,0,46,56,,0.0
CUST_000142,2020-08-18,Mid-Market,Real Estate,USA,Basic,49,1,10,0,54,46,2022-06-12,1.0
CUST_000143,2022-10-14,Startup,Real Estate,Germany,Enterprise,999,24,4,3,63,53,,0.0
CUST_000144,2020-02-10,Mid-Market,Other,Canada,Basic,49,1,45,1,95,-32,,0.0
CUST_000145,2022-11-17,Enterprise,Technology,UK,Basic,49,1,205,1,65,19,,0.0
CUST_000146,2020-05-14,Enterprise,Manufacturing,UK,Basic,49,24,88,3,100,-45,,0.0
CUST_000147,2020-07-19,Mid-Market,Retail,Other,Basic,49,24,31,4,92,72,,0.0
CUST_000148,2022-02-18,Mid-Market,Healthcare,USA,Basic,49,1,38,2,58,-3,,0.0
CUST_000149,2022-07-18,Small Business,Other,USA,Basic,49,1,9,2,73,28,,0.0
CUST_000150,2022-11-22,Mid-Market,Real Estate,Canada,Professional,149,1,36,5,76,-29,,0.0
CUST_000151,2022-12-07,Mid-Market,Technology,USA,Professional,149,24,13,6,6,-2,2023-04-25,1.0
CUST_000152,2021-05-17,Startup,Technology,Canada,Basic,49,36,4,0,30,17,2023-03-29,1.0
CUST_000153,2021-02-10,Small Business,Manufacturing,Canada,Basic,49,1,9,1,73,25,,0.0
CUST_000154,2024-05-16,Small Business,Retail,Other,Enterprise,999,24,8,0,75,33,,0.0
CUST_000155,2024-10-17,Small Business,Other,Australia,Basic,49,1,3,3,68,58,,0.0
CUST_000156,2022-03-15,Mid-Market,Technology,Other,Basic,49,12,13,1,42,71,,0.0
CUST_000157,2020-04-08,Small Business,Technology,USA,Basic,49,1,5,3,100,56,,0.0
CUST_000158,2021-11-14,Small Business,Healthcare,Australia,Basic,49,12,3,2,76,34,2023-09-07,1.0
CUST_000159,2021-12-26,Small Business,Technology,USA,Business,399,1,3,1,85,4,,0.0
CUST_000160,2024-04-19,Startup,Technology,Canada,Professional,149,36,1,1,83,18,,0.0
CUST_000161,2022-08-18,Enterprise,Real Estate,Germany,Professional,149,1,427,1,67,28,,0.0
CUST_000162,2024-10-28,Startup,Healthcare,USA,Basic,49,12,2,5,66,43,,0.0
CUST_000163,2021-09-04,Mid-Market,Finance,Canada,Business,399,24,43,2,83,-3,,0.0
CUST_000164,2024-01-25,Startup,Technology,USA,Business,399,12,2,3,54,24,,0.0
CUST_000165,2021-10-04,Small Business,Healthcare,USA,Basic,49,1,8,3,84,64,,0.0
CUST_000166,2024-11-27,Startup,Education,Other,Basic,49,12,1,1,68,68,,0.0
CUST_000167,2022-10-25,Enterprise,Retail,USA,Basic,49,24,309,3,76,13,,0.0
CUST_000168,2023-05-26,Small Business,Manufacturing,USA,Business,399,12,7,3,68,7,2024-12-23,1.0
CUST_000169,2021-05-17,Small Business,Finance,UK,Basic,49,1,8,1,47,34,,0.0
CUST_000170,2022-02-05,Small Business,Healthcare,Australia,Professional,149,12,5,2,61,27,,0.0
CUST_000171,2021-02-01,Small Business,Finance,USA,Basic,49,36,8,4,89,-42,,0.0
CUST_000172,2022-05-20,Small Business,Healthcare,USA,Basic,49,1,6,5,77,99,,0.0
CUST_000173,2022-03-05,Small Business,Education,Australia,Basic,49,12,9,0,87,3,,0.0
CUST_000174,2021-01-27,Mid-Market,Healthcare,USA,Basic,49,12,44,0,83,11,,0.0
CUST_000175,2020-07-25,Small Business,Retail,USA,Basic,49,1,6,1,53,-20,,0.0
CUST_000176,2022-11-04,Mid-Market,Technology,France,Professional,149,12,41,5,33,70,2023-04-14,1.0
CUST_000177,2024-04-26,Startup,Manufacturing,UK,Professional,149,36,2,1,81,2,,0.0
CUST_000178,2022-06-10,Small Business,Real Estate,Australia,Professional,149,1,9,2,61,46,2022-10-29,1.0
CUST_000179,2024-01-24,Startup,Retail,USA,Business,399,24,1,1,78,55,,0.0
CUST_000180,2024-09-10,Mid-Market,Retail,Other,Business,399,24,40,0,93,4,,0.0
CUST_000181,2024-05-17,Startup,Other,Other,Business,399,1,4,4,57,0,,0.0
CUST_000182,2022-05-13,Startup,Retail,USA,Enterprise,999,1,1,3,49,40,2022-10-31,1.0
CUST_000183,2022-01-12,Small Business,Healthcare,USA,Basic,49,36,6,2,44,-49,2022-12-13,1.0
CUST_000184,2023-06-18,Small Business,Healthcare,Other,Basic,49,24,9,4,64,56,,0.0
CUST_000185,2021-07-17,Mid-Market,Manufacturing,UK,Professional,149,1,29,1,36,19,,0.0
CUST_000186,2022-10-17,Startup,Manufacturing,Canada,Professional,149,1,3,0,72,0,,0.0
CUST_000187,2020-04-05,Small Business,Healthcare,Canada,Professional,149,12,6,1,73,7,,0.0
CUST_000188,2024-10-23,Enterprise,Healthcare,France,Basic,49,12,103,2,72,20,,0.0
CUST_000189,2021-04-29,Mid-Market,Other,France,Professional,149,12,42,3,31,13,,0.0
CUST_000190,2023-12-01,Startup,Technology,USA,Enterprise,999,36,2,3,88,85,,0.0
CUST_000191,2020-08-18,Startup,Finance,USA,Basic,49,12,3,1,67,-16,,0.0
CUST_000192,2022-01-18,Startup,Technology,Australia,Enterprise,999,24,4,5,55,-8,,0.0
CUST_000193,2024-08-05,Small Business,Education,France,Professional,149,12,7,0,77,30,,0.0
CUST_000194,2023-04-09,Mid-Market,Technology,Canada,Basic,49,1,26,1,77,74,,0.0
CUST_000195,2021-06-24,Mid-Market,Manufacturing,Other,Professional,149,24,46,1,42,14,,0.0
CUST_000196,2022-11-25,Mid-Market,Technology,Germany,Professional,149,12,47,2,64,-7,,0.0
CUST_000197,2021-06-08,Enterprise,Manufacturing,USA,Professional,149,1,337,3,53,33,,0.0
CUST_000198,2023-03-29,Small Business,Education,Australia,Professional,149,1,5,0,56,56,,0.0
CUST_000199,2024-09-18,Mid-Market,Healthcare,UK,Professional,149,12,41,0,75,54,,0.0
CUST_000200,2023-06-20,Small Business,Finance,USA,Basic,49,12,9,0,47,-23,,0.0
CUST_000201,2023-01-14,Startup,Finance,USA,Basic,49,36,3,2,76,54,2024-06-03,1.0
CUST_000202,2024-12-24,Small Business,Healthcare,France,Basic,49,24,4,1,46,12,,0.0
CUST_000203,2021-07-31,Startup,Education,Other,Enterprise,999,1,3,4,89,-27,,0.0
CUST_000204,2021-11-12,Small Business,Healthcare,USA,Basic,49,24,2,1,51,67,,0.0
CUST_000205,2021-07-10,Mid-Market,Manufacturing,USA,Business,399,1,27,7,100,-34,,0.0
CUST_000206,2024-05-16,Small Business,Technology,Canada,Basic,49,1,5,0,81,-24,,0.0
CUST_000207,2022-10-09,Enterprise,Technology,France,Basic,49,1,122,2,61,70,,0.0
CUST_000208,2021-10-07,Mid-Market,Healthcare,Germany,Basic,49,12,46,2,45,-28,2023-04-08,1.0
CUST_000209,2022-03-06,Small Business,Retail,Canada,Basic,49,1,4,3,75,4,,0.0
CUST_000210,2022-11-17,Enterprise,Finance,Canada,Enterprise,999,12,485,0,85,-7,,0.0
CUST_000211,2024-07-01,Mid-Market,Manufacturing,USA,Business,399,1,28,3,77,21,,0.0
CUST_000212,2024-04-28,Small Business,Technology,UK,Enterprise,999,12,7,1,53,0,,0.0
CUST_000213,2023-09-25,Startup,Technology,USA,Business,399,36,3,1,93,-10,,0.0
CUST_000214,2024-12-26,Startup,Education,Australia,Professional,149,36,3,0,70,47,,0.0
CUST_000215,2023-09-16,Small Business,Education,USA,Business,399,12,5,2,51,55,,0.0
CUST_000216,2024-07-21,Mid-Market,Technology,Germany,Professional,149,12,26,2,100,-4,,0.0
CUST_000217,2024-03-09,Startup,Retail,USA,Business,399,24,1,7,78,44,,0.0
CUST_000218,2023-10-03,Startup,Healthcare,UK,Basic,49,24,1,0,73,100,,0.0
CUST_000219,2024-02-05,Small Business,Education,USA,Professional,149,24,9,1,55,29,,0.0
CUST_000220,2023-06-08,Startup,Real Estate,USA,Professional,149,1,4,1,64,29,,0.0
CUST_000221,2020-07-08,Mid-Market,Real Estate,USA,Basic,49,12,46,1,48,26,2021-08-08,1.0
CUST_000222,2023-06-02,Startup,Education,France,Professional,149,12,2,2,68,31,,0.0
CUST_000223,2023-11-09,Startup,Healthcare,USA,Business,399,12,3,3,75,27,,0.0
CUST_000224,2023-11-01,Enterprise,Education,Germany,Professional,149,12,285,2,26,-42,,0.0
CUST_000225,2023-07-30,Small Business,Finance,UK,Professional,149,24,6,2,39,41,,0.0
CUST_000226,2021-09-24,Startup,Technology,UK,Basic,49,24,1,1,46,3,,0.0
CUST_000227,2021-09-19,Mid-Market,Finance,UK,Business,399,1,48,2,34,-13,,0.0
CUST_000228,2022-08-30,Small Business,Other,Other,Professional,149,1,9,3,48,-26,,0.0
CUST_000229,2024-11-03,Startup,Real Estate,USA,Enterprise,999,12,3,1,94,-15,,0.0
CUST_000230,2023-07-06,Small Business,Technology,USA,Enterprise,999,1,8,1,87,96,,0.0
CUST_000231,2023-10-14,Mid-Market,Manufacturing,Other,Enterprise,999,1,46,4,52,5,,0.0
CUST_000232,2021-12-10,Small Business,Education,USA,Basic,49,24,8,2,76,9,2023-09-28,1.0
CUST_000233,2024-01-19,Mid-Market,Healthcare,Australia,Basic,49,12,41,3,41,67,,0.0
CUST_000234,2023-12-05,Small Business,Finance,USA,Enterprise,999,24,4,2,100,63,,0.0
CUST_000235,2021-10-10,Enterprise,Manufacturing,Germany,Business,399,24,445,0,61,5,2023-07-20,1.0
CUST_000236,2020-11-13,Small Business,Finance,USA,Enterprise,999,24,9,2,24,-10,,0.0
CUST_000237,2024-08-27,Small Business,Technology,Other,Professional,149,1,3,0,100,89,,0.0
CUST_000238,2023-06-02,Small Business,Manufacturing,Canada,Professional,149,1,5,1,59,49,,0.0
CUST_000239,2023-06-11,Small Business,Real Estate,USA,Basic,49,1,4,4,100,5,,0.0
CUST_000240,2021-11-14,Small Business,Retail,USA,Business,399,1,9,1,83,88,,0.0
CUST_000241,2021-10-25,Small Business,Education,USA,Business,399,12,7,1,70,13,,0.0
CUST_000242,2023-10-29,Mid-Market,Healthcare,Germany,Basic,49,24,35,4,28,1,,0.0
CUST_000243,2024-08-22,Small Business,Technology,USA,Basic,49,36,4,4,67,-13,,0.0
CUST_000244,2024-06-19,Mid-Market,Retail,USA,Professional,149,24,20,4,33,-23,,0.0
CUST_000245,2024-02-04,Startup,Healthcare,Canada,Business,399,12,1,2,58,36,,0.0
CUST_000246,2023-06-10,Enterprise,Real Estate,UK,Basic,49,12,294,1,68,-100,,0.0
CUST_000247,2024-09-11,Small Business,Technology,USA,Basic,49,1,6,2,91,-20,,0.0
CUST_000248,2023-02-10,Small Business,Finance,USA,Basic,49,12,4,2,52,27,2024-12-08,1.0
CUST_000249,2024-02-29,Small Business,Healthcare,Germany,Basic,49,24,8,0,100,76,,0.0
CUST_000250,2021-03-17,Enterprise,Other,Other,Enterprise,999,1,443,4,34,53,,0.0
CUST_000251,2021-07-17,Small Business,Technology,USA,Business,399,12,2,4,48,79,,0.0
CUST_000252,2023-07-15,Small Business,Technology,France,Business,399,24,5,4,68,24,,0.0
CUST_000253,2024-03-13,Small Business,Technology,USA,Business,399,1,3,0,18,100,,0.0
CUST_000254,2023-11-10,Small Business,Education,USA,Professional,149,36,6,2,41,-36,2024-08-12,1.0
CUST_000255,2023-11-11,Small Business,Technology,UK,Business,399,1,8,0,74,0,,0.0
CUST_000256,2023-02-10,Small Business,Technology,USA,Enterprise,999,24,2,2,83,62,,0.0
CUST_000257,2024-06-24,Small Business,Technology,UK,Business,399,12,4,0,45,35,,0.0
CUST_000258,2024-07-06,Small Business,Manufacturing,Australia,Professional,149,1,7,3,54,-4,,0.0
CUST_000259,2022-08-09,Small Business,Technology,Other,Business,399,1,9,1,75,41,,0.0
CUST_000260,2023-01-09,Mid-Market,Healthcare,USA,Enterprise,999,24,31,2,30,5,,0.0
CUST_000261,2021-11-29,Enterprise,Healthcare,USA,Basic,49,24,297,4,61,11,,0.0
CUST_000262,2020-04-22,Mid-Market,Retail,Other,Basic,49,12,37,2,60,100,,0.0
CUST_000263,2020-01-02,Mid-Market,Manufacturing,USA,Enterprise,999,36,20,2,100,70,,0.0
CUST_000264,2021-10-03,Small Business,Finance,Germany,Enterprise,999,24,3,3,75,54,2022-02-06,1.0
CUST_000265,2020-08-07,Small Business,Other,USA,Professional,149,1,2,4,65,52,,0.0
CUST_000266,2024-05-08,Mid-Market,Other,USA,Professional,149,12,48,2,80,-14,,0.0
CUST_000267,2022-05-04,Startup,Healthcare,USA,Basic,49,12,2,0,69,-8,,0.0
CUST_000268,2024-10-25,Enterprise,Education,Australia,Professional,149,12,145,1,46,54,,0.0
CUST_000269,2023-06-02,Startup,Manufacturing,Australia,Enterprise,999,1,1,4,79,67,,0.0
CUST_000270,2021-01-19,Small Business,Real Estate,USA,Basic,49,1,5,4,82,68,,0.0
CUST_000271,2023-11-27,Small Business,Finance,France,Professional,149,12,6,1,58,11,,0.0
CUST_000272,2024-07-19,Enterprise,Finance,USA,Enterprise,999,1,73,1,68,-5,,0.0
CUST_000273,2023-02-27,Small Business,Finance,USA,Basic,49,12,8,2,100,46,,0.0
CUST_000274,2022-12-12,Small Business,Real Estate,France,Business,399,36,5,2,69,-28,,0.0
CUST_000275,2024-09-03,Startup,Technology,Canada,Professional,149,1,2,3,60,11,,0.0
CUST_000276,2021-12-30,Small Business,Technology,USA,Business,399,24,2,3,44,75,2023-01-08,1.0
CUST_000277,2024-08-22,Startup,Healthcare,USA,Enterprise,999,12,2,4,47,7,,0.0
CUST_000278,2024-09-29,Mid-Market,Technology,Other,Professional,149,1,48,2,66,58,,0.0
CUST_000279,2023-12-10,Small Business,Retail,Australia,Business,399,24,3,4,52,-53,,0.0
CUST_000280,2020-09-03,Small Business,Technology,France,Enterprise,999,1,5,1,76,21,,0.0
CUST_000281,2022-04-15,Small Business,Healthcare,USA,Enterprise,999,1,7,1,56,-15,,0.0
CUST_000282,2024-01-02,Mid-Market,Real Estate,France,Professional,149,1,48,0,100,-48,,0.0
CUST_000283,2020-07-21,Small Business,Finance,USA,Professional,149,12,5,1,69,2,,0.0
CUST_000284,2023-04-22,Small Business,Manufacturing,Other,Basic,49,12,5,3,33,25,,0.0
CUST_000285,2020-05-02,Small Business,Technology,USA,Basic,49,12,5,1,68,15,,0.0
CUST_000286,2021-02-04,Mid-Market,Technology,USA,Professional,149,1,16,3,57,35,,0.0
CUST_000287,2022-02-05,Startup,Education,UK,Basic,49,24,4,1,79,50,,0.0
CUST_000288,2020-10-20,Enterprise,Manufacturing,France,Business,399,24,462,4,65,44,,0.0
CUST_000289,2020-10-06,Startup,Healthcare,France,Professional,149,12,1,1,73,27,,0.0
CUST_000290,2022-06-02,Startup,Other,USA,Business,399,1,4,0,100,42,,0.0
CUST_000291,2024-06-21,Startup,Real Estate,Canada,Business,399,1,4,1,60,-28,2024-10-13,1.0
CUST_000292,2020-07-16,Small Business,Other,Australia,Basic,49,24,3,1,79,-21,,0.0
CUST_000293,2022-09-08,Small Business,Finance,USA,Professional,149,1,4,0,87,-14,2023-08-12,1.0
CUST_000294,2024-03-14,Startup,Technology,France,Business,399,1,2,2,71,30,,0.0
CUST_000295,2022-01-21,Mid-Market,Retail,Other,Basic,49,12,38,6,32,63,,0.0
CUST_000296,2020-05-23,Small Business,Manufacturing,USA,Basic,49,24,3,2,80,96,,0.0
CUST_000297,2021-08-31,Small Business,Technology,USA,Business,399,12,6,3,25,46,,0.0
CUST_000298,2023-05-09,Small Business,Education,USA,Basic,49,1,9,2,99,-35,,0.0
CUST_000299,2023-02-21,Mid-Market,Technology,USA,Business,399,12,31,0,38,42,,0.0
CUST_000300,2020-07-05,Small Business,Finance,UK,Enterprise,999,12,2,3,100,61,,0.0
CUST_000301,2023-09-11,Startup,Healthcare,Germany,Professional,149,12,3,2,66,8,,0.0
CUST_000302,2021-04-08,Enterprise,Manufacturing,Canada,Business,399,1,315,0,82,17,,0.0
CUST_000303,2023-10-04,Startup,Healthcare,USA,Professional,149,24,4,6,75,66,,0.0
CUST_000304,2024-11-29,Enterprise,Education,Germany,Business,399,12,110,2,84,23,,0.0
CUST_000305,2021-10-21,Small Business,Retail,Germany,Business,399,12,4,0,25,33,,0.0
CUST_000306,2022-02-02,Enterprise,Education,Other,Basic,49,12,60,0,52,15,,0.0
CUST_000307,2022-08-12,Enterprise,Other,USA,Professional,149,1,65,3,73,74,,0.0
CUST_000308,2021-02-06,Startup,Manufacturing,Germany,Professional,149,1,3,2,66,-30,,0.0
CUST_000309,2023-10-01,Small Business,Other,Other,Basic,49,1,9,2,56,19,,0.0
CUST_000310,2024-03-14,Small Business,Technology,UK,Enterprise,999,12,6,4,68,10,,0.0
CUST_000311,2020-05-26,Mid-Market,Healthcare,USA,Professional,149,12,10,4,60,6,,0.0
CUST_000312,2023-03-17,Small Business,Technology,USA,Professional,149,24,7,1,100,-16,,0.0
CUST_000313,2022-05-13,Small Business,Healthcare,Australia,Basic,49,1,9,1,91,82,,0.0
CUST_000314,2024-09-30,Small Business,Education,USA,Professional,149,36,5,2,94,15,,0.0
CUST_000315,2021-05-03,Mid-Market,Technology,Other,Business,399,1,40,3,100,1,,0.0
CUST_000316,2022-07-17,Startup,Finance,Australia,Professional,149,12,4,5,74,61,,0.0
CUST_000317,2024-07-21,Small Business,Retail,USA,Business,399,1,4,4,46,29,,0.0
CUST_000318,2021-07-04,Small Business,Retail,Canada,Business,399,12,4,1,59,-39,,0.0
CUST_000319,2020-12-03,Mid-Market,Finance,USA,Basic,49,24,13,1,72,-47,,0.0
CUST_000320,2022-05-21,Startup,Education,USA,Professional,149,36,4,3,68,24,,0.0
CUST_000321,2021-10-02,Small Business,Technology,Germany,Basic,49,12,5,2,38,51,2022-07-28,1.0
CUST_000322,2024-12-07,Small Business,Healthcare,Germany,Basic,49,1,4,1,72,26,,0.0
CUST_000323,2021-04-17,Mid-Market,Retail,USA,Basic,49,24,40,2,42,-27,2022-06-07,1.0
CUST_000324,2020-05-30,Startup,Manufacturing,France,Enterprise,999,24,2,3,100,67,,0.0
CUST_000325,2023-12-09,Mid-Market,Finance,USA,Enterprise,999,36,44,3,80,-1,,0.0
CUST_000326,2023-08-14,Startup,Real Estate,UK,Basic,49,1,1,4,61,100,,0.0
CUST_000327,2024-06-22,Small Business,Finance,UK,Basic,49,24,8,0,66,23,,0.0
CUST_000328,2020-09-19,Mid-Market,Finance,USA,Basic,49,1,12,1,99,49,,0.0
CUST_000329,2024-11-22,Startup,Technology,Other,Business,399,12,2,1,35,74,,0.0
CUST_000330,2020-05-23,Mid-Market,Retail,Germany,Professional,149,1,35,1,55,40,2021-10-17,1.0
CUST_000331,2020-12-11,Startup,Manufacturing,UK,Professional,149,12,3,0,75,27,,0.0
CUST_000332,2021-09-15,Startup,Technology,UK,Professional,149,12,1,4,23,59,,0.0
CUST_000333,2022-10-13,Startup,Healthcare,USA,Business,399,1,2,0,62,17,,0.0
CUST_000334,2024-05-14,Enterprise,Education,USA,Basic,49,12,182,0,56,37,2024-09-21,1.0
CUST_000335,2022-05-30,Startup,Healthcare,Germany,Basic,49,12,2,3,100,22,,0.0
CUST_000336,2020-01-02,Small Business,Technology,Other,Basic,49,1,7,3,62,31,,0.0
CUST_000337,2022-06-15,Startup,Manufacturing,France,Professional,149,1,4,0,44,63,2023-01-06,1.0
CUST_000338,2023-08-20,Small Business,Technology,USA,Enterprise,999,12,4,1,47,-18,,0.0
CUST_000339,2020-09-10,Startup,Real Estate,UK,Basic,49,24,3,2,11,11,2021-06-04,1.0
CUST_000340,2024-08-02,Small Business,Technology,USA,Basic,49,12,8,1,98,9,,0.0
CUST_000341,2021-03-28,Small Business,Manufacturing,USA,Enterprise,999,12,4,1,67,69,,0.0
CUST_000342,2022-11-26,Mid-Market,Finance,UK,Basic,49,36,45,2,61,24,,0.0
CUST_000343,2023-03-29,Startup,Real Estate,UK,Basic,49,1,4,1,83,-7,,0.0
CUST_000344,2022-10-11,Small Business,Technology,USA,Business,399,24,6,0,75,-48,2023-10-05,1.0
CUST_000345,2020-01-09,Small Business,Manufacturing,Canada,Business,399,12,9,1,65,75,,0.0
CUST_000346,2023-06-10,Startup,Retail,Germany,Professional,149,36,2,4,44,29,,0.0
CUST_000347,2023-01-27,Small Business,Finance,USA,Business,399,12,6,4,54,22,,0.0
CUST_000348,2024-08-09,Mid-Market,Finance,France,Business,399,24,34,0,67,26,,0.0
CUST_000349,2022-03-26,Small Business,Manufacturing,USA,Basic,49,1,8,3,78,74,,0.0
CUST_000350,2020-07-26,Small Business,Other,UK,Business,399,36,2,2,38,47,,0.0
CUST_000351,2023-02-28,Small Business,Technology,France,Professional,149,12,4,4,63,-45,,0.0
CUST_000352,2021-02-07,Enterprise,Technology,UK,Enterprise,999,12,146,0,90,53,,0.0
CUST_000353,2020-05-31,Mid-Market,Education,Other,Enterprise,999,1,13,1,40,-41,,0.0
CUST_000354,2020-02-23,Mid-Market,Technology,USA,Professional,149,36,26,1,79,58,,0.0
CUST_000355,2023-02-17,Small Business,Other,Canada,Professional,149,12,7,2,38,11,2024-01-03,1.0
CUST_000356,2024-08-23,Enterprise,Retail,Canada,Basic,49,1,137,0,54,59,,0.0
CUST_000357,2021-09-19,Small Business,Retail,Germany,Basic,49,1,8,2,25,62,2023-07-02,1.0
CUST_000358,2021-08-09,Startup,Technology,Australia,Professional,149,12,4,2,71,4,,0.0
CUST_000359,2024-07-06,Mid-Market,Technology,Germany,Business,399,1,14,4,49,29,,0.0
CUST_000360,2023-12-14,Small Business,Retail,France,Professional,149,12,8,1,25,39,,0.0
CUST_000361,2023-12-16,Startup,Real Estate,USA,Professional,149,36,4,1,67,1,,0.0
CUST_000362,2020-04-13,Startup,Other,USA,Business,399,12,3,3,86,0,,0.0
CUST_000363,2020-09-10,Small Business,Technology,Canada,Business,399,36,9,0,73,48,2021-11-03,1.0
CUST_000364,2023-06-04,Small Business,Technology,Canada,Business,399,12,6,0,72,81,,0.0
CUST_000365,2023-02-09,Startup,Technology,Other,Basic,49,24,1,1,80,-16,,0.0
CUST_000366,2021-05-24,Small Business,Real Estate,USA,Business,399,12,3,3,50,50,,0.0
CUST_000367,2024-02-05,Startup,Healthcare,USA,Enterprise,999,12,2,2,67,20,,0.0
CUST_000368,2020-04-08,Enterprise,Technology,Canada,Basic,49,12,80,4,100,57,2021-12-20,1.0
CUST_000369,2020-06-01,Startup,Technology,Australia,Professional,149,12,2,7,67,48,,0.0
CUST_000370,2022-07-02,Small Business,Healthcare,Other,Enterprise,999,36,9,2,48,42,,0.0
CUST_000371,2022-05-27,Small Business,Other,USA,Professional,149,12,3,0,71,-27,,0.0
CUST_000372,2020-12-03,Mid-Market,Finance,USA,Professional,149,24,33,2,57,100,,0.0
CUST_000373,2024-09-25,Small Business,Technology,UK,Basic,49,12,9,1,64,26,,0.0
CUST_000374,2022-04-01,Enterprise,Healthcare,USA,Professional,149,12,365,4,79,18,,0.0
CUST_000375,2023-04-01,Startup,Healthcare,Other,Professional,149,12,1,1,54,57,,0.0
CUST_000376,2024-10-09,Startup,Technology,UK,Basic,49,12,1,0,7,-43,,0.0
CUST_000377,2022-08-14,Mid-Market,Technology,USA,Professional,149,1,39,2,61,61,,0.0
CUST_000378,2024-08-31,Startup,Manufacturing,USA,Basic,49,24,3,1,74,69,,0.0
CUST_000379,2020-06-09,Startup,Technology,USA,Business,399,36,3,1,99,-19,,0.0
CUST_000380,2024-05-22,Small Business,Technology,France,Enterprise,999,1,6,1,86,46,,0.0
CUST_000381,2022-03-11,Small Business,Healthcare,USA,Professional,149,36,3,2,58,27,,0.0
CUST_000382,2021-02-01,Mid-Market,Manufacturing,USA,Professional,149,1,15,1,74,45,,0.0
CUST_000383,2023-07-24,Mid-Market,Retail,Other,Professional,149,12,14,0,60,-29,,0.0
CUST_000384,2022-03-26,Mid-Market,Manufacturing,USA,Basic,49,12,38,3,82,79,,0.0
CUST_000385,2024-03-07,Startup,Retail,Germany,Enterprise,999,1,3,3,61,58,,0.0
CUST_000386,2023-11-16,Enterprise,Manufacturing,USA,Basic,49,1,420,0,80,-11,,0.0
CUST_000387,2023-03-04,Startup,Technology,Canada,Basic,49,12,2,5,98,10,,0.0
CUST_000388,2023-05-03,Mid-Market,Other,USA,Professional,149,1,21,1,100,70,,0.0
CUST_000389,2021-02-04,Small Business,Technology,USA,Business,399,1,4,3,35,44,2021-05-18,1.0
CUST_000390,2021-10-01,Startup,Finance,UK,Professional,149,1,2,2,29,3,,0.0
CUST_000391,2022-11-22,Startup,Education,USA,Basic,49,1,4,0,46,38,,0.0
CUST_000392,2021-11-18,Mid-Market,Finance,UK,Business,399,1,36,2,63,14,,0.0
CUST_000393,2021-04-04,Small Business,Other,USA,Professional,149,12,8,1,54,-18,,0.0
CUST_000394,2022-08-12,Small Business,Finance,Germany,Basic,49,24,8,1,89,20,,0.0
CUST_000395,2021-04-14,Enterprise,Real Estate,Other,Professional,149,1,56,1,49,49,,0.0
CUST_000396,2023-10-30,Mid-Market,Education,USA,Basic,49,1,26,3,42,3,,0.0
CUST_000397,2022-11-11,Small Business,Other,USA,Professional,149,24,5,2,91,50,,0.0
CUST_000398,2022-01-19,Small Business,Real Estate,Australia,Business,399,1,6,3,75,66,,0.0
CUST_000399,2024-08-20,Small Business,Real Estate,Canada,Business,399,24,5,4,70,59,,0.0
CUST_000400,2020-02-07,Small Business,Manufacturing,USA,Basic,49,1,8,1,42,48,,0.0
CUST_000401,2020-08-17,Small Business,Healthcare,UK,Basic,49,1,3,0,86,-18,,0.0
CUST_000402,2023-10-20,Small Business,Technology,USA,Basic,49,1,4,6,60,19,,0.0
CUST_000403,2021-07-16,Small Business,Manufacturing,USA,Basic,49,1,6,2,67,37,,0.0
CUST_000404,2021-03-13,Startup,Other,Other,Basic,49,24,2,3,71,27,,0.0
CUST_000405,2024-12-04,Small Business,Manufacturing,France,Basic,49,1,2,0,92,61,,0.0
CUST_000406,2023-07-30,Startup,Real Estate,Germany,Basic,49,36,2,2,73,26,,0.0
CUST_000407,2020-01-27,Mid-Market,Education,USA,Professional,149,12,28,4,51,71,,0.0
CUST_000408,2020-08-13,Small Business,Technology,USA,Professional,149,36,5,3,64,65,,0.0
CUST_000409,2023-07-24,Mid-Market,Technology,Australia,Basic,49,1,12,2,78,10,,0.0
CUST_000410,2022-03-08,Small Business,Healthcare,USA,Professional,149,1,8,2,98,-16,,0.0
CUST_000411,2024-06-20,Small Business,Technology,USA,Basic,49,12,2,1,56,63,,0.0
CUST_000412,2020-10-10,Startup,Retail,USA,Business,399,1,2,1,55,80,,0.0
CUST_000413,2022-05-28,Mid-Market,Other,Canada,Professional,149,24,24,0,80,16,,0.0
CUST_000414,2022-08-17,Small Business,Manufacturing,USA,Basic,49,12,6,4,47,47,2024-01-21,1.0
CUST_000415,2024-02-13,Small Business,Finance,USA,Basic,49,12,2,1,52,67,,0.0
CUST_000416,2021-03-28,Mid-Market,Technology,Australia,Basic,49,1,32,2,65,-27,2022-04-07,1.0
CUST_000417,2022-10-16,Mid-Market,Healthcare,Canada,Business,399,12,45,1,73,90,,0.0
CUST_000418,2022-03-26,Mid-Market,Finance,USA,Enterprise,999,12,25,1,85,15,,0.0
CUST_000419,2021-10-20,Mid-Market,Healthcare,Germany,Basic,49,24,13,1,68,93,,0.0
CUST_000420,2024-03-19,Mid-Market,Technology,USA,Business,399,1,17,3,66,60,,0.0
CUST_000421,2021-06-30,Mid-Market,Finance,UK,Basic,49,36,45,0,76,43,,0.0
CUST_000422,2023-04-30,Mid-Market,Healthcare,Canada,Basic,49,36,19,3,34,97,,0.0
CUST_000423,2022-12-08,Small Business,Real Estate,USA,Basic,49,24,5,2,66,43,,0.0
CUST_000424,2024-03-15,Small Business,Technology,USA,Business,399,12,6,2,97,80,,0.0
CUST_000425,2020-01-17,Startup,Technology,Germany,Professional,149,12,1,1,80,60,,0.0
CUST_000426,2023-04-10,Small Business,Technology,Other,Enterprise,999,1,6,2,64,11,,0.0
CUST_000427,2023-05-28,Startup,Healthcare,UK,Professional,149,36,4,4,79,-11,,0.0
CUST_000428,2020-06-06,Startup,Retail,USA,Basic,49,36,1,2,40,85,,0.0
CUST_000429,2021-04-21,Small Business,Manufacturing,USA,Business,399,1,2,2,73,35,,0.0
CUST_000430,2022-12-05,Small Business,Finance,USA,Enterprise,999,12,8,2,64,56,2023-09-22,1.0
CUST_000431,2023-10-28,Startup,Manufacturing,USA,Business,399,24,2,2,67,48,,0.0
CUST_000432,2021-06-01,Mid-Market,Healthcare,UK,Business,399,1,13,1,57,50,,0.0
CUST_000433,2020-04-08,Mid-Market,Retail,Canada,Basic,49,1,40,2,93,60,2021-11-03,1.0
CUST_000434,2024-11-03,Small Business,Technology,USA,Basic,49,36,3,3,55,28,,0.0
CUST_000435,2022-11-26,Small Business,Healthcare,USA,Basic,49,24,3,4,43,89,,0.0
CUST_000436,2020-10-06,Enterprise,Education,UK,Professional,149,36,354,1,35,78,,0.0
CUST_000437,2023-10-04,Startup,Education,USA,Enterprise,999,1,4,1,21,12,,0.0
CUST_000438,2021-05-11,Small Business,Manufacturing,Other,Business,399,1,7,2,69,12,,0.0
CUST_000439,2020-10-28,Small Business,Technology,UK,Business,399,12,9,1,49,-13,,0.0
CUST_000440,2020-06-29,Startup,Technology,Australia,Basic,49,12,4,2,38,100,,0.0
CUST_000441,2021-08-29,Small Business,Other,Australia,Business,399,1,3,2,59,18,,0.0
CUST_000442,2023-01-27,Startup,Technology,Australia,Business,399,24,4,3,78,51,,0.0
CUST_000443,2021-11-30,Small Business,Technology,USA,Professional,149,36,6,2,63,12,,0.0
CUST_000444,2022-09-19,Mid-Market,Technology,Other,Professional,149,1,10,2,67,46,,0.0
CUST_000445,2023-02-13,Startup,Healthcare,USA,Business,399,1,1,1,88,62,,0.0
CUST_000446,2020-07-09,Small Business,Technology,USA,Professional,149,1,3,2,81,78,,0.0
CUST_000447,2020-09-09,Startup,Finance,UK,Enterprise,999,12,3,5,67,70,,0.0
CUST_000448,2022-09-07,Startup,Finance,USA,Professional,149,1,1,0,45,-27,,0.0
CUST_000449,2022-07-16,Startup,Real Estate,USA,Basic,49,12,3,1,54,59,,0.0
CUST_000450,2023-03-30,Small Business,Technology,USA,Professional,149,12,9,3,65,100,,0.0
CUST_000451,2023-07-03,Startup,Healthcare,USA,Basic,49,24,1,3,79,17,,0.0
CUST_000452,2023-09-08,Small Business,Retail,Germany,Professional,149,1,4,1,71,81,,0.0
CUST_000453,2020-05-07,Small Business,Retail,USA,Basic,49,12,4,1,52,-8,2021-02-07,1.0
CUST_000454,2020-01-18,Startup,Finance,UK,Enterprise,999,24,4,2,73,52,,0.0
CUST_000455,2024-12-21,Mid-Market,Education,Other,Business,399,12,36,3,99,30,,0.0
CUST_000456,2024-10-24,Small Business,Technology,UK,Basic,49,36,8,0,70,-45,,0.0
CUST_000457,2021-07-19,Startup,Education,Canada,Basic,49,12,4,4,77,8,2022-10-07,1.0
CUST_000458,2021-07-23,Small Business,Finance,Other,Professional,149,36,9,1,58,71,,0.0
CUST_000459,2023-09-08,Small Business,Technology,USA,Business,399,1,4,4,61,52,,0.0
CUST_000460,2021-11-16,Startup,Real Estate,UK,Basic,49,12,3,1,31,27,,0.0
CUST_000461,2024-12-20,Small Business,Retail,Australia,Basic,49,12,2,5,67,62,,0.0
CUST_000462,2021-09-17,Startup,Technology,Other,Professional,149,36,4,0,9,-29,,0.0
CUST_000463,2023-08-04,Mid-Market,Technology,Canada,Business,399,1,47,3,34,22,,0.0
CUST_000464,2022-05-03,Mid-Market,Technology,USA,Basic,49,1,29,0,71,-4,,0.0
CUST_000465,2024-08-13,Mid-Market,Retail,Other,Business,399,12,23,5,45,-40,,0.0
CUST_000466,2022-08-19,Small Business,Technology,USA,Enterprise,999,1,7,1,25,65,,0.0
CUST_000467,2024-07-20,Small Business,Technology,USA,Basic,49,12,3,2,66,48,,0.0
CUST_000468,2020-06-03,Startup,Technology,USA,Professional,149,36,4,1,34,18,,0.0
CUST_000469,2021-05-04,Small Business,Manufacturing,UK,Basic,49,36,4,0,86,10,,0.0
CUST_000470,2023-11-10,Small Business,Education,France,Basic,49,1,6,2,74,-26,,0.0
CUST_000471,2022-02-23,Enterprise,Education,France,Basic,49,1,294,5,100,23,,0.0
CUST_000472,2023-02-01,Small Business,Technology,Germany,Professional,149,12,4,1,72,54,,0.0
CUST_000473,2023-11-17,Small Business,Real Estate,USA,Business,399,12,8,2,100,6,,0.0
CUST_000474,2020-09-02,Enterprise,Manufacturing,Canada,Professional,149,12,391,1,45,77,,0.0
CUST_000475,2023-04-14,Mid-Market,Real Estate,Germany,Basic,49,24,34,2,52,-29,,0.0
CUST_000476,2022-11-28,Mid-Market,Finance,UK,Basic,49,12,22,2,70,-50,,0.0
CUST_000477,2024-02-09,Enterprise,Finance,Other,Professional,149,1,187,1,62,32,,0.0
CUST_000478,2024-09-01,Small Business,Education,France,Basic,49,24,9,0,67,55,,0.0
CUST_000479,2022-01-28,Mid-Market,Technology,Canada,Basic,49,1,33,2,64,50,,0.0
CUST_000480,2021-06-21,Small Business,Finance,USA,Professional,149,1,8,1,60,-22,,0.0
CUST_000481,2022-07-09,Startup,Education,Germany,Enterprise,999,24,4,4,46,21,,0.0
CUST_000482,2021-02-11,Small Business,Education,Other,Basic,49,12,5,1,50,42,2022-07-25,1.0
CUST_000483,2021-06-08,Startup,Other,USA,Business,399,12,1,1,47,62,,0.0
CUST_000484,2022-04-07,Small Business,Manufacturing,Australia,Basic,49,12,2,1,45,-44,,0.0
CUST_000485,2024-03-09,Small Business,Technology,USA,Professional,149,1,3,4,66,29,,0.0
CUST_000486,2022-06-21,Startup,Technology,Canada,Professional,149,12,2,0,50,42,,0.0
CUST_000487,2020-02-05,Mid-Market,Finance,Canada,Business,399,12,31,0,54,-11,2020-05-25,1.0
CUST_000488,2021-11-15,Startup,Finance,Germany,Professional,149,1,3,3,93,39,,0.0
CUST_000489,2020-01-20,Enterprise,Technology,Australia,Professional,149,12,412,0,74,0,,0.0
CUST_000490,2020-11-16,Small Business,Technology,USA,Basic,49,24,4,5,81,58,,0.0
CUST_000491,2024-12-04,Enterprise,Retail,USA,Basic,49,12,437,2,87,78,,0.0
CUST_000492,2021-05-26,Small Business,Manufacturing,Germany,Professional,149,24,6,1,97,-9,,0.0
CUST_000493,2021-02-03,Small Business,Other,USA,Business,399,24,2,2,64,-9,,0.0
CUST_000494,2021-10-15,Small Business,Manufacturing,UK,Professional,149,24,8,2,70,76,,0.0
CUST_000495,2022-08-29,Small Business,Education,USA,Business,399,12,6,2,54,45,2023-02-15,1.0
CUST_000496,2021-04-15,Small Business,Retail,USA,Basic,49,12,9,2,48,48,,0.0
CUST_000497,2023-03-12,Enterprise,Other,Germany,Professional,149,12,173,2,35,-16,,0.0
CUST_000498,2023-01-20,Mid-Market,Retail,Germany,Basic,49,24,31,1,44,46,,0.0
CUST_000499,2023-10-09,Startup,Real Estate,USA,Basic,49,1,1,2,54,32,2024-04-08,1.0
CUST_000500,2022-04-13,Small Business,Other,USA,Professional,149,24,2,2,68,66,,0.0
CUST_000501,2024-12-28,Startup,Real Estate,USA,Business,399,12,1,1,42,56,,0.0
CUST_000502,2021-12-27,Startup,Healthcare,UK,Professional,149,1,2,1,45,22,2022-12-26,1.0
CUST_000503,2022-05-03,Small Business,Technology,USA,Business,399,12,5,0,23,3,,0.0
CUST_000504,2020-02-20,Small Business,Technology,UK,Business,399,1,9,1,51,60,2020-05-24,1.0
CUST_000505,2024-08-15,Enterprise,Technology,Germany,Basic,49,1,174,1,66,48,,0.0
CUST_000506,2024-09-17,Mid-Market,Technology,Germany,Business,399,24,32,3,66,-33,,0.0
CUST_000507,2021-07-28,Enterprise,Technology,USA,Basic,49,12,370,3,58,-4,,0.0
CUST_000508,2023-04-28,Small Business,Healthcare,Germany,Basic,49,12,4,0,60,64,2023-10-03,1.0
CUST_000509,2023-02-22,Small Business,Finance,Other,Basic,49,1,6,4,65,-42,2024-05-21,1.0
CUST_000510,2020-05-29,Small Business,Manufacturing,USA,Basic,49,12,9,4,89,-7,,0.0
CUST_000511,2020-11-09,Small Business,Technology,USA,Business,399,1,6,0,57,72,,0.0
CUST_000512,2021-07-23,Small Business,Manufacturing,Canada,Business,399,24,8,1,62,-6,2022-12-20,1.0
CUST_000513,2023-09-27,Small Business,Manufacturing,USA,Basic,49,24,5,2,39,-36,,0.0
CUST_000514,2020-10-31,Startup,Retail,Germany,Basic,49,24,1,1,74,0,,0.0
CUST_000515,2024-09-11,Enterprise,Real Estate,Australia,Basic,49,1,144,0,63,1,,0.0
CUST_000516,2021-11-12,Mid-Market,Technology,UK,Business,399,12,36,2,54,7,,0.0
CUST_000517,2022-04-17,Small Business,Technology,Germany,Professional,149,24,7,1,41,16,,0.0
CUST_000518,2024-12-11,Small Business,Finance,Germany,Professional,149,1,7,3,71,46,,0.0
CUST_000519,2022-12-13,Small Business,Technology,USA,Business,399,1,7,3,43,83,,0.0
CUST_000520,2022-09-29,Mid-Market,Retail,USA,Professional,149,24,44,0,75,-17,,0.0
CUST_000521,2021-03-19,Small Business,Healthcare,Australia,Enterprise,999,24,7,3,100,-11,,0.0
CUST_000522,2021-09-04,Mid-Market,Healthcare,Other,Basic,49,12,25,3,88,65,,0.0
CUST_000523,2022-09-19,Mid-Market,Technology,France,Enterprise,999,1,30,2,65,93,,0.0
CUST_000524,2020-09-20,Small Business,Healthcare,Other,Basic,49,12,3,3,77,-26,2021-10-12,1.0
CUST_000525,2022-12-12,Small Business,Retail,USA,Basic,49,12,7,3,51,36,,0.0
CUST_000526,2024-05-14,Startup,Retail,USA,Business,399,12,4,1,38,50,,0.0
CUST_000527,2022-09-30,Startup,Technology,USA,Business,399,12,1,3,67,25,,0.0
CUST_000528,2024-07-01,Small Business,Technology,USA,Business,399,12,7,2,52,-36,,0.0
CUST_000529,2020-01-05,Startup,Technology,France,Basic,49,24,2,1,37,93,2021-06-11,1.0
CUST_000530,2023-01-31,Mid-Market,Technology,Other,Enterprise,999,24,14,3,30,-67,2024-05-17,1.0
CUST_000531,2023-05-04,Small Business,Real Estate,France,Basic,49,12,9,2,59,-60,,0.0
CUST_000532,2022-02-12,Small Business,Technology,Canada,Basic,49,1,5,6,84,42,,0.0
CUST_000533,2022-05-26,Small Business,Manufacturing,USA,Basic,49,12,5,4,61,15,,0.0
CUST_000534,2022-09-18,Small Business,Real Estate,USA,Business,399,1,3,2,60,62,,0.0
CUST_000535,2022-06-02,Mid-Market,Technology,USA,Business,399,12,20,2,63,-37,,0.0
CUST_000536,2023-10-05,Small Business,Finance,Germany,Professional,149,36,5,1,45,38,2024-04-25,1.0
CUST_000537,2020-02-16,Startup,Other,UK,Basic,49,12,4,8,56,100,,0.0
CUST_000538,2022-05-16,Startup,Education,Other,Basic,49,1,3,2,90,3,,0.0
CUST_000539,2022-04-02,Small Business,Finance,Australia,Basic,49,1,5,2,95,58,,0.0
CUST_000540,2022-07-24,Small Business,Manufacturing,USA,Professional,149,1,9,0,85,54,,0.0
CUST_000541,2021-10-17,Small Business,Education,USA,Business,399,1,9,1,80,20,,0.0
CUST_000542,2020-09-25,Small Business,Healthcare,Germany,Professional,149,12,4,4,95,98,,0.0
CUST_000543,2021-01-04,Mid-Market,Real Estate,USA,Enterprise,999,12,13,3,43,31,,0.0
CUST_000544,2021-09-27,Small Business,Finance,France,Basic,49,1,8,5,100,7,,0.0
CUST_000545,2023-02-03,Small Business,Finance,Canada,Basic,49,1,8,3,23,32,2023-05-19,1.0
CUST_000546,2024-08-20,Startup,Other,USA,Professional,149,12,3,6,58,-64,,0.0
CUST_000547,2024-08-09,Small Business,Education,UK,Business,399,12,4,0,0,-46,,0.0
CUST_000548,2021-10-18,Small Business,Healthcare,UK,Professional,149,24,8,2,80,27,,0.0
CUST_000549,2020-04-29,Small Business,Technology,Australia,Enterprise,999,1,9,2,41,51,,0.0
CUST_000550,2022-04-10,Small Business,Retail,USA,Professional,149,24,5,1,43,-14,2023-01-01,1.0
CUST_000551,2024-12-15,Small Business,Manufacturing,Australia,Basic,49,12,7,2,92,-43,,0.0
CUST_000552,2024-06-15,Mid-Market,Retail,Germany,Basic,49,1,30,4,60,4,,0.0
CUST_000553,2022-12-17,Small Business,Other,Germany,Business,399,1,3,3,77,22,,0.0
CUST_000554,2023-10-01,Startup,Real Estate,USA,Business,399,12,2,3,55,100,2024-11-25,1.0
CUST_000555,2022-01-10,Small Business,Finance,Canada,Basic,49,12,2,1,46,48,,0.0
CUST_000556,2024-02-06,Mid-Market,Technology,Canada,Basic,49,1,21,2,82,54,,0.0
CUST_000557,2020-04-26,Small Business,Finance,UK,Professional,149,24,4,2,68,95,2021-09-23,1.0
CUST_000558,2022-03-01,Startup,Manufacturing,France,Professional,149,1,1,2,69,100,,0.0
CUST_000559,2023-02-24,Enterprise,Retail,Canada,Basic,49,12,239,0,53,64,,0.0
CUST_000560,2023-11-17,Startup,Finance,Australia,Professional,149,12,2,3,61,64,,0.0
CUST_000561,2022-10-09,Startup,Finance,USA,Basic,49,12,3,3,53,0,,0.0
CUST_000562,2024-07-22,Small Business,Healthcare,France,Enterprise,999,24,9,1,80,17,,0.0
CUST_000563,2022-12-17,Startup,Healthcare,USA,Basic,49,36,2,3,65,1,,0.0
CUST_000564,2021-09-25,Startup,Finance,France,Business,399,1,4,0,77,58,,0.0
CUST_000565,2021-05-27,Startup,Technology,Other,Professional,149,12,1,4,58,50,,0.0
CUST_000566,2024-11-09,Small Business,Healthcare,USA,Basic,49,24,3,1,100,80,,0.0
CUST_000567,2022-03-12,Mid-Market,Healthcare,UK,Professional,149,12,19,3,63,68,,0.0
CUST_000568,2023-01-24,Mid-Market,Retail,Germany,Basic,49,12,39,1,72,14,,0.0
CUST_000569,2024-07-19,Small Business,Technology,USA,Business,399,36,7,1,76,47,,0.0
CUST_000570,2023-02-15,Mid-Market,Education,UK,Professional,149,12,21,3,48,100,,0.0
CUST_000571,2021-07-13,Small Business,Retail,USA,Basic,49,1,3,0,58,25,,0.0
CUST_000572,2024-06-12,Startup,Manufacturing,Australia,Basic,49,24,2,2,76,34,,0.0
CUST_000573,2021-05-02,Startup,Manufacturing,Australia,Business,399,36,4,1,34,20,,0.0
CUST_000574,2023-06-14,Small Business,Healthcare,Germany,Basic,49,24,5,4,73,37,,0.0
CUST_000575,2022-06-15,Startup,Finance,Germany,Professional,149,12,2,5,36,41,2024-01-03,1.0
CUST_000576,2023-07-19,Startup,Other,Germany,Basic,49,36,2,2,35,69,,0.0
CUST_000577,2023-04-27,Small Business,Manufacturing,USA,Enterprise,999,36,9,1,42,8,,0.0
CUST_000578,2021-12-04,Mid-Market,Other,UK,Professional,149,36,26,0,74,40,,0.0
CUST_000579,2024-01-10,Small Business,Manufacturing,Canada,Business,399,12,3,2,100,-19,,0.0
CUST_000580,2021-08-03,Small Business,Technology,Other,Basic,49,24,8,0,39,-16,,0.0
CUST_000581,2022-02-28,Small Business,Technology,Germany,Basic,49,12,2,2,66,69,,0.0
CUST_000582,2022-05-10,Small Business,Retail,Canada,Basic,49,1,4,1,84,-27,,0.0
CUST_000583,2020-09-03,Enterprise,Healthcare,France,Basic,49,12,66,2,75,51,,0.0
CUST_000584,2023-01-04,Small Business,Healthcare,USA,Business,399,24,3,1,51,-4,,0.0
CUST_000585,2020-06-02,Startup,Education,Germany,Professional,149,24,2,5,78,-21,,0.0
CUST_000586,2024-08-06,Small Business,Healthcare,UK,Professional,149,24,3,6,54,47,,0.0
CUST_000587,2023-12-29,Startup,Healthcare,USA,Business,399,1,4,2,62,100,,0.0
CUST_000588,2022-09-23,Startup,Education,Canada,Basic,49,12,3,5,47,48,,0.0
CUST_000589,2023-01-14,Startup,Education,Germany,Basic,49,12,1,4,86,13,2024-05-29,1.0
CUST_000590,2021-11-27,Startup,Healthcare,UK,Business,399,24,3,2,70,3,,0.0
CUST_000591,2023-08-01,Startup,Education,Canada,Professional,149,1,1,0,59,-5,,0.0
CUST_000592,2023-05-28,Small Business,Real Estate,Germany,Professional,149,24,2,4,71,21,,0.0
CUST_000593,2022-12-28,Enterprise,Finance,France,Basic,49,12,271,3,66,65,2024-06-24,1.0
CUST_000594,2022-12-06,Small Business,Technology,Australia,Professional,149,36,2,1,71,34,,0.0
CUST_000595,2022-10-05,Small Business,Technology,USA,Basic,49,12,9,2,80,22,,0.0
CUST_000596,2020-04-03,Mid-Market,Finance,Other,Business,399,12,26,2,71,-35,,0.0
CUST_000597,2024-11-08,Mid-Market,Healthcare,Canada,Professional,149,36,43,1,48,-21,,0.0
CUST_000598,2022-08-15,Startup,Other,France,Basic,49,24,4,2,30,-12,,0.0
CUST_000599,2022-10-08,Startup,Education,Germany,Business,399,1,3,0,80,15,,0.0
CUST_000600,2021-03-28,Startup,Manufacturing,USA,Professional,149,1,3,2,53,26,2022-12-23,1.0
CUST_000601,2023-05-12,Small Business,Other,USA,Business,399,24,3,1,87,97,,0.0
CUST_000602,2022-06-30,Enterprise,Real Estate,Germany,Basic,49,12,107,2,35,38,2022-10-01,1.0
CUST_000603,2020-08-05,Enterprise,Healthcare,UK,Basic,49,24,436,2,46,13,,0.0
CUST_000604,2021-04-18,Mid-Market,Technology,Germany,Basic,49,12,49,3,62,63,2022-11-17,1.0
CUST_000605,2021-03-07,Enterprise,Manufacturing,UK,Basic,49,36,139,1,67,68,,0.0
CUST_000606,2020-12-06,Enterprise,Healthcare,USA,Business,399,12,124,2,83,34,,0.0
CUST_000607,2021-07-04,Startup,Finance,USA,Business,399,24,3,0,85,23,,0.0
CUST_000608,2024-06-23,Small Business,Retail,Germany,Professional,149,1,4,3,63,86,,0.0
CUST_000609,2023-08-05,Mid-Market,Real Estate,USA,Business,399,12,31,3,80,38,,0.0
CUST_000610,2023-07-01,Mid-Market,Finance,Germany,Basic,49,1,16,3,28,-18,,0.0
CUST_000611,2024-10-23,Small Business,Education,USA,Enterprise,999,24,5,6,58,16,,0.0
CUST_000612,2020-12-22,Enterprise,Healthcare,France,Enterprise,999,24,378,2,81,45,,0.0
CUST_000613,2020-01-23,Startup,Manufacturing,USA,Professional,149,1,1,2,66,14,,0.0
CUST_000614,2024-11-20,Small Business,Technology,USA,Basic,49,12,5,4,94,51,,0.0
CUST_000615,2021-06-05,Small Business,Real Estate,Germany,Business,399,24,3,6,46,-28,,0.0
CUST_000616,2024-11-16,Small Business,Technology,Canada,Basic,49,24,2,2,82,64,,0.0
CUST_000617,2023-01-28,Enterprise,Manufacturing,USA,Business,399,12,484,1,55,14,,0.0
CUST_000618,2022-03-12,Small Business,Technology,Other,Basic,49,36,2,1,74,7,,0.0
CUST_000619,2023-04-18,Small Business,Healthcare,USA,Professional,149,24,7,0,47,63,,0.0
CUST_000620,2023-05-31,Small Business,Finance,UK,Professional,149,12,9,2,67,27,,0.0
CUST_000621,2022-01-31,Mid-Market,Finance,USA,Basic,49,12,24,3,82,6,,0.0
CUST_000622,2024-08-09,Small Business,Technology,USA,Professional,149,12,9,1,80,24,,0.0
CUST_000623,2021-03-17,Small Business,Healthcare,UK,Basic,49,24,4,4,67,24,,0.0
CUST_000624,2024-06-19,Startup,Manufacturing,USA,Professional,149,12,2,2,81,9,,0.0
CUST_000625,2022-02-07,Small Business,Retail,France,Business,399,24,8,3,77,43,,0.0
CUST_000626,2022-10-12,Small Business,Technology,USA,Basic,49,1,5,0,59,26,2024-06-01,1.0
CUST_000627,2023-09-10,Small Business,Manufacturing,Germany,Business,399,36,7,4,68,63,,0.0
CUST_000628,2021-05-30,Small Business,Technology,USA,Basic,49,24,9,2,82,-34,,0.0
CUST_000629,2022-11-05,Small Business,Finance,USA,Business,399,12,7,2,100,32,,0.0
CUST_000630,2022-03-02,Small Business,Healthcare,USA,Enterprise,999,12,3,3,76,83,,0.0
CUST_000631,2020-12-01,Small Business,Retail,France,Basic,49,1,3,2,41,8,,0.0
CUST_000632,2024-11-17,Startup,Healthcare,Canada,Enterprise,999,24,1,1,73,21,,0.0
CUST_000633,2020-09-14,Small Business,Other,France,Professional,149,24,6,1,100,84,,0.0
CUST_000634,2021-05-11,Startup,Healthcare,UK,Basic,49,12,2,3,52,-63,,0.0
CUST_000635,2022-06-14,Small Business,Technology,France,Business,399,1,6,2,38,92,,0.0
CUST_000636,2020-06-08,Startup,Healthcare,Canada,Basic,49,1,1,2,75,51,,0.0
CUST_000637,2024-02-07,Startup,Real Estate,USA,Basic,49,12,2,1,66,30,,0.0
CUST_000638,2022-05-01,Small Business,Retail,USA,Professional,149,1,4,4,66,68,2022-12-04,1.0
CUST_000639,2024-08-14,Startup,Manufacturing,UK,Business,399,12,1,2,61,18,,0.0
CUST_000640,2021-11-20,Mid-Market,Real Estate,Canada,Business,399,1,21,6,53,-12,,0.0
CUST_000641,2024-08-25,Startup,Real Estate,USA,Basic,49,12,3,2,50,16,,0.0
CUST_000642,2021-01-14,Small Business,Manufacturing,Germany,Enterprise,999,12,4,4,70,15,,0.0
CUST_000643,2024-04-17,Enterprise,Technology,UK,Business,399,24,233,2,79,12,,0.0
CUST_000644,2022-08-14,Small Business,Education,UK,Enterprise,999,12,2,1,57,40,2023-11-01,1.0
CUST_000645,2021-11-21,Startup,Technology,USA,Basic,49,12,1,4,91,32,,0.0
CUST_000646,2023-12-21,Enterprise,Manufacturing,Canada,Business,399,1,342,2,65,38,,0.0
CUST_000647,2024-06-24,Small Business,Manufacturing,USA,Business,399,12,6,2,80,87,,0.0
CUST_000648,2023-07-15,Small Business,Manufacturing,USA,Professional,149,36,8,1,56,18,,0.0
CUST_000649,2024-05-19,Startup,Finance,Germany,Enterprise,999,1,3,2,67,86,,0.0
CUST_000650,2023-12-11,Small Business,Retail,USA,Basic,49,1,3,5,72,81,,0.0
CUST_000651,2023-04-06,Mid-Market,Other,USA,Basic,49,1,31,1,62,-52,,0.0
CUST_000652,2022-12-02,Enterprise,Technology,USA,Enterprise,999,12,443,1,41,-17,2023-07-16,1.0
CUST_000653,2024-04-28,Small Business,Healthcare,UK,Enterprise,999,12,4,2,90,-20,,0.0
CUST_000654,2020-10-11,Small Business,Retail,USA,Basic,49,1,9,2,62,93,,0.0
CUST_000655,2021-01-31,Startup,Other,USA,Basic,49,1,1,2,24,28,,0.0
CUST_000656,2020-01-12,Enterprise,Technology,UK,Business,399,24,67,4,55,13,2021-06-26,1.0
CUST_000657,2024-06-18,Small Business,Technology,UK,Enterprise,999,12,4,2,96,-21,,0.0
CUST_000658,2023-08-18,Enterprise,Technology,Other,Professional,149,12,121,3,89,70,,0.0
CUST_000659,2023-06-30,Mid-Market,Technology,USA,Professional,149,36,10,2,70,15,,0.0
CUST_000660,2021-05-13,Small Business,Real Estate,USA,Business,399,12,5,2,81,-54,,0.0
CUST_000661,2022-01-23,Small Business,Manufacturing,UK,Basic,49,24,3,1,93,97,,0.0
CUST_000662,2020-02-04,Small Business,Manufacturing,USA,Enterprise,999,36,4,2,67,28,,0.0
CUST_000663,2021-12-27,Startup,Finance,Australia,Professional,149,1,1,4,86,78,,0.0
CUST_000664,2022-04-28,Small Business,Education,Canada,Professional,149,12,5,0,49,29,,0.0
CUST_000665,2020-03-30,Startup,Technology,USA,Professional,149,12,4,0,43,9,2020-11-13,1.0
CUST_000666,2022-02-14,Startup,Healthcare,France,Professional,149,24,2,4,65,29,,0.0
CUST_000667,2021-08-27,Small Business,Finance,USA,Business,399,12,9,0,79,47,,0.0
CUST_000668,2022-08-27,Startup,Technology,Other,Enterprise,999,24,3,1,90,1,,0.0
CUST_000669,2024-06-13,Small Business,Finance,Australia,Business,399,36,5,0,63,-42,,0.0
CUST_000670,2022-10-18,Enterprise,Healthcare,Canada,Business,399,24,466,2,48,-60,,0.0
CUST_000671,2021-02-21,Small Business,Technology,USA,Basic,49,36,5,0,100,32,,0.0
CUST_000672,2020-04-24,Enterprise,Technology,USA,Business,399,24,450,1,61,44,2021-01-30,1.0
CUST_000673,2021-09-08,Small Business,Manufacturing,USA,Basic,49,36,6,2,44,23,,0.0
CUST_000674,2023-05-04,Small Business,Technology,USA,Basic,49,1,8,1,76,-9,,0.0
CUST_000675,2022-04-05,Enterprise,Other,UK,Basic,49,24,108,1,100,9,,0.0
CUST_000676,2024-03-04,Mid-Market,Technology,Other,Business,399,24,32,1,66,32,,0.0
CUST_000677,2024-07-07,Startup,Education,UK,Enterprise,999,12,4,4,66,42,,0.0
CUST_000678,2024-02-25,Small Business,Real Estate,Germany,Business,399,1,9,1,80,26,,0.0
CUST_000679,2023-01-03,Mid-Market,Other,Germany,Basic,49,12,13,1,83,2,,0.0
CUST_000680,2021-02-16,Small Business,Real Estate,Australia,Basic,49,1,6,3,41,83,2022-12-21,1.0
CUST_000681,2023-10-31,Small Business,Healthcare,USA,Professional,149,12,8,1,94,-5,,0.0
CUST_000682,2023-12-14,Small Business,Healthcare,UK,Basic,49,12,7,3,62,-9,,0.0
CUST_000683,2021-12-29,Startup,Finance,France,Professional,149,36,3,2,66,15,,0.0
CUST_000684,2023-07-24,Small Business,Technology,France,Business,399,1,7,1,42,77,,0.0
CUST_000685,2022-10-17,Small Business,Technology,Other,Enterprise,999,24,7,2,58,56,,0.0
CUST_000686,2022-01-30,Startup,Real Estate,Germany,Professional,149,1,2,2,93,27,,0.0
CUST_000687,2021-11-06,Startup,Retail,USA,Basic,49,12,4,2,87,-12,,0.0
CUST_000688,2023-11-18,Mid-Market,Retail,UK,Business,399,12,27,1,74,-5,,0.0
CUST_000689,2021-04-01,Mid-Market,Real Estate,USA,Business,399,12,44,2,15,18,,0.0
CUST_000690,2022-07-08,Mid-Market,Retail,Canada,Business,399,24,40,1,50,12,,0.0
CUST_000691,2020-07-10,Small Business,Manufacturing,Canada,Basic,49,24,5,0,73,10,,0.0
CUST_000692,2022-01-08,Small Business,Education,Germany,Professional,149,24,5,3,56,85,,0.0
CUST_000693,2024-09-08,Small Business,Technology,Other,Enterprise,999,12,7,3,78,100,,0.0
CUST_000694,2023-01-27,Startup,Healthcare,Germany,Basic,49,24,2,2,80,0,,0.0
CUST_000695,2024-04-20,Startup,Other,USA,Business,399,12,3,1,93,56,,0.0
CUST_000696,2022-09-04,Mid-Market,Real Estate,USA,Basic,49,1,10,2,28,66,,0.0
CUST_000697,2022-10-05,Mid-Market,Real Estate,Australia,Professional,149,24,25,3,57,9,,0.0
CUST_000698,2020-04-05,Small Business,Finance,USA,Business,399,24,2,1,49,-1,,0.0
CUST_000699,2024-08-14,Small Business,Real Estate,USA,Professional,149,12,6,5,53,-6,,0.0
CUST_000700,2021-10-24,Small Business,Technology,USA,Business,399,36,8,2,63,52,,0.0
CUST_000701,2023-04-28,Startup,Technology,UK,Professional,149,24,1,1,69,52,,0.0
CUST_000702,2024-10-25,Mid-Market,Finance,USA,Enterprise,999,12,32,3,78,73,,0.0
CUST_000703,2020-02-06,Small Business,Finance,Other,Professional,149,12,6,3,49,100,,0.0
CUST_000704,2024-12-08,Startup,Healthcare,Other,Basic,49,36,1,1,58,51,,0.0
CUST_000705,2023-10-24,Small Business,Healthcare,Other,Professional,149,24,3,6,67,34,,0.0
CUST_000706,2024-09-14,Mid-Market,Technology,USA,Business,399,12,10,2,66,-6,,0.0
CUST_000707,2024-03-28,Small Business,Finance,Other,Business,399,12,7,1,53,61,,0.0
CUST_000708,2020-10-05,Enterprise,Education,Other,Professional,149,12,379,0,52,-87,,0.0
CUST_000709,2020-08-04,Startup,Retail,Other,Professional,149,12,1,2,61,13,,0.0
CUST_000710,2022-05-16,Enterprise,Technology,Germany,Business,399,12,279,1,35,-52,2024-01-06,1.0
CUST_000711,2022-05-22,Small Business,Finance,Germany,Business,399,12,4,3,39,16,,0.0
CUST_000712,2024-12-26,Small Business,Manufacturing,USA,Business,399,12,7,3,61,62,,0.0
CUST_000713,2023-07-20,Startup,Finance,Australia,Business,399,36,1,4,66,99,2024-04-24,1.0
CUST_000714,2020-03-02,Mid-Market,Healthcare,USA,Professional,149,36,47,1,88,-65,,0.0
CUST_000715,2021-08-18,Mid-Market,Retail,USA,Basic,49,24,45,0,32,79,,0.0
CUST_000716,2021-12-29,Enterprise,Other,Other,Basic,49,36,197,3,73,18,,0.0
CUST_000717,2023-09-27,Mid-Market,Technology,UK,Enterprise,999,24,24,1,93,28,,0.0
CUST_000718,2021-01-31,Mid-Market,Healthcare,USA,Basic,49,1,20,3,70,64,2022-01-15,1.0
CUST_000719,2021-11-29,Small Business,Finance,Other,Professional,149,36,5,2,51,24,,0.0
CUST_000720,2022-11-08,Mid-Market,Retail,Other,Enterprise,999,1,36,1,58,0,,0.0
CUST_000721,2020-06-25,Enterprise,Technology,USA,Basic,49,12,235,3,100,7,,0.0
CUST_000722,2024-06-23,Startup,Technology,Australia,Business,399,12,2,1,87,-3,,0.0
CUST_000723,2021-01-30,Small Business,Healthcare,USA,Business,399,12,5,3,52,35,,0.0
CUST_000724,2021-03-20,Small Business,Other,USA,Enterprise,999,12,8,0,49,80,,0.0
CUST_000725,2023-06-10,Mid-Market,Manufacturing,USA,Basic,49,24,30,1,73,64,,0.0
CUST_000726,2020-03-16,Startup,Retail,USA,Basic,49,1,3,2,74,33,,0.0
CUST_000727,2020-09-21,Mid-Market,Education,USA,Enterprise,999,36,14,2,93,3,,0.0
CUST_000728,2021-03-30,Startup,Technology,USA,Basic,49,12,1,2,60,42,,0.0
CUST_000729,2024-12-24,Startup,Real Estate,Other,Professional,149,36,1,0,35,100,,0.0
CUST_000730,2021-12-18,Enterprise,Retail,Germany,Business,399,12,466,2,59,-7,2023-09-03,1.0
CUST_000731,2022-01-04,Startup,Healthcare,Australia,Basic,49,12,4,1,55,60,,0.0
CUST_000732,2023-11-08,Mid-Market,Education,Germany,Enterprise,999,12,35,8,10,47,,0.0
CUST_000733,2024-05-06,Enterprise,Education,USA,Business,399,12,437,0,59,1,,0.0
CUST_000734,2022-04-30,Startup,Education,Other,Basic,49,1,2,2,84,39,,0.0
CUST_000735,2024-03-09,Small Business,Technology,Australia,Basic,49,12,2,0,79,13,,0.0
CUST_000736,2023-10-22,Small Business,Other,USA,Basic,49,1,3,2,58,-4,,0.0
CUST_000737,2020-05-23,Mid-Market,Other,USA,Basic,49,12,36,4,56,-8,,0.0
CUST_000738,2022-06-03,Small Business,Healthcare,Germany,Business,399,36,3,1,54,1,,0.0
CUST_000739,2022-12-28,Startup,Technology,Germany,Basic,49,1,2,4,54,-16,,0.0
CUST_000740,2023-01-27,Mid-Market,Technology,Australia,Professional,149,12,26,1,81,100,2023-06-15,1.0
CUST_000741,2021-01-30,Mid-Market,Other,USA,Enterprise,999,24,42,5,92,-8,,0.0
CUST_000742,2022-11-14,Enterprise,Retail,USA,Professional,149,1,128,2,80,92,,0.0
CUST_000743,2022-08-05,Mid-Market,Healthcare,Canada,Basic,49,1,30,3,50,45,,0.0
CUST_000744,2022-06-09,Startup,Healthcare,Canada,Enterprise,999,1,1,5,48,-38,,0.0
CUST_000745,2024-02-01,Small Business,Healthcare,USA,Basic,49,1,4,2,94,-3,,0.0
CUST_000746,2024-02-16,Startup,Retail,USA,Enterprise,999,1,3,1,66,43,2024-10-05,1.0
CUST_000747,2024-05-07,Small Business,Finance,Canada,Business,399,12,4,0,50,3,,0.0
CUST_000748,2023-03-20,Small Business,Other,Germany,Business,399,12,8,2,66,37,,0.0
CUST_000749,2023-03-13,Mid-Market,Manufacturing,USA,Business,399,24,43,2,38,-44,,0.0
CUST_000750,2021-07-22,Small Business,Education,UK,Professional,149,24,7,3,41,32,2022-02-17,1.0
CUST_000751,2022-11-28,Mid-Market,Healthcare,France,Business,399,24,18,4,52,25,,0.0
CUST_000752,2020-04-18,Mid-Market,Technology,Other,Business,399,12,40,5,82,100,2020-08-14,1.0
CUST_000753,2024-09-12,Small Business,Finance,USA,Professional,149,12,8,2,59,3,,0.0
CUST_000754,2022-12-01,Startup,Healthcare,USA,Professional,149,12,4,2,78,58,,0.0
CUST_000755,2023-04-24,Small Business,Technology,Other,Business,399,12,9,2,68,82,,0.0
CUST_000756,2022-07-23,Mid-Market,Other,USA,Professional,149,12,22,3,37,73,,0.0
CUST_000757,2021-02-01,Enterprise,Finance,Germany,Business,399,36,485,1,96,75,,0.0
CUST_000758,2023-05-31,Mid-Market,Technology,Canada,Professional,149,1,23,0,40,27,2023-12-14,1.0
CUST_000759,2021-09-25,Small Business,Technology,USA,Professional,149,12,5,3,53,47,2022-09-28,1.0
CUST_000760,2023-03-02,Startup,Healthcare,Germany,Basic,49,12,1,1,55,6,,0.0
CUST_000761,2023-04-01,Startup,Other,Germany,Basic,49,24,2,0,80,53,,0.0
CUST_000762,2023-05-23,Enterprise,Healthcare,Canada,Professional,149,1,247,2,52,-13,,0.0
CUST_000763,2022-01-02,Small Business,Healthcare,USA,Professional,149,1,7,1,47,-1,,0.0
CUST_000764,2020-08-22,Small Business,Retail,Other,Professional,149,24,4,2,82,100,,0.0
CUST_000765,2021-10-19,Small Business,Healthcare,UK,Business,399,1,9,3,59,67,2023-01-18,1.0
CUST_000766,2022-01-20,Small Business,Technology,Canada,Business,399,12,5,2,77,-32,,0.0
CUST_000767,2021-08-10,Small Business,Technology,Australia,Business,399,24,9,1,100,44,,0.0
CUST_000768,2022-10-29,Small Business,Healthcare,UK,Basic,49,36,5,2,56,-9,,0.0
CUST_000769,2023-01-02,Mid-Market,Technology,France,Professional,149,1,22,0,73,57,,0.0
CUST_000770,2022-08-11,Startup,Technology,Other,Basic,49,12,3,2,40,45,,0.0
CUST_000771,2021-05-06,Mid-Market,Education,USA,Professional,149,1,38,3,53,38,2023-01-18,1.0
CUST_000772,2022-07-01,Small Business,Technology,UK,Basic,49,12,6,1,71,4,,0.0
CUST_000773,2023-06-30,Small Business,Education,Other,Professional,149,12,3,1,93,88,,0.0
CUST_000774,2023-06-07,Small Business,Education,USA,Professional,149,36,4,0,34,3,,0.0
CUST_000775,2024-03-22,Startup,Finance,USA,Basic,49,12,2,0,72,39,,0.0
CUST_000776,2023-04-12,Startup,Healthcare,Other,Professional,149,12,3,2,42,21,2024-01-20,1.0
CUST_000777,2024-08-03,Startup,Technology,France,Enterprise,999,12,2,2,59,-25,,0.0
CUST_000778,2023-04-06,Small Business,Manufacturing,Other,Basic,49,1,5,0,53,16,2024-03-31,1.0
CUST_000779,2020-06-18,Small Business,Retail,USA,Business,399,12,7,3,49,-37,,0.0
CUST_000780,2023-11-17,Small Business,Retail,USA,Professional,149,1,4,0,68,53,,0.0
CUST_000781,2022-08-03,Startup,Technology,USA,Basic,49,24,1,2,44,5,,0.0
CUST_000782,2022-03-05,Small Business,Real Estate,Germany,Basic,49,12,5,3,0,16,,0.0
CUST_000783,2021-09-25,Startup,Technology,Canada,Basic,49,1,4,4,56,55,,0.0
CUST_000784,2023-05-02,Startup,Healthcare,USA,Business,399,12,3,2,48,5,,0.0
CUST_000785,2024-03-20,Small Business,Finance,USA,Basic,49,1,7,1,55,-57,,0.0
CUST_000786,2020-01-29,Mid-Market,Technology,Canada,Basic,49,1,27,1,48,44,,0.0
CUST_000787,2023-04-03,Mid-Market,Finance,Canada,Basic,49,24,11,4,74,2,,0.0
CUST_000788,2023-12-16,Startup,Manufacturing,USA,Professional,149,36,2,1,76,16,,0.0
CUST_000789,2020-12-04,Mid-Market,Education,Other,Business,399,1,47,2,38,52,,0.0
CUST_000790,2024-07-29,Startup,Real Estate,USA,Professional,149,24,4,1,88,-9,,0.0
CUST_000791,2024-02-28,Small Business,Finance,Germany,Professional,149,12,3,2,78,43,,0.0
CUST_000792,2023-10-20,Small Business,Retail,Australia,Professional,149,12,2,0,55,31,,0.0
CUST_000793,2023-09-27,Startup,Technology,Canada,Basic,49,12,2,1,62,28,,0.0
CUST_000794,2021-05-14,Small Business,Finance,USA,Professional,149,1,3,2,83,19,,0.0
CUST_000795,2024-08-07,Small Business,Technology,USA,Professional,149,1,2,2,55,39,,0.0
CUST_000796,2021-05-25,Small Business,Healthcare,Australia,Professional,149,1,8,2,79,55,,0.0
CUST_000797,2023-09-12,Small Business,Healthcare,USA,Business,399,1,8,1,70,-39,,0.0
CUST_000798,2020-08-04,Startup,Finance,Germany,Business,399,1,3,1,81,60,,0.0
CUST_000799,2023-08-17,Mid-Market,Retail,Other,Basic,49,12,32,2,76,16,,0.0
CUST_000800,2023-03-01,Startup,Real Estate,Other,Basic,49,12,2,0,52,-38,2024-04-10,1.0
CUST_000801,2022-12-29,Startup,Healthcare,UK,Professional,149,24,1,2,67,21,,0.0
CUST_000802,2023-06-29,Mid-Market,Other,France,Business,399,12,19,2,81,-10,,0.0
CUST_000803,2023-12-09,Small Business,Manufacturing,Other,Basic,49,1,2,1,79,73,,0.0
CUST_000804,2024-12-15,Small Business,Finance,USA,Enterprise,999,1,5,3,77,-27,,0.0
CUST_000805,2021-03-20,Mid-Market,Retail,USA,Professional,149,24,38,4,60,37,,0.0
CUST_000806,2022-05-25,Startup,Technology,USA,Basic,49,1,1,1,94,39,,0.0
CUST_000807,2023-04-20,Enterprise,Education,USA,Business,399,24,72,3,71,45,2024-04-25,1.0
CUST_000808,2020-06-15,Mid-Market,Retail,Australia,Basic,49,12,24,0,98,56,,0.0
CUST_000809,2020-03-31,Small Business,Other,Canada,Professional,149,36,8,0,41,9,,0.0
CUST_000810,2021-12-14,Small Business,Retail,Australia,Professional,149,12,9,0,58,-16,,0.0
CUST_000811,2024-04-03,Small Business,Education,France,Basic,49,1,3,5,61,-54,2024-07-10,1.0
CUST_000812,2020-02-08,Startup,Education,Germany,Business,399,12,2,0,81,36,,0.0
CUST_000813,2023-02-23,Small Business,Healthcare,Canada,Business,399,12,3,1,49,8,2023-11-26,1.0
CUST_000814,2024-01-14,Small Business,Healthcare,USA,Basic,49,12,6,4,49,76,,0.0
CUST_000815,2020-06-21,Enterprise,Finance,Australia,Professional,149,12,333,4,84,54,,0.0
CUST_000816,2021-10-14,Small Business,Finance,UK,Basic,49,1,2,2,61,85,,0.0
CUST_000817,2022-01-23,Mid-Market,Technology,Canada,Business,399,12,44,2,76,-29,,0.0
CUST_000818,2023-05-28,Mid-Market,Real Estate,USA,Basic,49,36,42,5,48,-8,2024-07-03,1.0
CUST_000819,2024-07-19,Small Business,Finance,Other,Professional,149,36,2,0,78,47,,0.0
CUST_000820,2022-12-17,Mid-Market,Other,Other,Basic,49,12,43,2,81,83,,0.0
CUST_000821,2024-08-10,Mid-Market,Education,UK,Basic,49,1,19,5,90,100,,0.0
CUST_000822,2021-04-20,Mid-Market,Retail,Canada,Business,399,1,33,0,44,47,2022-08-10,1.0
CUST_000823,2021-03-31,Startup,Other,Germany,Business,399,24,1,1,41,31,,0.0
CUST_000824,2022-04-08,Startup,Finance,USA,Professional,149,24,2,1,63,64,,0.0
CUST_000825,2022-06-13,Small Business,Real Estate,USA,Business,399,36,4,1,89,5,,0.0
CUST_000826,2023-10-16,Startup,Healthcare,Germany,Professional,149,12,4,3,47,-1,,0.0
CUST_000827,2022-10-21,Startup,Healthcare,USA,Basic,49,24,2,0,43,52,,0.0
CUST_000828,2021-01-21,Small Business,Finance,UK,Basic,49,24,8,2,55,58,2022-11-08,1.0
CUST_000829,2020-12-13,Enterprise,Finance,UK,Professional,149,12,315,3,68,28,,0.0
CUST_000830,2020-07-08,Startup,Retail,USA,Business,399,24,2,4,67,-3,,0.0
CUST_000831,2021-05-19,Small Business,Finance,USA,Enterprise,999,1,3,4,47,70,,0.0
CUST_000832,2023-04-29,Small Business,Healthcare,USA,Basic,49,12,6,1,50,-23,,0.0
CUST_000833,2024-03-11,Startup,Real Estate,USA,Professional,149,36,3,1,63,34,,0.0
CUST_000834,2023-10-24,Small Business,Retail,UK,Basic,49,1,4,2,50,45,,0.0
CUST_000835,2023-12-03,Small Business,Finance,Germany,Business,399,24,9,2,43,5,,0.0
CUST_000836,2022-04-03,Startup,Retail,Other,Business,399,12,4,2,75,88,2022-08-19,1.0
CUST_000837,2022-07-17,Small Business,Manufacturing,USA,Basic,49,24,7,4,53,26,2023-04-11,1.0
CUST_000838,2022-07-22,Small Business,Other,Australia,Business,399,12,8,4,55,11,,0.0
CUST_000839,2023-02-14,Small Business,Finance,USA,Business,399,36,5,2,58,-55,,0.0
CUST_000840,2020-05-13,Small Business,Technology,Canada,Basic,49,24,6,2,70,100,,0.0
CUST_000841,2020-02-27,Startup,Finance,UK,Professional,149,12,1,1,66,24,,0.0
CUST_000842,2024-04-28,Enterprise,Finance,Canada,Professional,149,1,56,4,53,-32,,0.0
CUST_000843,2021-11-15,Small Business,Real Estate,Germany,Basic,49,24,7,4,62,-8,2022-12-03,1.0
CUST_000844,2021-11-02,Mid-Market,Healthcare,USA,Professional,149,12,47,5,60,74,,0.0
CUST_000845,2020-06-21,Small Business,Other,USA,Basic,49,12,6,2,94,-10,,0.0
CUST_000846,2022-03-25,Small Business,Finance,Australia,Professional,149,1,9,4,64,45,,0.0
CUST_000847,2023-03-18,Startup,Other,USA,Business,399,24,2,4,48,53,,0.0
CUST_000848,2020-03-20,Mid-Market,Technology,USA,Professional,149,12,41,1,33,16,,0.0
CUST_000849,2022-06-04,Small Business,Real Estate,USA,Basic,49,36,2,3,83,1,,0.0
CUST_000850,2023-05-21,Mid-Market,Other,USA,Basic,49,24,20,2,63,38,2024-11-26,1.0
CUST_000851,2020-07-21,Startup,Other,UK,Professional,149,1,4,3,71,52,,0.0
CUST_000852,2022-02-02,Startup,Technology,UK,Basic,49,12,1,1,80,-34,,0.0
CUST_000853,2023-06-06,Startup,Technology,USA,Professional,149,36,3,6,49,-57,,0.0
CUST_000854,2024-08-26,Startup,Retail,USA,Basic,49,24,3,2,49,75,,0.0
CUST_000855,2023-06-04,Startup,Technology,Germany,Business,399,12,2,3,66,53,,0.0
CUST_000856,2024-08-09,Mid-Market,Technology,France,Business,399,36,23,1,100,42,,0.0
CUST_000857,2024-04-04,Mid-Market,Technology,Other,Business,399,1,38,2,50,0,2024-07-26,1.0
CUST_000858,2024-01-04,Small Business,Finance,Other,Basic,49,12,6,1,54,74,,0.0
CUST_000859,2023-11-26,Startup,Finance,Other,Business,399,24,4,4,81,74,,0.0
CUST_000860,2020-02-16,Startup,Technology,France,Basic,49,1,2,2,76,32,,0.0
CUST_000861,2023-06-10,Mid-Market,Technology,Canada,Business,399,12,29,2,55,18,,0.0
CUST_000862,2023-08-21,Startup,Finance,USA,Basic,49,24,3,1,33,45,,0.0
CUST_000863,2024-03-29,Small Business,Retail,Canada,Business,399,12,2,1,59,40,,0.0
CUST_000864,2023-03-12,Small Business,Technology,USA,Professional,149,1,7,1,100,6,,0.0
CUST_000865,2023-12-09,Mid-Market,Healthcare,Australia,Business,399,12,10,1,56,-33,,0.0
CUST_000866,2024-03-16,Enterprise,Real Estate,UK,Business,399,12,349,3,81,39,,0.0
CUST_000867,2023-10-28,Small Business,Other,Germany,Professional,149,12,3,3,42,23,,0.0
CUST_000868,2024-05-08,Small Business,Other,USA,Enterprise,999,24,8,4,81,58,,0.0
CUST_000869,2023-07-06,Mid-Market,Real Estate,UK,Basic,49,1,32,3,82,98,,0.0
CUST_000870,2021-10-17,Small Business,Healthcare,USA,Enterprise,999,24,5,3,65,-20,,0.0
CUST_000871,2021-04-15,Startup,Manufacturing,USA,Business,399,24,4,2,89,48,,0.0
CUST_000872,2022-08-28,Startup,Finance,USA,Enterprise,999,24,3,1,62,-27,,0.0
CUST_000873,2022-11-01,Startup,Retail,USA,Basic,49,12,1,2,100,86,,0.0
CUST_000874,2023-09-15,Small Business,Healthcare,UK,Basic,49,12,4,5,62,-9,,0.0
CUST_000875,2022-01-05,Mid-Market,Retail,UK,Business,399,12,15,1,58,1,,0.0
CUST_000876,2022-02-22,Small Business,Finance,Australia,Enterprise,999,24,2,4,71,6,,0.0
CUST_000877,2022-08-25,Small Business,Technology,UK,Basic,49,12,5,3,40,41,,0.0
CUST_000878,2020-12-23,Enterprise,Education,USA,Basic,49,12,210,3,69,41,,0.0
CUST_000879,2022-08-29,Mid-Market,Technology,Other,Basic,49,12,15,2,48,54,,0.0
CUST_000880,2023-12-02,Small Business,Healthcare,Canada,Business,399,24,3,2,84,79,,0.0
CUST_000881,2021-10-29,Mid-Market,Technology,UK,Business,399,1,34,3,82,18,,0.0
CUST_000882,2021-01-07,Mid-Market,Healthcare,UK,Basic,49,36,26,1,49,3,,0.0
CUST_000883,2022-10-28,Mid-Market,Technology,France,Basic,49,1,37,2,56,-7,,0.0
CUST_000884,2023-02-19,Enterprise,Real Estate,USA,Professional,149,12,60,3,84,35,,0.0
CUST_000885,2023-10-03,Small Business,Finance,USA,Basic,49,12,4,1,100,29,,0.0
CUST_000886,2021-11-06,Small Business,Finance,France,Business,399,1,5,2,65,-25,,0.0
CUST_000887,2020-03-30,Small Business,Healthcare,USA,Professional,149,36,4,3,81,58,,0.0
CUST_000888,2024-07-29,Mid-Market,Retail,Australia,Business,399,12,41,2,80,12,,0.0
CUST_000889,2021-11-28,Mid-Market,Education,UK,Business,399,1,35,3,80,91,,0.0
CUST_000890,2023-09-01,Small Business,Retail,Canada,Professional,149,24,7,2,19,23,2024-06-16,1.0
CUST_000891,2023-04-16,Small Business,Manufacturing,France,Basic,49,12,6,0,46,-13,,0.0
CUST_000892,2021-06-23,Small Business,Real Estate,USA,Business,399,36,8,2,94,41,,0.0
CUST_000893,2022-01-01,Small Business,Real Estate,Australia,Basic,49,12,3,0,49,71,2022-05-31,1.0
CUST_000894,2022-05-18,Startup,Manufacturing,Other,Business,399,1,1,6,60,46,,0.0
CUST_000895,2020-02-10,Mid-Market,Technology,UK,Basic,49,1,27,2,100,80,,0.0
CUST_000896,2022-01-09,Small Business,Retail,Other,Business,399,24,5,4,55,-1,,0.0
CUST_000897,2024-09-23,Small Business,Finance,USA,Basic,49,12,7,4,67,55,,0.0
CUST_000898,2021-05-16,Small Business,Manufacturing,Australia,Basic,49,36,9,1,73,79,,0.0
CUST_000899,2022-08-16,Mid-Market,Education,USA,Professional,149,24,37,2,88,44,,0.0
CUST_000900,2023-03-14,Small Business,Manufacturing,USA,Enterprise,999,36,5,0,77,73,,0.0
CUST_000901,2023-05-09,Startup,Education,USA,Enterprise,999,36,3,2,54,34,,0.0
CUST_000902,2022-07-17,Mid-Market,Technology,USA,Basic,49,12,35,5,65,76,,0.0
CUST_000903,2024-10-13,Mid-Market,Technology,USA,Basic,49,1,15,0,60,57,,0.0
CUST_000904,2021-04-05,Mid-Market,Healthcare,Other,Professional,149,1,48,5,83,17,,0.0
CUST_000905,2022-01-01,Startup,Real Estate,Australia,Basic,49,12,4,1,64,15,,0.0
CUST_000906,2022-01-21,Enterprise,Education,USA,Business,399,12,121,1,69,53,,0.0
CUST_000907,2022-07-13,Startup,Manufacturing,USA,Professional,149,1,2,1,55,14,,0.0
CUST_000908,2022-06-27,Small Business,Manufacturing,Australia,Business,399,12,4,1,100,39,,0.0
CUST_000909,2024-04-30,Startup,Manufacturing,USA,Business,399,12,3,4,48,30,,0.0
CUST_000910,2024-04-19,Startup,Other,USA,Professional,149,1,3,1,100,-4,,0.0
CUST_000911,2023-06-30,Small Business,Education,UK,Business,399,12,7,2,61,27,,0.0
CUST_000912,2021-01-24,Mid-Market,Retail,UK,Basic,49,1,12,0,83,9,,0.0
CUST_000913,2024-06-05,Mid-Market,Retail,USA,Basic,49,12,45,0,67,40,,0.0
CUST_000914,2022-06-01,Mid-Market,Technology,Germany,Business,399,1,28,2,41,38,,0.0
CUST_000915,2020-09-12,Small Business,Retail,Canada,Basic,49,24,8,1,55,19,,0.0
CUST_000916,2021-12-09,Mid-Market,Finance,USA,Basic,49,1,20,2,87,24,,0.0
CUST_000917,2021-03-25,Mid-Market,Technology,Other,Enterprise,999,24,22,5,44,-25,,0.0
CUST_000918,2020-01-10,Small Business,Education,Canada,Professional,149,12,8,2,13,60,2020-09-11,1.0
CUST_000919,2022-04-03,Startup,Finance,USA,Professional,149,12,3,3,28,10,,0.0
CUST_000920,2022-03-08,Mid-Market,Other,USA,Business,399,12,11,0,65,70,,0.0
CUST_000921,2023-06-19,Enterprise,Healthcare,USA,Basic,49,12,454,2,45,-44,,0.0
CUST_000922,2023-06-28,Enterprise,Finance,UK,Enterprise,999,1,425,0,66,60,,0.0
CUST_000923,2022-05-26,Startup,Finance,USA,Basic,49,24,1,1,76,17,,0.0
CUST_000924,2022-10-25,Small Business,Technology,UK,Professional,149,36,5,2,77,84,,0.0
CUST_000925,2023-02-16,Mid-Market,Finance,USA,Business,399,36,11,1,72,79,,0.0
CUST_000926,2022-10-12,Mid-Market,Healthcare,Germany,Professional,149,12,39,2,100,100,,0.0
CUST_000927,2024-12-29,Mid-Market,Technology,France,Business,399,12,34,2,96,68,,0.0
CUST_000928,2021-01-08,Mid-Market,Healthcare,UK,Enterprise,999,12,13,1,45,-1,,0.0
CUST_000929,2022-12-24,Startup,Technology,Germany,Business,399,12,4,6,77,68,,0.0
CUST_000930,2020-05-25,Startup,Manufacturing,Other,Basic,49,24,2,2,76,39,,0.0
CUST_000931,2020-08-11,Small Business,Technology,Canada,Professional,149,12,2,1,42,1,,0.0
CUST_000932,2023-06-16,Startup,Retail,USA,Enterprise,999,36,4,2,54,66,,0.0
CUST_000933,2020-06-25,Mid-Market,Manufacturing,UK,Professional,149,12,33,2,32,33,,0.0
CUST_000934,2024-12-07,Small Business,Finance,Australia,Business,399,12,8,5,53,100,,0.0
CUST_000935,2022-05-02,Startup,Other,USA,Professional,149,36,4,1,77,46,,0.0
CUST_000936,2023-07-29,Small Business,Manufacturing,USA,Basic,49,36,7,3,86,21,,0.0
CUST_000937,2020-03-03,Startup,Manufacturing,Canada,Basic,49,12,1,2,100,-52,,0.0
CUST_000938,2023-05-25,Mid-Market,Technology,Germany,Enterprise,999,12,25,2,80,-51,,0.0
CUST_000939,2022-04-06,Mid-Market,Education,France,Professional,149,1,48,3,73,13,2023-07-22,1.0
CUST_000940,2022-03-05,Mid-Market,Education,USA,Basic,49,1,25,3,100,59,,0.0
CUST_000941,2021-11-19,Small Business,Healthcare,USA,Business,399,24,8,2,96,73,,0.0
CUST_000942,2024-01-24,Small Business,Technology,Other,Professional,149,12,8,1,53,68,,0.0
CUST_000943,2024-06-21,Startup,Healthcare,USA,Business,399,12,2,1,62,-47,,0.0
CUST_000944,2020-04-14,Small Business,Manufacturing,USA,Basic,49,12,8,3,78,3,,0.0
CUST_000945,2023-01-27,Startup,Finance,UK,Enterprise,999,12,3,1,37,-4,,0.0
CUST_000946,2021-05-25,Startup,Manufacturing,France,Professional,149,12,2,0,72,64,,0.0
CUST_000947,2021-01-19,Mid-Market,Technology,France,Business,399,36,24,0,73,16,2022-03-30,1.0
CUST_000948,2021-02-08,Small Business,Education,Other,Basic,49,1,5,0,79,79,,0.0
CUST_000949,2022-04-02,Mid-Market,Healthcare,USA,Basic,49,24,25,2,82,31,,0.0
CUST_000950,2021-06-01,Small Business,Technology,USA,Basic,49,12,2,1,58,16,2022-12-01,1.0
CUST_000951,2021-04-20,Startup,Retail,USA,Enterprise,999,24,3,3,73,23,,0.0
CUST_000952,2021-12-09,Mid-Market,Technology,Australia,Basic,49,36,10,3,56,-25,2022-09-18,1.0
CUST_000953,2024-07-26,Small Business,Technology,UK,Business,399,12,9,2,84,9,,0.0
CUST_000954,2022-02-09,Small Business,Healthcare,USA,Basic,49,1,4,2,69,50,2022-06-15,1.0
CUST_000955,2023-12-31,Small Business,Finance,Germany,Basic,49,1,6,4,84,24,,0.0
CUST_000956,2022-11-12,Small Business,Real Estate,USA,Basic,49,1,4,1,28,-28,,0.0
CUST_000957,2022-09-23,Small Business,Education,UK,Business,399,24,2,3,39,-77,,0.0
CUST_000958,2024-05-07,Enterprise,Finance,Australia,Business,399,1,457,1,71,-24,,0.0
CUST_000959,2021-11-07,Mid-Market,Technology,USA,Enterprise,999,1,34,3,39,-13,2023-04-23,1.0
CUST_000960,2021-12-14,Enterprise,Finance,USA,Enterprise,999,12,494,1,85,66,,0.0
CUST_000961,2024-01-21,Small Business,Manufacturing,USA,Basic,49,12,5,2,85,-18,,0.0
CUST_000962,2020-03-23,Mid-Market,Healthcare,USA,Business,399,12,44,2,74,11,,0.0
CUST_000963,2023-03-14,Startup,Technology,USA,Professional,149,12,4,4,58,-19,,0.0
CUST_000964,2023-01-13,Small Business,Healthcare,Germany,Business,399,24,8,2,58,44,,0.0
CUST_000965,2023-01-06,Small Business,Education,USA,Basic,49,1,7,5,82,57,,0.0
CUST_000966,2021-04-01,Small Business,Healthcare,Other,Business,399,12,4,1,77,53,,0.0
CUST_000967,2020-01-01,Small Business,Education,USA,Basic,49,24,7,2,47,26,,0.0
CUST_000968,2020-02-20,Startup,Healthcare,USA,Basic,49,12,2,3,73,38,,0.0
CUST_000969,2021-11-15,Enterprise,Technology,USA,Basic,49,24,297,2,94,67,,0.0
CUST_000970,2021-12-17,Mid-Market,Finance,France,Basic,49,24,43,1,76,15,,0.0
CUST_000971,2024-11-30,Startup,Finance,UK,Professional,149,24,4,4,57,22,,0.0
CUST_000972,2024-01-09,Enterprise,Technology,France,Business,399,12,204,3,60,70,,0.0
CUST_000973,2021-03-24,Enterprise,Technology,France,Business,399,24,194,2,57,26,,0.0
CUST_000974,2022-05-30,Small Business,Technology,Other,Basic,49,24,7,0,56,33,2024-02-13,1.0
CUST_000975,2021-05-02,Enterprise,Technology,France,Basic,49,24,309,1,40,83,,0.0
CUST_000976,2024-12-28,Small Business,Healthcare,USA,Professional,149,12,4,3,67,15,,0.0
CUST_000977,2020-02-03,Mid-Market,Other,Australia,Business,399,1,35,1,33,61,,0.0
CUST_000978,2023-10-03,Startup,Finance,Other,Basic,49,12,2,2,80,57,,0.0
CUST_000979,2020-04-04,Startup,Retail,Other,Professional,149,1,4,1,58,38,,0.0
CUST_000980,2022-12-31,Small Business,Healthcare,USA,Basic,49,12,6,1,91,35,,0.0
CUST_000981,2024-04-23,Small Business,Healthcare,Canada,Professional,149,12,4,3,45,-30,2024-11-16,1.0
CUST_000982,2020-06-02,Startup,Technology,USA,Basic,49,36,4,4,62,100,,0.0
CUST_000983,2020-09-06,Mid-Market,Finance,USA,Basic,49,36,10,2,67,21,,0.0
CUST_000984,2021-11-04,Startup,Finance,Germany,Basic,49,24,2,1,41,54,,0.0
CUST_000985,2021-03-13,Startup,Technology,Other,Basic,49,36,3,0,74,69,,0.0
CUST_000986,2020-04-27,Small Business,Manufacturing,Canada,Basic,49,36,6,2,42,44,,0.0
CUST_000987,2022-02-09,Small Business,Finance,Australia,Professional,149,24,3,1,73,80,2022-10-25,1.0
CUST_000988,2023-08-22,Mid-Market,Healthcare,USA,Basic,49,1,42,1,94,66,,0.0
CUST_000989,2020-09-24,Small Business,Technology,USA,Basic,49,12,2,3,76,-43,,0.0
CUST_000990,2022-12-13,Startup,Retail,Canada,Basic,49,12,3,3,56,29,,0.0
CUST_000991,2020-08-23,Enterprise,Manufacturing,USA,Business,399,1,115,1,88,-55,,0.0
CUST_000992,2021-01-23,Startup,Healthcare,Australia,Professional,149,24,2,3,100,18,,0.0
CUST_000993,2022-09-16,Mid-Market,Technology,USA,Business,399,1,19,0,69,-4,2023-06-15,1.0
CUST_000994,2024-10-23,Mid-Market,Finance,UK,Professional,149,12,22,3,51,-7,,0.0
CUST_000995,2022-02-01,Mid-Market,Technology,UK,Basic,49,1,10,1,66,36,,0.0
CUST_000996,2021-02-04,Enterprise,Retail,USA,Basic,49,12,323,5,40,56,,0.0
CUST_000997,2021-09-15,Small Business,Retail,Other,Professional,149,12,9,2,87,-34,,0.0
CUST_000998,2022-02-05,Mid-Market,Technology,UK,Professional,149,24,30,3,71,100,,0.0
CUST_000999,2023-08-19,Startup,Technology,UK,Business,399,12,3,1,54,48,,0.0
CUST_001000,2022-07-07,Small Business,Retail,Australia,Business,399,12,8,0,75,27,,0.0
CUST_001001,2023-05-15,Mid-Market,Healthcare,USA,Professional,149,24,29,3,55,26,2024-05-02,1.0
CUST_001002,2023-06-06,Small Business,Technology,France,Professional,149,24,6,3,61,-38,,0.0
CUST_001003,2022-05-02,Startup,Manufacturing,USA,Basic,49,12,1,1,65,3,,0.0
CUST_001004,2021-07-31,Small Business,Healthcare,USA,Basic,49,1,8,4,100,-12,,0.0
CUST_001005,2020-03-15,Enterprise,Finance,Other,Enterprise,999,1,58,1,42,2,,0.0
CUST_001006,2021-03-10,Startup,Technology,Australia,Basic,49,24,4,3,80,54,,0.0
CUST_001007,2020-04-12,Startup,Retail,USA,Enterprise,999,12,3,3,50,-2,2020-10-26,1.0
CUST_001008,2023-12-16,Mid-Market,Healthcare,Canada,Professional,149,1,40,1,100,45,,0.0
CUST_001009,2024-09-23,Enterprise,Other,Other,Professional,149,1,276,4,46,54,,0.0
CUST_001010,2022-02-02,Small Business,Manufacturing,USA,Basic,49,24,8,3,47,38,,0.0
CUST_001011,2022-01-07,Mid-Market,Technology,USA,Business,399,12,39,1,80,100,,0.0
CUST_001012,2022-03-16,Startup,Finance,UK,Professional,149,12,2,0,65,41,,0.0
CUST_001013,2023-08-22,Small Business,Healthcare,USA,Professional,149,12,3,0,81,87,,0.0
CUST_001014,2020-04-07,Startup,Finance,USA,Basic,49,1,2,3,89,100,,0.0
CUST_001015,2022-03-08,Small Business,Education,Australia,Basic,49,12,3,0,68,24,,0.0
CUST_001016,2023-09-20,Mid-Market,Retail,USA,Professional,149,12,49,4,85,100,,0.0
CUST_001017,2022-05-08,Mid-Market,Technology,France,Basic,49,12,45,4,26,81,,0.0
CUST_001018,2021-03-10,Small Business,Retail,UK,Business,399,24,4,6,72,-11,,0.0
CUST_001019,2021-03-22,Startup,Technology,Canada,Business,399,12,3,1,61,80,,0.0
CUST_001020,2023-08-24,Startup,Education,Germany,Basic,49,24,1,0,95,3,,0.0
CUST_001021,2020-09-05,Mid-Market,Retail,UK,Business,399,1,49,1,21,50,,0.0
CUST_001022,2020-06-14,Mid-Market,Healthcare,USA,Basic,49,1,48,0,50,74,,0.0
CUST_001023,2024-02-13,Enterprise,Healthcare,USA,Business,399,1,303,1,38,64,,0.0
CUST_001024,2022-09-10,Small Business,Education,France,Basic,49,12,9,1,69,4,,0.0
CUST_001025,2023-09-20,Enterprise,Education,USA,Basic,49,12,359,4,70,-3,,0.0
CUST_001026,2022-10-16,Small Business,Healthcare,USA,Basic,49,12,2,3,65,-12,2023-05-26,1.0
CUST_001027,2021-06-25,Small Business,Healthcare,Other,Business,399,24,7,1,81,93,,0.0
CUST_001028,2022-01-28,Startup,Retail,Other,Basic,49,36,4,1,87,66,,0.0
CUST_001029,2023-02-03,Mid-Market,Technology,USA,Basic,49,1,29,2,72,79,,0.0
CUST_001030,2024-05-05,Mid-Market,Technology,USA,Professional,149,1,24,2,38,-40,,0.0
CUST_001031,2020-03-21,Small Business,Technology,Germany,Basic,49,1,6,3,53,60,,0.0
CUST_001032,2020-05-12,Small Business,Technology,Australia,Business,399,24,3,0,78,3,,0.0
CUST_001033,2022-03-07,Mid-Market,Finance,USA,Professional,149,1,45,1,70,-14,,0.0
CUST_001034,2022-06-18,Startup,Other,USA,Enterprise,999,12,2,1,52,-23,,0.0
CUST_001035,2020-05-17,Startup,Retail,France,Basic,49,12,1,0,85,33,,0.0
CUST_001036,2020-07-02,Mid-Market,Technology,Other,Basic,49,1,37,1,76,20,,0.0
CUST_001037,2023-11-25,Mid-Market,Finance,France,Business,399,1,23,1,85,50,,0.0
CUST_001038,2023-09-15,Small Business,Finance,USA,Business,399,12,9,4,72,34,,0.0
CUST_001039,2022-02-23,Startup,Technology,UK,Basic,49,1,2,1,50,56,,0.0
CUST_001040,2024-03-11,Enterprise,Real Estate,Canada,Professional,149,1,151,0,94,23,,0.0
CUST_001041,2022-09-10,Small Business,Finance,USA,Business,399,12,7,1,78,-1,,0.0
CUST_001042,2020-03-09,Small Business,Other,USA,Basic,49,12,6,4,75,69,,0.0
CUST_001043,2021-06-29,Mid-Market,Finance,USA,Business,399,1,38,0,83,52,,0.0
CUST_001044,2024-12-02,Small Business,Retail,UK,Basic,49,12,4,0,59,29,,0.0
CUST_001045,2020-02-22,Startup,Technology,UK,Enterprise,999,1,1,5,76,30,2020-07-12,1.0
CUST_001046,2024-01-13,Enterprise,Finance,France,Professional,149,12,241,2,62,13,2024-08-15,1.0
CUST_001047,2020-07-23,Mid-Market,Technology,France,Basic,49,24,35,4,50,55,2022-01-21,1.0
CUST_001048,2020-05-05,Small Business,Education,Other,Professional,149,24,5,1,38,55,,0.0
CUST_001049,2024-11-05,Startup,Education,Australia,Enterprise,999,12,4,1,24,-9,,0.0
CUST_001050,2020-02-12,Startup,Education,USA,Business,399,12,4,3,72,94,,0.0
CUST_001051,2024-11-10,Small Business,Manufacturing,USA,Basic,49,24,9,1,50,22,,0.0
CUST_001052,2020-04-20,Startup,Education,UK,Professional,149,1,3,2,54,13,,0.0
CUST_001053,2022-01-30,Small Business,Technology,USA,Professional,149,12,4,1,49,78,,0.0
CUST_001054,2024-08-13,Small Business,Finance,Other,Basic,49,24,8,2,34,56,,0.0
CUST_001055,2023-04-21,Mid-Market,Manufacturing,USA,Basic,49,12,26,0,86,51,,0.0
CUST_001056,2022-04-27,Mid-Market,Retail,USA,Professional,149,12,48,1,100,55,,0.0
CUST_001057,2020-04-04,Mid-Market,Manufacturing,Canada,Professional,149,12,19,0,29,77,,0.0
CUST_001058,2023-10-29,Small Business,Technology,UK,Basic,49,1,8,0,72,-13,,0.0
CUST_001059,2024-03-23,Enterprise,Technology,Germany,Business,399,12,176,2,41,5,,0.0
CUST_001060,2022-06-18,Startup,Real Estate,UK,Professional,149,1,1,3,81,92,,0.0
CUST_001061,2020-12-25,Mid-Market,Retail,USA,Basic,49,1,21,1,93,1,,0.0
CUST_001062,2022-06-18,Mid-Market,Technology,USA,Basic,49,1,28,4,80,-13,,0.0
CUST_001063,2024-09-15,Small Business,Education,Other,Professional,149,12,6,0,46,46,,0.0
CUST_001064,2020-10-07,Small Business,Real Estate,USA,Business,399,1,2,4,50,12,2021-04-29,1.0
CUST_001065,2023-05-03,Enterprise,Technology,USA,Business,399,12,282,1,56,54,,0.0
CUST_001066,2023-05-03,Mid-Market,Education,UK,Basic,49,12,24,1,78,23,2023-10-15,1.0
CUST_001067,2021-10-28,Startup,Other,USA,Professional,149,1,2,3,60,12,,0.0
CUST_001068,2020-04-02,Mid-Market,Other,UK,Enterprise,999,1,47,2,78,-8,,0.0
CUST_001069,2021-11-02,Mid-Market,Real Estate,Germany,Professional,149,1,39,3,65,50,2023-03-31,1.0
CUST_001070,2020-03-01,Startup,Finance,France,Basic,49,12,1,2,63,20,,0.0
CUST_001071,2021-09-25,Enterprise,Healthcare,Germany,Business,399,1,436,1,67,36,,0.0
CUST_001072,2022-12-10,Small Business,Technology,USA,Basic,49,12,3,1,64,-2,,0.0
CUST_001073,2023-11-27,Small Business,Technology,UK,Basic,49,12,4,2,33,47,,0.0
CUST_001074,2024-12-17,Mid-Market,Finance,USA,Basic,49,12,29,2,45,29,,0.0
CUST_001075,2022-10-25,Mid-Market,Healthcare,USA,Basic,49,24,47,1,97,26,,0.0
CUST_001076,2024-01-29,Enterprise,Technology,UK,Professional,149,12,51,7,74,49,,0.0
CUST_001077,2021-08-26,Mid-Market,Healthcare,USA,Basic,49,12,45,2,100,-52,,0.0
CUST_001078,2021-11-12,Enterprise,Technology,Germany,Business,399,24,189,5,47,-12,,0.0
CUST_001079,2021-06-17,Startup,Education,Germany,Professional,149,1,1,5,64,22,,0.0
CUST_001080,2023-11-29,Small Business,Healthcare,Australia,Professional,149,36,4,1,61,35,,0.0
CUST_001081,2022-04-17,Small Business,Retail,France,Professional,149,36,8,4,44,44,,0.0
CUST_001082,2024-03-16,Startup,Finance,USA,Business,399,1,4,0,31,3,,0.0
CUST_001083,2021-10-06,Small Business,Technology,USA,Professional,149,24,9,3,45,42,,0.0
CUST_001084,2020-08-20,Enterprise,Other,USA,Business,399,24,422,2,85,13,,0.0
CUST_001085,2021-06-07,Startup,Finance,USA,Business,399,36,4,4,55,0,,0.0
CUST_001086,2020-12-11,Mid-Market,Healthcare,USA,Business,399,12,31,1,58,53,2021-07-26,1.0
CUST_001087,2022-12-05,Mid-Market,Technology,USA,Professional,149,12,18,3,64,60,2024-03-28,1.0
CUST_001088,2021-06-29,Startup,Healthcare,UK,Business,399,1,3,5,68,56,2021-12-27,1.0
CUST_001089,2023-01-06,Small Business,Technology,Germany,Professional,149,12,9,0,58,37,,0.0
CUST_001090,2024-10-19,Small Business,Healthcare,Germany,Basic,49,1,9,3,57,43,,0.0
CUST_001091,2023-01-01,Mid-Market,Finance,UK,Basic,49,12,26,4,72,43,,0.0
CUST_001092,2022-03-04,Small Business,Real Estate,UK,Enterprise,999,36,4,0,97,66,,0.0
CUST_001093,2020-09-05,Mid-Market,Manufacturing,UK,Basic,49,1,34,1,52,89,,0.0
CUST_001094,2020-02-16,Startup,Technology,Germany,Business,399,24,3,5,34,72,2021-06-12,1.0
CUST_001095,2023-02-18,Mid-Market,Technology,USA,Basic,49,1,24,1,52,-26,,0.0
CUST_001096,2020-08-01,Startup,Finance,Germany,Professional,149,1,2,0,63,10,2020-12-30,1.0
CUST_001097,2020-08-26,Small Business,Technology,Canada,Business,399,12,2,1,28,98,,0.0
CUST_001098,2022-12-15,Startup,Technology,USA,Basic,49,1,1,4,66,-33,,0.0
CUST_001099,2020-12-15,Small Business,Education,USA,Business,399,36,9,0,76,12,,0.0
CUST_001100,2020-04-16,Small Business,Technology,USA,Business,399,1,7,2,44,100,,0.0
CUST_001101,2022-04-10,Mid-Market,Education,UK,Professional,149,1,25,5,59,-16,,0.0
CUST_001102,2020-02-17,Mid-Market,Technology,France,Professional,149,1,33,1,78,-1,,0.0
CUST_001103,2024-05-15,Mid-Market,Other,USA,Basic,49,12,32,0,64,25,,0.0
CUST_001104,2020-12-02,Startup,Retail,USA,Professional,149,1,4,4,68,-23,,0.0
CUST_001105,2022-11-15,Startup,Manufacturing,Other,Basic,49,12,1,2,62,63,,0.0
CUST_001106,2022-03-14,Small Business,Technology,USA,Basic,49,12,6,3,66,51,,0.0
CUST_001107,2023-07-04,Mid-Market,Real Estate,USA,Enterprise,999,1,48,2,96,75,,0.0
CUST_001108,2020-01-08,Small Business,Education,USA,Professional,149,1,7,1,76,-33,,0.0
CUST_001109,2021-09-16,Small Business,Retail,Germany,Business,399,24,6,1,24,50,,0.0
CUST_001110,2023-06-30,Small Business,Finance,Canada,Professional,149,12,3,1,68,28,,0.0
CUST_001111,2024-09-11,Startup,Manufacturing,UK,Basic,49,12,4,3,100,-33,,0.0
CUST_001112,2021-12-19,Startup,Technology,Other,Professional,149,12,3,3,65,100,,0.0
CUST_001113,2020-10-29,Mid-Market,Retail,Germany,Business,399,24,28,5,28,-9,,0.0
CUST_001114,2021-09-30,Small Business,Education,USA,Basic,49,24,8,2,44,47,,0.0
CUST_001115,2020-02-25,Small Business,Healthcare,Germany,Business,399,24,5,2,63,16,2021-04-10,1.0
CUST_001116,2021-12-26,Mid-Market,Technology,USA,Professional,149,1,34,4,49,53,,0.0
CUST_001117,2021-06-09,Mid-Market,Finance,Germany,Basic,49,1,24,1,97,8,,0.0
CUST_001118,2021-04-18,Enterprise,Manufacturing,USA,Professional,149,12,309,1,43,64,2021-11-12,1.0
CUST_001119,2020-01-28,Startup,Technology,Germany,Professional,149,24,4,2,64,91,2021-03-06,1.0
CUST_001120,2020-03-18,Small Business,Technology,USA,Basic,49,1,4,2,64,35,2021-09-07,1.0
CUST_001121,2023-05-24,Small Business,Technology,Australia,Business,399,12,4,1,95,-35,,0.0
CUST_001122,2023-11-10,Startup,Education,USA,Business,399,24,4,2,63,-18,,0.0
CUST_001123,2020-12-30,Startup,Technology,Canada,Business,399,12,2,2,87,100,,0.0
CUST_001124,2021-10-27,Mid-Market,Manufacturing,USA,Business,399,1,20,3,59,53,,0.0
CUST_001125,2021-06-09,Small Business,Healthcare,Other,Enterprise,999,12,2,1,62,22,,0.0
CUST_001126,2021-11-29,Small Business,Manufacturing,France,Enterprise,999,1,8,3,57,73,2022-12-07,1.0
CUST_001127,2023-08-28,Startup,Other,USA,Basic,49,1,1,2,30,17,,0.0
CUST_001128,2022-06-01,Small Business,Technology,Other,Professional,149,1,8,2,85,65,,0.0
CUST_001129,2022-10-27,Small Business,Healthcare,USA,Basic,49,24,7,1,79,-46,2024-04-14,1.0
CUST_001130,2022-10-23,Mid-Market,Education,Germany,Professional,149,24,49,4,64,13,,0.0
CUST_001131,2024-07-04,Startup,Healthcare,Germany,Enterprise,999,12,4,1,55,-3,,0.0
CUST_001132,2022-07-07,Enterprise,Technology,USA,Basic,49,12,493,3,40,-26,,0.0
CUST_001133,2022-01-19,Mid-Market,Education,Other,Professional,149,12,28,4,54,2,,0.0
CUST_001134,2020-12-28,Mid-Market,Other,USA,Professional,149,1,39,1,64,23,,0.0
CUST_001135,2024-11-09,Enterprise,Retail,USA,Basic,49,1,321,4,71,6,,0.0
CUST_001136,2024-03-11,Mid-Market,Healthcare,Australia,Basic,49,12,24,3,74,49,,0.0
CUST_001137,2023-07-21,Startup,Healthcare,Germany,Professional,149,24,4,2,46,33,,0.0
CUST_001138,2024-03-09,Startup,Technology,USA,Basic,49,36,4,3,47,9,,0.0
CUST_001139,2022-03-16,Mid-Market,Manufacturing,USA,Professional,149,12,18,2,63,76,2024-03-08,1.0
CUST_001140,2022-01-08,Mid-Market,Education,Germany,Professional,149,12,44,3,58,60,,0.0
CUST_001141,2022-11-04,Mid-Market,Real Estate,USA,Professional,149,12,10,2,78,44,,0.0
CUST_001142,2023-04-30,Mid-Market,Technology,Other,Basic,49,12,40,1,36,-19,,0.0
CUST_001143,2024-07-12,Enterprise,Retail,Germany,Professional,149,12,456,1,76,43,,0.0
CUST_001144,2021-04-29,Startup,Technology,USA,Basic,49,24,2,5,66,55,,0.0
CUST_001145,2020-01-28,Mid-Market,Healthcare,USA,Business,399,24,16,2,52,63,,0.0
CUST_001146,2021-12-14,Small Business,Education,UK,Basic,49,12,2,3,71,12,,0.0
CUST_001147,2022-11-28,Enterprise,Technology,USA,Business,399,12,400,2,76,78,,0.0
CUST_001148,2023-07-20,Startup,Retail,France,Business,399,36,2,2,26,74,,0.0
CUST_001149,2023-06-08,Small Business,Retail,Other,Business,399,24,5,0,100,92,,0.0
CUST_001150,2020-03-26,Startup,Other,Canada,Basic,49,12,1,1,64,-22,,0.0
CUST_001151,2024-02-06,Startup,Education,UK,Basic,49,12,2,1,74,14,,0.0
CUST_001152,2020-05-05,Mid-Market,Education,USA,Professional,149,24,41,2,73,-22,,0.0
CUST_001153,2022-03-22,Mid-Market,Finance,Germany,Basic,49,12,15,2,68,-2,,0.0
CUST_001154,2021-06-20,Small Business,Technology,Germany,Enterprise,999,12,6,3,54,-25,2023-06-19,1.0
CUST_001155,2020-05-24,Small Business,Finance,Germany,Professional,149,1,2,3,66,-12,,0.0
CUST_001156,2024-03-28,Small Business,Finance,USA,Enterprise,999,24,4,2,65,55,,0.0
CUST_001157,2023-05-20,Enterprise,Manufacturing,Australia,Business,399,12,402,2,70,12,,0.0
CUST_001158,2020-01-25,Enterprise,Retail,USA,Basic,49,12,350,3,95,-16,,0.0
CUST_001159,2024-05-22,Small Business,Healthcare,Germany,Business,399,24,8,1,58,100,,0.0
CUST_001160,2023-11-18,Small Business,Healthcare,France,Basic,49,36,3,6,46,44,,0.0
CUST_001161,2020-03-07,Startup,Technology,Germany,Basic,49,24,3,2,65,-13,,0.0
CUST_001162,2020-08-20,Mid-Market,Manufacturing,USA,Basic,49,1,34,2,50,19,,0.0
CUST_001163,2020-04-18,Small Business,Retail,Canada,Enterprise,999,12,9,1,42,37,2020-09-26,1.0
CUST_001164,2023-03-15,Mid-Market,Manufacturing,USA,Professional,149,12,20,2,50,17,,0.0
CUST_001165,2020-04-20,Enterprise,Healthcare,France,Business,399,1,271,2,37,8,,0.0
CUST_001166,2020-08-15,Small Business,Healthcare,USA,Basic,49,36,6,4,39,5,,0.0
CUST_001167,2020-04-20,Mid-Market,Manufacturing,USA,Professional,149,24,46,2,94,58,,0.0
CUST_001168,2024-02-02,Mid-Market,Education,USA,Professional,149,12,45,2,86,55,,0.0
CUST_001169,2020-02-03,Mid-Market,Finance,Australia,Basic,49,1,22,6,64,-10,,0.0
CUST_001170,2021-09-14,Mid-Market,Retail,Canada,Basic,49,1,18,3,43,-39,,0.0
CUST_001171,2024-12-04,Enterprise,Healthcare,Germany,Professional,149,12,319,3,27,-5,,0.0
CUST_001172,2023-10-24,Enterprise,Manufacturing,Germany,Business,399,1,347,2,59,80,,0.0
CUST_001173,2022-01-17,Mid-Market,Education,Australia,Basic,49,12,15,2,77,18,,0.0
CUST_001174,2021-08-17,Enterprise,Manufacturing,USA,Enterprise,999,12,269,2,62,16,,0.0
CUST_001175,2024-04-26,Small Business,Finance,Germany,Basic,49,24,5,1,83,49,,0.0
CUST_001176,2021-02-28,Mid-Market,Finance,Canada,Professional,149,1,32,1,56,-20,,0.0
CUST_001177,2021-09-04,Mid-Market,Retail,USA,Basic,49,12,30,2,59,37,,0.0
CUST_001178,2024-03-21,Mid-Market,Manufacturing,USA,Basic,49,24,35,1,75,14,,0.0
CUST_001179,2021-11-22,Small Business,Retail,USA,Enterprise,999,12,5,2,38,9,,0.0
CUST_001180,2023-07-29,Startup,Retail,USA,Business,399,1,2,3,69,-5,,0.0
CUST_001181,2023-09-05,Startup,Technology,USA,Business,399,1,2,4,68,78,,0.0
CUST_001182,2024-10-27,Small Business,Other,USA,Business,399,24,5,3,60,36,,0.0
CUST_001183,2024-01-06,Small Business,Education,Canada,Business,399,24,3,2,91,49,,0.0
CUST_001184,2020-11-10,Small Business,Healthcare,USA,Professional,149,24,4,0,78,16,,0.0
CUST_001185,2022-05-26,Small Business,Retail,USA,Business,399,1,7,0,33,64,,0.0
CUST_001186,2024-10-30,Mid-Market,Technology,Other,Professional,149,24,17,4,57,77,,0.0
CUST_001187,2023-11-01,Mid-Market,Technology,UK,Professional,149,12,29,3,51,26,,0.0
CUST_001188,2023-08-05,Mid-Market,Healthcare,USA,Business,399,1,26,1,62,-14,,0.0
CUST_001189,2023-12-31,Startup,Manufacturing,Canada,Basic,49,36,4,0,45,54,2024-11-17,1.0
CUST_001190,2021-10-23,Small Business,Real Estate,USA,Business,399,12,6,1,43,-33,,0.0
CUST_001191,2020-10-03,Small Business,Retail,USA,Basic,49,36,8,4,61,10,,0.0
CUST_001192,2024-09-29,Mid-Market,Finance,USA,Business,399,24,16,2,66,37,,0.0
CUST_001193,2024-05-24,Small Business,Finance,Other,Basic,49,12,4,2,48,28,,0.0
CUST_001194,2024-03-06,Mid-Market,Technology,Germany,Basic,49,12,45,1,46,100,2024-08-05,1.0
CUST_001195,2021-09-15,Mid-Market,Technology,France,Basic,49,12,12,2,33,47,,0.0
CUST_001196,2021-05-30,Startup,Manufacturing,Other,Business,399,24,2,0,71,50,,0.0
CUST_001197,2023-10-05,Small Business,Real Estate,Other,Basic,49,12,5,0,57,44,,0.0
CUST_001198,2022-04-22,Mid-Market,Finance,Germany,Professional,149,24,14,2,53,27,,0.0
CUST_001199,2024-01-09,Startup,Retail,Germany,Professional,149,1,3,0,81,48,,0.0
CUST_001200,2020-12-15,Mid-Market,Real Estate,USA,Basic,49,12,36,2,13,33,,0.0
CUST_001201,2024-06-18,Startup,Technology,USA,Enterprise,999,12,1,6,75,3,,0.0
CUST_001202,2024-08-14,Mid-Market,Education,Canada,Basic,49,1,48,1,93,93,,0.0
CUST_001203,2022-04-02,Mid-Market,Retail,Canada,Professional,149,24,21,2,23,21,,0.0
CUST_001204,2023-03-06,Mid-Market,Retail,Other,Professional,149,1,37,1,25,-32,2024-01-23,1.0
CUST_001205,2022-01-28,Mid-Market,Healthcare,UK,Basic,49,1,13,1,35,-53,2023-05-26,1.0
CUST_001206,2022-06-17,Mid-Market,Manufacturing,Germany,Basic,49,1,37,4,40,8,2024-01-20,1.0
CUST_001207,2020-08-30,Small Business,Education,Canada,Business,399,12,9,2,85,41,,0.0
CUST_001208,2021-06-26,Startup,Technology,USA,Enterprise,999,12,3,2,59,43,,0.0
CUST_001209,2022-11-29,Startup,Finance,Canada,Basic,49,24,1,3,100,-56,,0.0
CUST_001210,2020-08-16,Mid-Market,Technology,UK,Basic,49,12,40,2,57,83,2022-05-20,1.0
CUST_001211,2021-07-01,Small Business,Real Estate,UK,Enterprise,999,12,8,1,59,41,,0.0
CUST_001212,2022-07-08,Mid-Market,Finance,UK,Basic,49,12,21,6,91,34,,0.0
CUST_001213,2023-05-31,Enterprise,Education,USA,Professional,149,1,201,3,13,62,,0.0
CUST_001214,2020-01-06,Small Business,Healthcare,UK,Professional,149,12,2,1,67,57,,0.0
CUST_001215,2023-09-07,Small Business,Technology,Canada,Basic,49,12,9,2,75,70,2024-06-04,1.0
CUST_001216,2021-04-12,Enterprise,Technology,UK,Business,399,1,153,2,87,1,,0.0
CUST_001217,2024-10-21,Enterprise,Healthcare,UK,Enterprise,999,1,271,0,82,54,,0.0
CUST_001218,2020-03-15,Startup,Technology,USA,Professional,149,12,4,2,70,71,,0.0
CUST_001219,2020-01-04,Enterprise,Retail,USA,Business,399,24,437,5,90,33,,0.0
CUST_001220,2021-10-07,Small Business,Technology,USA,Professional,149,1,7,2,92,19,,0.0
CUST_001221,2020-04-27,Small Business,Finance,UK,Professional,149,1,3,1,77,37,,0.0
CUST_001222,2022-05-30,Mid-Market,Healthcare,Canada,Basic,49,1,47,0,44,55,2022-09-10,1.0
CUST_001223,2024-06-17,Mid-Market,Retail,Australia,Business,399,36,29,3,68,68,,0.0
CUST_001224,2021-05-18,Small Business,Manufacturing,USA,Professional,149,24,6,2,81,-49,2021-12-21,1.0
CUST_001225,2022-08-04,Startup,Retail,USA,Basic,49,1,4,2,59,29,,0.0
CUST_001226,2021-07-27,Small Business,Other,UK,Enterprise,999,1,5,1,78,38,,0.0
CUST_001227,2024-01-04,Small Business,Technology,UK,Business,399,24,8,2,63,25,,0.0
CUST_001228,2020-07-12,Startup,Finance,Canada,Enterprise,999,1,2,3,53,34,,0.0
CUST_001229,2022-04-26,Startup,Finance,Australia,Basic,49,36,2,1,67,24,2024-01-15,1.0
CUST_001230,2021-12-15,Small Business,Finance,France,Business,399,1,9,2,37,6,,0.0
CUST_001231,2023-11-16,Small Business,Retail,USA,Professional,149,1,7,1,70,13,,0.0
CUST_001232,2022-11-15,Small Business,Finance,Other,Enterprise,999,12,4,2,50,-4,,0.0
CUST_001233,2023-12-29,Small Business,Finance,USA,Enterprise,999,12,5,2,76,12,,0.0
CUST_001234,2020-06-21,Small Business,Finance,Canada,Enterprise,999,36,6,1,42,99,,0.0
CUST_001235,2023-08-16,Small Business,Other,Germany,Enterprise,999,24,3,2,100,58,,0.0
CUST_001236,2024-07-26,Enterprise,Real Estate,Germany,Basic,49,12,330,1,44,17,,0.0
CUST_001237,2020-11-21,Small Business,Healthcare,USA,Business,399,12,2,1,82,10,2022-06-29,1.0
CUST_001238,2023-12-04,Mid-Market,Technology,USA,Basic,49,24,25,0,62,35,,0.0
CUST_001239,2023-02-15,Mid-Market,Education,UK,Business,399,12,14,1,75,5,2024-05-19,1.0
CUST_001240,2022-04-15,Enterprise,Other,USA,Enterprise,999,1,76,0,79,90,2023-04-30,1.0
CUST_001241,2024-12-15,Small Business,Healthcare,USA,Basic,49,1,5,1,61,47,,0.0
CUST_001242,2021-12-24,Small Business,Healthcare,Canada,Professional,149,1,6,2,61,-29,,0.0
CUST_001243,2020-08-12,Mid-Market,Other,UK,Business,399,24,33,2,61,-27,2021-05-27,1.0
CUST_001244,2021-06-15,Small Business,Manufacturing,Germany,Basic,49,12,5,2,25,-10,2022-02-18,1.0
CUST_001245,2020-04-22,Small Business,Healthcare,USA,Basic,49,1,5,0,81,19,,0.0
CUST_001246,2020-05-19,Mid-Market,Retail,Australia,Basic,49,24,16,1,65,-33,2021-07-10,1.0
CUST_001247,2021-07-12,Small Business,Other,USA,Basic,49,1,6,1,58,40,,0.0
CUST_001248,2020-01-01,Startup,Education,Australia,Business,399,12,1,4,62,19,,0.0
CUST_001249,2020-03-30,Startup,Manufacturing,UK,Professional,149,24,2,3,56,3,,0.0
CUST_001250,2021-10-15,Small Business,Manufacturing,UK,Basic,49,12,5,4,24,35,,0.0
CUST_001251,2020-11-15,Small Business,Technology,Australia,Enterprise,999,1,3,2,56,100,,0.0
CUST_001252,2024-04-22,Enterprise,Education,USA,Business,399,12,120,4,64,1,,0.0
CUST_001253,2020-05-18,Mid-Market,Healthcare,USA,Professional,149,24,41,2,48,100,,0.0
CUST_001254,2024-03-14,Enterprise,Other,UK,Basic,49,12,183,1,66,14,,0.0
CUST_001255,2022-04-24,Startup,Healthcare,USA,Business,399,1,2,3,81,6,,0.0
CUST_001256,2020-09-15,Mid-Market,Real Estate,UK,Professional,149,1,40,1,53,4,,0.0
CUST_001257,2024-08-23,Mid-Market,Healthcare,USA,Business,399,24,13,2,36,70,,0.0
CUST_001258,2022-06-20,Startup,Finance,Australia,Business,399,12,2,1,65,28,2024-02-10,1.0
CUST_001259,2021-11-20,Startup,Technology,Canada,Basic,49,24,1,2,73,14,,0.0
CUST_001260,2020-01-10,Startup,Retail,USA,Enterprise,999,12,4,2,99,-69,,0.0
CUST_001261,2020-09-17,Enterprise,Education,France,Professional,149,12,256,1,55,-26,2022-04-12,1.0
CUST_001262,2024-07-31,Enterprise,Manufacturing,USA,Professional,149,36,111,0,65,70,,0.0
CUST_001263,2020-06-20,Small Business,Finance,USA,Enterprise,999,1,7,2,89,81,,0.0
CUST_001264,2022-06-16,Mid-Market,Technology,USA,Professional,149,1,24,3,47,85,,0.0
CUST_001265,2020-01-13,Enterprise,Other,Canada,Business,399,12,88,1,76,-11,,0.0
CUST_001266,2023-04-06,Small Business,Manufacturing,UK,Business,399,1,7,4,75,53,,0.0
CUST_001267,2024-07-23,Startup,Manufacturing,Canada,Basic,49,12,3,2,77,-3,,0.0
CUST_001268,2024-06-07,Mid-Market,Education,USA,Enterprise,999,36,15,2,53,81,,0.0
CUST_001269,2020-11-16,Small Business,Manufacturing,Other,Professional,149,24,8,2,46,62,2021-09-26,1.0
CUST_001270,2023-09-04,Small Business,Finance,Germany,Professional,149,12,2,2,59,36,,0.0
CUST_001271,2024-06-24,Mid-Market,Manufacturing,USA,Enterprise,999,24,15,3,64,-9,,0.0
CUST_001272,2020-11-24,Small Business,Retail,Germany,Professional,149,1,9,0,38,80,2022-04-21,1.0
CUST_001273,2022-02-23,Mid-Market,Real Estate,Canada,Business,399,12,45,4,75,36,,0.0
CUST_001274,2022-02-15,Mid-Market,Education,USA,Business,399,12,24,3,81,56,2022-10-11,1.0
CUST_001275,2022-06-29,Small Business,Technology,USA,Basic,49,12,5,2,40,-28,,0.0
CUST_001276,2024-04-22,Mid-Market,Healthcare,USA,Basic,49,1,49,4,82,-17,,0.0
CUST_001277,2023-12-13,Startup,Technology,France,Basic,49,24,4,2,41,11,,0.0
CUST_001278,2024-06-17,Mid-Market,Technology,Canada,Business,399,24,31,0,50,100,,0.0
CUST_001279,2023-01-23,Small Business,Retail,USA,Basic,49,12,5,2,65,-21,2023-07-10,1.0
CUST_001280,2024-05-23,Small Business,Real Estate,USA,Basic,49,1,9,2,66,10,,0.0
CUST_001281,2020-11-13,Mid-Market,Technology,UK,Basic,49,12,11,0,92,17,,0.0
CUST_001282,2020-08-23,Enterprise,Finance,UK,Basic,49,36,128,3,77,85,2021-11-06,1.0
CUST_001283,2020-11-29,Small Business,Real Estate,Germany,Business,399,12,9,5,70,42,,0.0
CUST_001284,2021-01-10,Startup,Education,Other,Enterprise,999,12,4,0,51,-32,2021-10-13,1.0
CUST_001285,2024-01-22,Startup,Finance,UK,Basic,49,36,3,2,55,14,,0.0
CUST_001286,2023-03-06,Small Business,Education,UK,Professional,149,12,8,1,45,10,,0.0
CUST_001287,2021-08-10,Startup,Finance,USA,Business,399,12,4,2,55,-30,2022-04-08,1.0
CUST_001288,2024-04-19,Small Business,Technology,France,Professional,149,12,9,6,99,30,,0.0
CUST_001289,2021-05-27,Small Business,Technology,USA,Enterprise,999,12,2,3,62,40,,0.0
CUST_001290,2023-08-12,Small Business,Technology,USA,Professional,149,12,2,0,68,72,2024-11-28,1.0
CUST_001291,2023-09-05,Small Business,Healthcare,Germany,Basic,49,12,7,3,56,50,2024-10-22,1.0
CUST_001292,2022-07-06,Startup,Other,USA,Enterprise,999,12,4,1,46,-17,,0.0
CUST_001293,2024-05-14,Small Business,Education,USA,Professional,149,1,2,1,67,23,,0.0
CUST_001294,2023-10-04,Startup,Finance,Canada,Basic,49,1,3,0,67,100,,0.0
CUST_001295,2024-12-07,Small Business,Finance,USA,Basic,49,12,8,1,88,45,,0.0
CUST_001296,2022-05-22,Mid-Market,Healthcare,USA,Enterprise,999,1,24,1,55,48,,0.0
CUST_001297,2023-06-06,Enterprise,Manufacturing,UK,Business,399,24,487,0,56,-3,2024-01-11,1.0
CUST_001298,2020-09-26,Small Business,Education,UK,Professional,149,12,5,0,49,5,,0.0
CUST_001299,2022-03-08,Small Business,Technology,USA,Business,399,12,4,1,69,-3,2023-08-05,1.0
CUST_001300,2023-08-07,Startup,Technology,Other,Professional,149,1,1,1,86,31,,0.0
CUST_001301,2021-12-25,Mid-Market,Retail,USA,Basic,49,1,30,1,85,36,,0.0
CUST_001302,2023-04-03,Startup,Retail,Germany,Business,399,12,1,5,99,35,,0.0
CUST_001303,2020-01-05,Startup,Finance,USA,Business,399,36,2,2,39,73,,0.0
CUST_001304,2022-04-30,Mid-Market,Retail,UK,Professional,149,12,16,4,71,37,,0.0
CUST_001305,2023-11-03,Startup,Retail,USA,Basic,49,24,3,1,73,-50,,0.0
CUST_001306,2020-03-18,Startup,Healthcare,USA,Basic,49,1,3,2,35,12,2021-09-20,1.0
CUST_001307,2023-12-04,Small Business,Healthcare,USA,Business,399,1,4,1,84,24,,0.0
CUST_001308,2021-07-27,Startup,Finance,UK,Business,399,24,3,2,19,8,,0.0
CUST_001309,2020-05-11,Startup,Real Estate,UK,Business,399,12,3,2,60,21,,0.0
CUST_001310,2021-08-23,Small Business,Other,USA,Business,399,12,3,2,31,3,,0.0
CUST_001311,2024-11-07,Mid-Market,Real Estate,Other,Business,399,1,19,2,100,80,,0.0
CUST_001312,2022-12-01,Startup,Manufacturing,USA,Business,399,1,4,3,62,-23,,0.0
CUST_001313,2020-03-29,Small Business,Retail,UK,Basic,49,12,5,3,83,-23,,0.0
CUST_001314,2021-02-05,Small Business,Manufacturing,USA,Professional,149,24,4,1,65,-31,,0.0
CUST_001315,2020-10-22,Mid-Market,Other,UK,Professional,149,1,12,2,50,60,2021-10-10,1.0
CUST_001316,2023-08-11,Startup,Technology,France,Basic,49,36,4,3,87,-31,,0.0
CUST_001317,2021-09-07,Enterprise,Finance,UK,Business,399,1,120,1,64,51,,0.0
CUST_001318,2024-03-29,Startup,Manufacturing,USA,Enterprise,999,12,1,4,41,24,2024-09-26,1.0
CUST_001319,2022-03-10,Mid-Market,Manufacturing,USA,Professional,149,1,32,4,52,19,2023-11-17,1.0
CUST_001320,2024-09-10,Mid-Market,Healthcare,France,Enterprise,999,12,15,2,44,45,,0.0
CUST_001321,2024-07-18,Small Business,Retail,USA,Professional,149,1,9,1,63,98,,0.0
CUST_001322,2021-02-25,Enterprise,Education,USA,Professional,149,1,223,0,59,-18,,0.0
CUST_001323,2022-11-12,Small Business,Finance,USA,Professional,149,36,3,1,60,1,,0.0
CUST_001324,2021-07-28,Startup,Education,USA,Basic,49,24,4,5,74,-33,,0.0
CUST_001325,2020-05-22,Startup,Healthcare,USA,Professional,149,24,4,1,100,37,,0.0
CUST_001326,2022-09-19,Mid-Market,Other,Australia,Professional,149,1,42,3,66,9,,0.0
CUST_001327,2021-10-26,Mid-Market,Finance,Germany,Enterprise,999,36,34,2,48,-14,,0.0
CUST_001328,2020-05-24,Startup,Retail,Canada,Professional,149,12,4,1,100,11,,0.0
CUST_001329,2023-06-02,Startup,Technology,USA,Basic,49,24,3,4,94,-11,,0.0
CUST_001330,2022-10-03,Small Business,Technology,UK,Basic,49,1,3,2,76,62,,0.0
CUST_001331,2021-05-17,Small Business,Retail,UK,Enterprise,999,1,3,2,67,-49,,0.0
CUST_001332,2022-03-31,Mid-Market,Finance,Canada,Professional,149,36,13,1,72,87,2023-12-08,1.0
CUST_001333,2024-06-27,Startup,Finance,USA,Enterprise,999,12,2,4,18,84,,0.0
CUST_001334,2020-04-13,Small Business,Technology,Other,Professional,149,24,4,5,33,-4,,0.0
CUST_001335,2022-11-28,Mid-Market,Education,UK,Professional,149,12,39,2,82,41,,0.0
CUST_001336,2020-07-16,Mid-Market,Education,Other,Business,399,12,21,3,93,100,,0.0
CUST_001337,2024-07-27,Startup,Technology,USA,Basic,49,24,4,1,28,39,,0.0
CUST_001338,2021-08-01,Enterprise,Retail,USA,Business,399,12,102,0,47,-10,,0.0
CUST_001339,2021-01-25,Mid-Market,Education,USA,Professional,149,24,49,1,51,67,,0.0
CUST_001340,2023-04-17,Small Business,Retail,France,Business,399,1,5,2,46,53,,0.0
CUST_001341,2021-07-07,Mid-Market,Healthcare,USA,Business,399,1,27,0,71,-12,,0.0
CUST_001342,2024-01-11,Enterprise,Retail,Australia,Basic,49,1,63,1,79,-5,,0.0
CUST_001343,2024-03-03,Startup,Technology,Australia,Professional,149,12,2,2,44,21,2024-08-28,1.0
CUST_001344,2022-11-04,Startup,Healthcare,Germany,Basic,49,24,4,3,36,95,,0.0
CUST_001345,2024-07-04,Startup,Technology,Germany,Basic,49,12,3,3,41,-15,,0.0
CUST_001346,2024-08-19,Startup,Retail,Germany,Business,399,12,4,2,55,17,,0.0
CUST_001347,2023-08-05,Small Business,Technology,Germany,Basic,49,24,5,1,96,96,,0.0
CUST_001348,2021-04-22,Startup,Other,USA,Professional,149,1,3,1,66,10,,0.0
CUST_001349,2023-06-08,Small Business,Healthcare,Germany,Basic,49,24,7,3,100,72,,0.0
CUST_001350,2022-07-11,Small Business,Technology,Australia,Basic,49,36,3,0,80,24,,0.0
CUST_001351,2021-02-23,Startup,Finance,USA,Basic,49,1,1,1,52,92,2021-12-25,1.0
CUST_001352,2020-06-05,Mid-Market,Healthcare,Other,Basic,49,1,17,0,67,71,,0.0
CUST_001353,2021-07-03,Small Business,Finance,USA,Business,399,1,8,3,54,36,,0.0
CUST_001354,2024-01-04,Small Business,Healthcare,USA,Professional,149,24,8,2,43,26,,0.0
CUST_001355,2023-01-25,Mid-Market,Technology,USA,Enterprise,999,1,28,3,58,-6,2023-06-22,1.0
CUST_001356,2022-10-17,Enterprise,Healthcare,USA,Basic,49,24,372,2,80,-39,,0.0
CUST_001357,2022-09-23,Startup,Finance,France,Business,399,12,4,1,53,29,,0.0
CUST_001358,2023-12-05,Startup,Technology,Other,Business,399,24,1,2,60,47,,0.0
CUST_001359,2022-08-08,Small Business,Education,France,Basic,49,24,9,4,53,62,,0.0
CUST_001360,2020-10-15,Enterprise,Retail,Other,Business,399,36,192,6,92,100,,0.0
CUST_001361,2023-07-01,Enterprise,Retail,USA,Business,399,1,491,1,61,-24,,0.0
CUST_001362,2020-07-14,Startup,Finance,USA,Professional,149,1,2,1,58,24,,0.0
CUST_001363,2021-08-20,Small Business,Retail,UK,Business,399,1,9,2,59,48,,0.0
CUST_001364,2024-03-25,Mid-Market,Other,France,Professional,149,12,49,5,71,-10,,0.0
CUST_001365,2021-05-31,Small Business,Technology,USA,Basic,49,12,8,1,66,52,,0.0
CUST_001366,2024-07-16,Mid-Market,Technology,Other,Professional,149,36,44,0,84,42,,0.0
CUST_001367,2022-05-14,Small Business,Technology,Canada,Business,399,24,2,2,57,14,2022-10-07,1.0
CUST_001368,2023-02-15,Startup,Technology,Other,Professional,149,1,2,3,100,-30,,0.0
CUST_001369,2022-03-16,Small Business,Technology,USA,Professional,149,24,5,3,50,27,,0.0
CUST_001370,2023-03-28,Small Business,Manufacturing,UK,Professional,149,1,7,3,67,47,,0.0
CUST_001371,2022-03-25,Small Business,Finance,France,Business,399,1,3,5,74,-42,,0.0
CUST_001372,2020-08-15,Small Business,Other,France,Business,399,24,3,0,64,16,,0.0
CUST_001373,2020-08-03,Small Business,Technology,USA,Basic,49,36,8,1,65,16,,0.0
CUST_001374,2022-08-05,Mid-Market,Healthcare,Other,Business,399,1,41,3,47,66,,0.0
CUST_001375,2024-09-15,Small Business,Other,Australia,Professional,149,24,4,2,78,-14,,0.0
CUST_001376,2020-01-15,Mid-Market,Education,USA,Professional,149,24,43,4,68,49,,0.0
CUST_001377,2023-03-26,Startup,Finance,USA,Professional,149,1,2,2,65,55,2024-03-26,1.0
CUST_001378,2024-07-29,Small Business,Retail,UK,Business,399,1,7,3,26,36,,0.0
CUST_001379,2023-07-08,Startup,Education,UK,Business,399,24,2,2,76,65,,0.0
CUST_001380,2023-03-26,Enterprise,Finance,Germany,Professional,149,24,296,5,77,100,,0.0
CUST_001381,2020-02-16,Startup,Technology,USA,Professional,149,12,3,3,9,68,,0.0
CUST_001382,2020-11-19,Small Business,Education,Canada,Professional,149,1,6,0,77,12,,0.0
CUST_001383,2022-04-23,Startup,Finance,Canada,Basic,49,12,1,0,60,53,,0.0
CUST_001384,2024-09-04,Mid-Market,Technology,USA,Enterprise,999,24,44,2,31,76,,0.0
CUST_001385,2020-05-09,Small Business,Finance,UK,Professional,149,12,6,6,45,0,2021-03-15,1.0
CUST_001386,2023-12-05,Startup,Finance,USA,Professional,149,1,4,4,40,54,2024-06-11,1.0
CUST_001387,2020-04-04,Mid-Market,Real Estate,USA,Business,399,24,33,5,48,39,,0.0
CUST_001388,2021-09-18,Mid-Market,Technology,Canada,Basic,49,12,36,3,75,53,,0.0
CUST_001389,2022-01-24,Small Business,Real Estate,Other,Business,399,24,6,3,76,-25,,0.0
CUST_001390,2023-08-08,Small Business,Finance,USA,Business,399,36,8,2,76,24,,0.0
CUST_001391,2022-03-04,Mid-Market,Finance,USA,Business,399,24,14,2,59,4,2022-10-16,1.0
CUST_001392,2023-07-30,Mid-Market,Technology,USA,Basic,49,36,27,0,100,41,,0.0
CUST_001393,2020-03-09,Mid-Market,Manufacturing,USA,Professional,149,36,29,4,15,59,2021-12-16,1.0
CUST_001394,2024-08-10,Startup,Real Estate,UK,Basic,49,12,4,1,44,-41,,0.0
CUST_001395,2020-01-11,Small Business,Healthcare,Germany,Professional,149,24,3,2,70,44,,0.0
CUST_001396,2023-07-01,Startup,Technology,USA,Business,399,12,1,3,51,89,,0.0
CUST_001397,2022-05-21,Startup,Retail,Other,Basic,49,12,4,1,59,90,,0.0
CUST_001398,2021-07-03,Small Business,Education,USA,Business,399,1,4,4,65,93,2022-09-29,1.0
CUST_001399,2023-03-03,Enterprise,Technology,Australia,Professional,149,12,417,1,59,63,,0.0
CUST_001400,2021-12-12,Enterprise,Retail,Australia,Business,399,1,174,1,37,82,,0.0
CUST_001401,2020-01-23,Mid-Market,Retail,UK,Professional,149,12,28,3,81,15,,0.0
CUST_001402,2022-03-25,Startup,Healthcare,USA,Basic,49,1,2,2,81,28,,0.0
CUST_001403,2020-12-11,Small Business,Finance,Canada,Basic,49,36,8,2,96,-30,2022-10-16,1.0
CUST_001404,2020-10-28,Mid-Market,Technology,Canada,Business,399,12,40,4,27,10,2021-06-24,1.0
CUST_001405,2020-12-28,Small Business,Education,Australia,Professional,149,1,7,2,80,65,,0.0
CUST_001406,2021-01-30,Small Business,Retail,Canada,Professional,149,12,2,2,47,51,,0.0
CUST_001407,2020-08-05,Small Business,Finance,UK,Basic,49,1,3,4,62,-72,,0.0
CUST_001408,2020-05-20,Mid-Market,Healthcare,Australia,Professional,149,24,37,2,51,34,,0.0
CUST_001409,2024-06-27,Startup,Healthcare,Other,Business,399,12,4,4,45,11,,0.0
CUST_001410,2022-08-15,Small Business,Education,Canada,Business,399,12,2,3,77,19,,0.0
CUST_001411,2023-05-18,Mid-Market,Finance,Australia,Basic,49,24,35,2,98,88,,0.0
CUST_001412,2022-09-11,Startup,Finance,Canada,Professional,149,12,2,1,100,-12,,0.0
CUST_001413,2022-09-19,Enterprise,Finance,Germany,Basic,49,24,437,3,85,-6,,0.0
CUST_001414,2024-07-04,Startup,Finance,Germany,Enterprise,999,12,3,4,42,100,,0.0
CUST_001415,2024-06-27,Startup,Healthcare,Germany,Professional,149,12,1,1,62,22,,0.0
CUST_001416,2022-04-07,Small Business,Technology,USA,Business,399,12,6,2,63,71,,0.0
CUST_001417,2021-11-13,Startup,Technology,Canada,Business,399,1,3,1,75,37,,0.0
CUST_001418,2024-01-23,Mid-Market,Manufacturing,Canada,Business,399,1,32,2,79,34,,0.0
CUST_001419,2022-09-30,Startup,Technology,USA,Enterprise,999,1,2,4,55,-4,,0.0
CUST_001420,2020-12-21,Small Business,Technology,USA,Basic,49,24,5,6,90,75,,0.0
CUST_001421,2022-10-04,Small Business,Education,France,Enterprise,999,24,2,1,100,61,,0.0
CUST_001422,2023-09-09,Startup,Technology,Canada,Business,399,1,1,1,72,13,2024-01-02,1.0
CUST_001423,2023-03-02,Startup,Retail,USA,Professional,149,1,1,3,53,30,2024-04-10,1.0
CUST_001424,2022-06-06,Startup,Healthcare,Australia,Business,399,36,4,3,86,54,,0.0
CUST_001425,2020-05-06,Mid-Market,Technology,Australia,Business,399,1,46,1,87,-3,,0.0
CUST_001426,2023-02-03,Startup,Finance,UK,Business,399,12,2,1,78,-36,,0.0
CUST_001427,2022-10-05,Small Business,Technology,USA,Basic,49,12,8,3,64,34,,0.0
CUST_001428,2021-08-26,Startup,Education,Other,Professional,149,24,2,1,93,0,,0.0
CUST_001429,2024-12-27,Small Business,Finance,Australia,Basic,49,1,6,1,45,65,,0.0
CUST_001430,2023-11-02,Mid-Market,Technology,USA,Business,399,36,18,1,63,18,2024-04-17,1.0
CUST_001431,2022-10-10,Small Business,Technology,USA,Enterprise,999,12,8,1,100,-22,,0.0
CUST_001432,2020-02-20,Small Business,Finance,UK,Business,399,1,9,1,64,37,,0.0
CUST_001433,2022-11-18,Startup,Technology,Germany,Professional,149,12,3,2,65,-19,,0.0
CUST_001434,2024-01-25,Mid-Market,Healthcare,USA,Business,399,12,14,4,69,48,,0.0
CUST_001435,2023-08-12,Small Business,Finance,UK,Basic,49,1,3,0,46,-54,,0.0
CUST_001436,2023-08-13,Mid-Market,Education,UK,Professional,149,36,34,3,42,30,,0.0
CUST_001437,2024-10-15,Startup,Finance,Australia,Business,399,1,3,3,54,46,,0.0
CUST_001438,2022-02-17,Small Business,Manufacturing,UK,Basic,49,24,7,0,61,-18,,0.0
CUST_001439,2023-12-01,Enterprise,Real Estate,UK,Basic,49,12,59,5,88,80,,0.0
CUST_001440,2024-11-27,Mid-Market,Technology,Other,Business,399,1,43,1,70,-31,,0.0
CUST_001441,2022-03-24,Enterprise,Education,USA,Professional,149,1,317,4,95,42,,0.0
CUST_001442,2024-06-24,Small Business,Manufacturing,USA,Business,399,12,6,2,75,-33,,0.0
CUST_001443,2023-11-29,Mid-Market,Healthcare,France,Basic,49,12,13,2,82,-13,,0.0
CUST_001444,2023-10-01,Mid-Market,Other,USA,Basic,49,24,32,0,77,43,2024-12-18,1.0
CUST_001445,2024-07-03,Startup,Healthcare,Australia,Professional,149,12,1,1,96,49,,0.0
CUST_001446,2021-02-23,Startup,Healthcare,USA,Business,399,12,2,1,66,36,2022-08-02,1.0
CUST_001447,2023-04-20,Small Business,Education,USA,Professional,149,1,9,0,66,59,,0.0
CUST_001448,2022-09-09,Startup,Finance,Other,Business,399,36,1,3,43,-20,2023-02-25,1.0
CUST_001449,2022-04-04,Enterprise,Healthcare,UK,Professional,149,36,293,2,82,-31,,0.0
CUST_001450,2022-10-21,Small Business,Technology,Germany,Business,399,12,5,2,55,55,,0.0
CUST_001451,2021-07-20,Small Business,Manufacturing,USA,Basic,49,1,5,1,79,-39,,0.0
CUST_001452,2021-01-05,Small Business,Education,USA,Professional,149,24,2,3,68,-18,,0.0
CUST_001453,2022-07-24,Small Business,Retail,Australia,Basic,49,24,7,4,42,25,,0.0
CUST_001454,2021-10-22,Small Business,Other,USA,Basic,49,12,5,2,66,41,2023-02-14,1.0
CUST_001455,2023-12-25,Small Business,Healthcare,UK,Basic,49,12,2,3,56,41,,0.0
CUST_001456,2022-08-26,Small Business,Technology,USA,Basic,49,24,6,5,36,-23,,0.0
CUST_001457,2023-08-25,Mid-Market,Manufacturing,USA,Enterprise,999,1,10,4,71,30,,0.0
CUST_001458,2023-03-06,Mid-Market,Manufacturing,France,Basic,49,12,14,3,99,-12,,0.0
CUST_001459,2020-07-20,Mid-Market,Technology,France,Basic,49,1,23,0,45,44,,0.0
CUST_001460,2023-12-30,Mid-Market,Technology,Germany,Business,399,1,34,4,11,36,2024-12-24,1.0
CUST_001461,2020-11-08,Small Business,Education,Germany,Professional,149,36,7,1,100,64,,0.0
CUST_001462,2020-04-26,Mid-Market,Other,UK,Professional,149,12,39,3,32,20,,0.0
CUST_001463,2024-08-16,Startup,Retail,UK,Professional,149,24,3,0,100,11,,0.0
CUST_001464,2022-07-25,Mid-Market,Healthcare,Germany,Professional,149,12,49,1,91,99,,0.0
CUST_001465,2021-07-28,Mid-Market,Other,USA,Basic,49,24,17,2,66,-43,2023-07-07,1.0
CUST_001466,2020-08-31,Small Business,Real Estate,USA,Basic,49,12,6,3,52,100,,0.0
CUST_001467,2021-06-20,Enterprise,Finance,Other,Business,399,1,422,5,87,21,,0.0
CUST_001468,2024-06-13,Small Business,Education,USA,Basic,49,24,6,1,68,-25,,0.0
CUST_001469,2020-03-15,Small Business,Education,USA,Basic,49,1,3,3,100,5,,0.0
CUST_001470,2021-01-20,Mid-Market,Other,Canada,Professional,149,12,41,4,75,62,2021-04-27,1.0
CUST_001471,2023-05-18,Enterprise,Education,Germany,Basic,49,12,478,2,100,61,2024-06-05,1.0
CUST_001472,2021-04-19,Small Business,Retail,UK,Professional,149,1,5,0,81,100,,0.0
CUST_001473,2021-02-21,Enterprise,Retail,USA,Business,399,1,129,4,91,36,,0.0
CUST_001474,2020-12-12,Mid-Market,Finance,Other,Enterprise,999,24,24,0,72,41,,0.0
CUST_001475,2024-04-01,Mid-Market,Retail,Germany,Business,399,12,24,1,63,65,,0.0
CUST_001476,2021-10-01,Mid-Market,Education,Australia,Basic,49,12,38,2,56,-49,,0.0
CUST_001477,2022-07-27,Small Business,Other,USA,Enterprise,999,12,6,0,46,25,,0.0
CUST_001478,2022-08-12,Small Business,Finance,USA,Professional,149,12,4,3,62,37,,0.0
CUST_001479,2022-05-25,Small Business,Retail,USA,Basic,49,24,8,2,44,-30,,0.0
CUST_001480,2022-02-01,Mid-Market,Finance,USA,Professional,149,24,31,2,56,24,,0.0
CUST_001481,2023-04-17,Mid-Market,Retail,USA,Business,399,1,16,1,69,4,,0.0
CUST_001482,2023-04-20,Startup,Retail,USA,Basic,49,12,4,2,75,25,,0.0
CUST_001483,2021-10-25,Small Business,Technology,UK,Professional,149,12,8,1,92,96,,0.0
CUST_001484,2020-01-25,Startup,Finance,Germany,Business,399,12,1,1,70,100,,0.0
CUST_001485,2023-04-18,Small Business,Technology,France,Basic,49,12,9,1,74,25,,0.0
CUST_001486,2021-12-10,Small Business,Technology,USA,Business,399,12,7,2,60,49,,0.0
CUST_001487,2024-03-04,Small Business,Education,UK,Professional,149,1,2,1,65,73,,0.0
CUST_001488,2023-03-30,Mid-Market,Healthcare,USA,Professional,149,12,18,2,66,45,,0.0
CUST_001489,2020-06-25,Small Business,Healthcare,UK,Basic,49,1,3,0,100,-31,2020-11-18,1.0
CUST_001490,2020-10-11,Small Business,Technology,UK,Professional,149,1,7,2,73,31,,0.0
CUST_001491,2020-03-03,Mid-Market,Technology,UK,Professional,149,36,43,1,41,6,2021-02-06,1.0
CUST_001492,2022-09-29,Mid-Market,Manufacturing,Australia,Business,399,12,41,0,69,62,,0.0
CUST_001493,2021-10-23,Startup,Finance,France,Enterprise,999,12,1,0,48,5,,0.0
CUST_001494,2021-10-27,Startup,Real Estate,Canada,Enterprise,999,1,4,3,51,32,,0.0
CUST_001495,2020-06-04,Small Business,Healthcare,Australia,Basic,49,24,3,1,66,41,,0.0
CUST_001496,2024-02-01,Mid-Market,Healthcare,Germany,Basic,49,1,14,2,73,-5,,0.0
CUST_001497,2022-12-08,Mid-Market,Healthcare,France,Professional,149,12,49,1,72,-15,,0.0
CUST_001498,2022-08-24,Small Business,Manufacturing,Canada,Business,399,12,8,4,51,-18,2023-12-26,1.0
CUST_001499,2022-04-28,Mid-Market,Retail,UK,Enterprise,999,24,14,3,34,96,2023-09-02,1.0
CUST_001500,2023-01-12,Startup,Real Estate,Germany,Business,399,24,3,3,62,55,,0.0
CUST_001501,2023-10-16,Mid-Market,Retail,USA,Professional,149,1,17,1,63,29,,0.0
CUST_001502,2021-11-19,Small Business,Finance,Germany,Basic,49,24,2,2,63,67,2022-03-22,1.0
CUST_001503,2020-05-27,Small Business,Education,Other,Business,399,24,3,2,69,79,,0.0
CUST_001504,2024-07-11,Startup,Other,Germany,Basic,49,36,3,1,56,28,,0.0
CUST_001505,2020-12-07,Small Business,Healthcare,USA,Basic,49,36,5,2,83,45,,0.0
CUST_001506,2021-04-20,Small Business,Technology,USA,Business,399,12,4,3,78,2,,0.0
CUST_001507,2022-12-22,Startup,Retail,France,Professional,149,24,3,3,81,98,,0.0
CUST_001508,2024-09-20,Enterprise,Finance,Other,Basic,49,12,435,1,94,31,,0.0
CUST_001509,2023-10-15,Startup,Other,USA,Professional,149,12,1,3,74,76,,0.0
CUST_001510,2021-07-14,Mid-Market,Finance,Australia,Basic,49,1,11,0,66,79,,0.0
CUST_001511,2020-11-22,Startup,Technology,Australia,Professional,149,1,1,1,62,36,,0.0
CUST_001512,2024-11-27,Small Business,Other,USA,Basic,49,1,3,2,79,75,,0.0
CUST_001513,2024-10-25,Mid-Market,Education,Australia,Business,399,36,12,0,66,-21,,0.0
CUST_001514,2023-03-10,Startup,Technology,USA,Professional,149,1,1,1,28,14,2024-07-30,1.0
CUST_001515,2022-09-16,Enterprise,Real Estate,Canada,Professional,149,1,352,1,53,64,,0.0
CUST_001516,2020-08-02,Mid-Market,Healthcare,UK,Basic,49,12,38,1,94,15,,0.0
CUST_001517,2021-03-10,Small Business,Healthcare,Germany,Basic,49,12,6,2,27,78,,0.0
CUST_001518,2022-08-09,Small Business,Real Estate,Germany,Business,399,36,4,3,71,46,,0.0
CUST_001519,2021-12-23,Small Business,Finance,UK,Business,399,12,7,3,75,100,,0.0
CUST_001520,2023-09-03,Enterprise,Technology,Australia,Basic,49,1,237,3,63,26,,0.0
CUST_001521,2020-02-01,Mid-Market,Healthcare,France,Professional,149,36,10,2,51,30,,0.0
CUST_001522,2021-10-31,Mid-Market,Manufacturing,France,Business,399,1,46,0,43,41,,0.0
CUST_001523,2020-10-11,Mid-Market,Technology,UK,Professional,149,36,41,2,68,62,,0.0
CUST_001524,2023-08-21,Small Business,Retail,USA,Basic,49,1,2,2,58,-21,,0.0
CUST_001525,2021-03-04,Startup,Manufacturing,UK,Professional,149,24,4,1,95,30,,0.0
CUST_001526,2024-02-09,Startup,Healthcare,Australia,Professional,149,1,4,1,74,38,,0.0
CUST_001527,2020-10-12,Startup,Manufacturing,USA,Basic,49,36,1,3,57,19,,0.0
CUST_001528,2023-03-13,Mid-Market,Real Estate,Other,Basic,49,1,19,1,70,38,,0.0
CUST_001529,2023-12-18,Small Business,Finance,France,Professional,149,1,6,3,51,3,,0.0
CUST_001530,2022-11-08,Mid-Market,Healthcare,Germany,Enterprise,999,24,46,1,61,-35,,0.0
CUST_001531,2020-01-18,Mid-Market,Healthcare,Germany,Professional,149,1,11,3,29,19,,0.0
CUST_001532,2022-02-07,Small Business,Retail,Canada,Basic,49,24,7,2,57,-41,2023-03-28,1.0
CUST_001533,2021-08-12,Enterprise,Real Estate,Germany,Professional,149,24,109,1,75,31,,0.0
CUST_001534,2023-10-26,Mid-Market,Healthcare,UK,Basic,49,12,47,3,61,-19,2024-05-14,1.0
CUST_001535,2023-04-13,Startup,Healthcare,Australia,Basic,49,12,1,2,82,66,,0.0
CUST_001536,2022-10-06,Small Business,Finance,Germany,Professional,149,36,2,3,90,6,,0.0
CUST_001537,2020-07-12,Small Business,Retail,France,Enterprise,999,24,6,0,79,81,2021-03-18,1.0
CUST_001538,2021-05-16,Enterprise,Technology,France,Business,399,12,473,0,100,10,,0.0
CUST_001539,2022-09-14,Mid-Market,Education,USA,Basic,49,1,43,5,85,57,,0.0
CUST_001540,2023-02-10,Startup,Healthcare,USA,Business,399,1,1,2,65,39,2024-11-06,1.0
CUST_001541,2020-04-23,Mid-Market,Manufacturing,France,Basic,49,1,13,2,60,64,,0.0
CUST_001542,2023-05-30,Small Business,Finance,USA,Basic,49,12,2,4,56,32,,0.0
CUST_001543,2024-08-28,Enterprise,Retail,Canada,Enterprise,999,24,63,1,50,81,,0.0
CUST_001544,2022-08-04,Small Business,Technology,UK,Enterprise,999,24,6,1,71,34,,0.0
CUST_001545,2022-04-10,Enterprise,Manufacturing,USA,Basic,49,24,191,2,57,53,2024-04-01,1.0
CUST_001546,2024-07-25,Startup,Technology,USA,Basic,49,12,4,3,38,-5,,0.0
CUST_001547,2023-07-11,Startup,Technology,France,Basic,49,12,4,2,80,63,,0.0
CUST_001548,2022-07-13,Startup,Finance,Canada,Professional,149,24,1,2,53,100,,0.0
CUST_001549,2020-02-24,Mid-Market,Manufacturing,UK,Business,399,24,32,3,34,32,,0.0
CUST_001550,2024-07-24,Startup,Technology,Other,Basic,49,12,2,0,87,-1,,0.0
CUST_001551,2022-03-10,Small Business,Technology,USA,Professional,149,1,4,1,88,-12,,0.0
CUST_001552,2022-02-16,Small Business,Education,USA,Basic,49,12,5,4,42,-25,,0.0
CUST_001553,2024-01-21,Small Business,Education,France,Basic,49,12,4,2,54,-20,,0.0
CUST_001554,2020-06-10,Enterprise,Technology,France,Business,399,1,410,6,48,0,,0.0
CUST_001555,2023-11-04,Mid-Market,Retail,UK,Business,399,12,33,6,52,-31,,0.0
CUST_001556,2020-03-27,Small Business,Finance,Other,Basic,49,1,7,2,23,43,2020-11-09,1.0
CUST_001557,2020-02-24,Mid-Market,Retail,Other,Basic,49,36,37,1,56,0,,0.0
CUST_001558,2024-02-08,Small Business,Real Estate,USA,Basic,49,1,4,2,57,59,,0.0
CUST_001559,2024-12-28,Small Business,Technology,USA,Professional,149,12,8,3,96,74,,0.0
CUST_001560,2023-04-16,Startup,Education,France,Basic,49,24,3,0,67,45,,0.0
CUST_001561,2023-11-15,Startup,Finance,USA,Professional,149,12,1,2,54,63,,0.0
CUST_001562,2023-10-04,Startup,Retail,USA,Professional,149,24,4,5,69,4,,0.0
CUST_001563,2022-10-28,Mid-Market,Retail,France,Basic,49,24,34,0,38,-32,,0.0
CUST_001564,2022-04-12,Mid-Market,Real Estate,UK,Business,399,36,49,4,66,-36,,0.0
CUST_001565,2020-11-08,Small Business,Technology,UK,Basic,49,12,4,3,51,12,,0.0
CUST_001566,2022-01-28,Enterprise,Technology,USA,Business,399,1,375,3,67,30,,0.0
CUST_001567,2021-03-18,Enterprise,Technology,Germany,Professional,149,12,269,1,74,25,,0.0
CUST_001568,2024-11-25,Small Business,Other,Canada,Business,399,24,9,2,53,39,,0.0
CUST_001569,2020-11-23,Small Business,Manufacturing,USA,Basic,49,12,8,2,70,66,,0.0
CUST_001570,2022-12-13,Startup,Retail,USA,Business,399,1,3,1,51,93,,0.0
CUST_001571,2022-01-30,Mid-Market,Technology,Canada,Basic,49,1,31,0,43,53,,0.0
CUST_001572,2023-06-16,Mid-Market,Real Estate,Other,Enterprise,999,12,45,3,83,43,,0.0
CUST_001573,2023-06-06,Mid-Market,Education,Other,Business,399,24,28,2,85,13,,0.0
CUST_001574,2021-08-01,Startup,Retail,USA,Basic,49,1,2,5,69,-29,,0.0
CUST_001575,2022-12-10,Startup,Healthcare,Germany,Basic,49,12,3,2,80,6,,0.0
CUST_001576,2024-06-20,Startup,Technology,France,Business,399,1,1,0,34,20,,0.0
CUST_001577,2024-06-15,Startup,Retail,France,Enterprise,999,24,1,1,81,-44,,0.0
CUST_001578,2022-10-03,Small Business,Manufacturing,Canada,Business,399,24,9,1,93,4,,0.0
CUST_001579,2023-07-11,Small Business,Technology,USA,Business,399,12,8,1,77,77,,0.0
CUST_001580,2023-12-12,Mid-Market,Retail,France,Business,399,1,26,3,62,27,,0.0
CUST_001581,2020-04-05,Small Business,Healthcare,USA,Professional,149,1,8,0,38,44,,0.0
CUST_001582,2023-01-16,Small Business,Manufacturing,USA,Basic,49,12,8,2,75,83,,0.0
CUST_001583,2023-01-06,Small Business,Finance,Canada,Basic,49,12,9,3,76,34,,0.0
CUST_001584,2023-08-04,Startup,Technology,Other,Professional,149,12,1,2,86,32,,0.0
CUST_001585,2023-02-17,Startup,Finance,USA,Professional,149,36,2,1,58,49,,0.0
CUST_001586,2022-03-24,Startup,Healthcare,Canada,Professional,149,36,1,2,53,100,,0.0
CUST_001587,2021-05-05,Startup,Technology,USA,Basic,49,1,1,1,49,30,,0.0
CUST_001588,2021-03-27,Small Business,Education,Australia,Professional,149,1,6,0,46,25,,0.0
CUST_001589,2024-03-03,Mid-Market,Technology,Canada,Basic,49,12,39,1,74,52,,0.0
CUST_001590,2020-06-13,Enterprise,Healthcare,USA,Professional,149,12,223,2,64,57,,0.0
CUST_001591,2020-06-30,Small Business,Technology,USA,Professional,149,12,7,1,74,24,,0.0
CUST_001592,2021-04-13,Small Business,Technology,UK,Basic,49,24,3,2,68,31,,0.0
CUST_001593,2022-06-28,Enterprise,Healthcare,USA,Business,399,1,284,2,56,24,,0.0
CUST_001594,2022-01-04,Startup,Technology,USA,Professional,149,24,4,2,47,60,,0.0
CUST_001595,2022-04-02,Enterprise,Retail,Germany,Business,399,12,286,2,91,-47,,0.0
CUST_001596,2022-08-01,Mid-Market,Technology,UK,Basic,49,36,46,1,69,84,,0.0
CUST_001597,2020-01-07,Small Business,Manufacturing,Germany,Basic,49,12,8,2,88,36,,0.0
CUST_001598,2020-11-25,Mid-Market,Technology,USA,Basic,49,24,15,1,74,-57,,0.0
CUST_001599,2022-02-13,Enterprise,Technology,Canada,Basic,49,1,325,5,57,-59,,0.0
CUST_001600,2024-08-23,Mid-Market,Healthcare,UK,Basic,49,24,49,0,56,26,,0.0
CUST_001601,2020-05-30,Startup,Real Estate,USA,Basic,49,1,2,3,48,-49,2021-12-15,1.0
CUST_001602,2023-01-13,Small Business,Retail,UK,Business,399,12,8,1,90,88,,0.0
CUST_001603,2020-05-26,Small Business,Education,USA,Enterprise,999,1,8,4,93,100,,0.0
CUST_001604,2024-07-05,Small Business,Technology,France,Enterprise,999,1,9,4,58,-25,,0.0
CUST_001605,2023-11-05,Enterprise,Education,Canada,Enterprise,999,1,432,2,78,-9,,0.0
CUST_001606,2022-07-03,Startup,Technology,Canada,Professional,149,1,2,3,57,7,,0.0
CUST_001607,2024-04-20,Enterprise,Technology,USA,Professional,149,12,269,3,35,30,,0.0
CUST_001608,2023-08-01,Startup,Retail,USA,Basic,49,36,4,4,53,39,,0.0
CUST_001609,2021-11-30,Small Business,Healthcare,UK,Basic,49,12,4,3,79,-9,,0.0
CUST_001610,2020-03-22,Startup,Other,Canada,Business,399,24,2,3,85,83,2021-06-09,1.0
CUST_001611,2021-05-28,Mid-Market,Technology,USA,Business,399,1,33,5,64,58,2021-09-21,1.0
CUST_001612,2022-03-25,Small Business,Other,USA,Business,399,12,9,0,51,78,,0.0
CUST_001613,2021-12-09,Mid-Market,Retail,USA,Business,399,1,42,2,42,30,,0.0
CUST_001614,2024-03-26,Enterprise,Retail,UK,Basic,49,1,388,1,58,86,,0.0
CUST_001615,2022-01-15,Small Business,Technology,USA,Professional,149,1,2,3,60,25,,0.0
CUST_001616,2022-10-19,Mid-Market,Healthcare,UK,Professional,149,12,31,3,60,-25,2024-07-15,1.0
CUST_001617,2023-11-10,Small Business,Real Estate,USA,Enterprise,999,1,4,2,41,75,,0.0
CUST_001618,2021-12-07,Mid-Market,Healthcare,UK,Enterprise,999,36,32,3,72,-13,,0.0
CUST_001619,2021-04-15,Mid-Market,Retail,USA,Professional,149,12,15,1,66,14,,0.0
CUST_001620,2023-02-16,Startup,Other,Canada,Basic,49,24,1,6,59,-4,,0.0
CUST_001621,2021-01-30,Small Business,Healthcare,USA,Basic,49,36,6,6,65,85,,0.0
CUST_001622,2024-04-04,Small Business,Retail,USA,Professional,149,12,5,1,75,11,,0.0
CUST_001623,2020-09-17,Small Business,Manufacturing,UK,Business,399,36,5,5,76,41,,0.0
CUST_001624,2022-03-15,Startup,Technology,USA,Basic,49,1,2,1,90,73,,0.0
CUST_001625,2022-07-22,Mid-Market,Technology,USA,Basic,49,24,26,0,90,3,,0.0
CUST_001626,2023-07-03,Small Business,Finance,France,Basic,49,1,5,2,75,46,,0.0
CUST_001627,2024-10-23,Startup,Healthcare,Australia,Enterprise,999,12,1,1,61,17,,0.0
CUST_001628,2022-06-23,Small Business,Manufacturing,USA,Professional,149,12,4,4,52,38,,0.0
CUST_001629,2023-06-03,Small Business,Technology,Australia,Professional,149,36,6,1,82,30,,0.0
CUST_001630,2022-12-12,Small Business,Other,UK,Professional,149,36,7,1,41,69,,0.0
CUST_001631,2022-07-28,Small Business,Technology,USA,Basic,49,1,3,1,66,25,2023-07-31,1.0
CUST_001632,2024-03-03,Small Business,Retail,Other,Basic,49,12,6,1,46,29,,0.0
CUST_001633,2024-03-09,Enterprise,Retail,France,Business,399,24,115,5,84,100,,0.0
CUST_001634,2022-05-03,Mid-Market,Technology,Other,Business,399,24,17,2,81,-25,,0.0
CUST_001635,2023-10-19,Startup,Technology,USA,Professional,149,1,2,0,65,57,,0.0
CUST_001636,2023-07-27,Mid-Market,Education,USA,Professional,149,12,40,0,100,100,,0.0
CUST_001637,2021-08-15,Small Business,Real Estate,UK,Business,399,24,3,1,50,25,,0.0
CUST_001638,2021-12-14,Small Business,Healthcare,Canada,Business,399,24,7,4,73,-22,,0.0
CUST_001639,2023-03-27,Small Business,Finance,USA,Basic,49,12,7,4,76,5,,0.0
CUST_001640,2021-09-23,Enterprise,Healthcare,Australia,Professional,149,24,415,3,69,19,,0.0
CUST_001641,2020-02-28,Mid-Market,Technology,UK,Business,399,12,13,0,59,89,,0.0
CUST_001642,2024-10-16,Startup,Manufacturing,UK,Professional,149,36,4,1,67,-31,,0.0
CUST_001643,2020-05-07,Startup,Education,Canada,Enterprise,999,12,4,5,100,46,,0.0
CUST_001644,2022-01-05,Small Business,Healthcare,Canada,Business,399,12,6,1,65,-28,,0.0
CUST_001645,2021-12-21,Small Business,Other,USA,Basic,49,24,9,0,78,9,,0.0
CUST_001646,2023-02-12,Small Business,Technology,Other,Business,399,1,8,1,32,77,2023-12-17,1.0
CUST_001647,2023-05-17,Small Business,Retail,USA,Basic,49,36,3,2,62,54,2024-07-29,1.0
CUST_001648,2021-06-09,Small Business,Finance,USA,Business,399,12,4,0,100,45,,0.0
CUST_001649,2021-06-04,Enterprise,Finance,Australia,Professional,149,36,218,1,54,70,,0.0
CUST_001650,2021-07-05,Small Business,Finance,Other,Professional,149,1,3,2,53,29,,0.0
CUST_001651,2020-08-24,Startup,Healthcare,France,Business,399,12,2,6,99,36,,0.0
CUST_001652,2023-07-28,Startup,Manufacturing,Australia,Business,399,24,2,3,52,25,2024-05-23,1.0
CUST_001653,2023-10-14,Enterprise,Manufacturing,Canada,Business,399,24,368,2,50,47,,0.0
CUST_001654,2023-05-09,Small Business,Healthcare,Other,Basic,49,1,2,0,79,46,,0.0
CUST_001655,2024-11-16,Small Business,Education,USA,Basic,49,1,9,3,100,94,,0.0
CUST_001656,2023-07-25,Small Business,Healthcare,France,Professional,149,12,9,1,83,-31,,0.0
CUST_001657,2023-06-12,Mid-Market,Manufacturing,Germany,Enterprise,999,12,16,1,66,24,,0.0
CUST_001658,2021-05-08,Small Business,Technology,USA,Professional,149,24,4,2,91,21,,0.0
CUST_001659,2020-01-04,Small Business,Technology,UK,Basic,49,12,8,3,61,82,2020-12-05,1.0
CUST_001660,2021-10-27,Mid-Market,Healthcare,UK,Professional,149,24,49,1,54,-5,2023-04-15,1.0
CUST_001661,2021-03-17,Small Business,Retail,Germany,Professional,149,12,4,0,94,17,,0.0
CUST_001662,2020-01-29,Small Business,Retail,USA,Business,399,1,2,3,91,31,,0.0
CUST_001663,2023-02-06,Small Business,Healthcare,France,Business,399,1,3,0,57,48,,0.0
CUST_001664,2021-09-01,Startup,Technology,USA,Enterprise,999,12,1,2,85,22,,0.0
CUST_001665,2024-10-16,Mid-Market,Healthcare,UK,Business,399,12,32,3,91,7,,0.0
CUST_001666,2022-03-15,Mid-Market,Manufacturing,Australia,Basic,49,12,41,3,61,3,2023-10-27,1.0
CUST_001667,2020-03-15,Small Business,Manufacturing,Canada,Professional,149,24,6,4,68,-13,,0.0
CUST_001668,2022-04-17,Mid-Market,Technology,USA,Business,399,12,12,3,41,-6,,0.0
CUST_001669,2023-03-15,Mid-Market,Technology,USA,Enterprise,999,36,17,3,64,15,,0.0
CUST_001670,2020-05-07,Mid-Market,Manufacturing,Germany,Basic,49,36,47,1,53,0,,0.0
CUST_001671,2020-02-11,Enterprise,Technology,Other,Basic,49,1,240,0,60,100,,0.0
CUST_001672,2023-10-11,Startup,Technology,Other,Basic,49,24,4,1,38,47,,0.0
CUST_001673,2020-02-10,Mid-Market,Technology,Germany,Professional,149,12,17,0,91,-11,,0.0
CUST_001674,2022-07-22,Small Business,Finance,USA,Basic,49,12,5,1,86,47,,0.0
CUST_001675,2020-02-03,Enterprise,Finance,USA,Business,399,12,73,1,91,-32,2020-05-27,1.0
CUST_001676,2022-11-06,Small Business,Retail,USA,Business,399,24,7,2,65,80,,0.0
CUST_001677,2024-08-27,Mid-Market,Healthcare,USA,Professional,149,36,46,2,58,11,,0.0
CUST_001678,2023-03-22,Small Business,Manufacturing,USA,Professional,149,12,6,4,71,73,,0.0
CUST_001679,2022-09-24,Small Business,Technology,USA,Enterprise,999,1,2,1,72,32,,0.0
CUST_001680,2023-11-02,Mid-Market,Education,Canada,Professional,149,12,17,6,94,40,,0.0
CUST_001681,2021-08-10,Small Business,Retail,USA,Basic,49,1,2,0,68,34,2022-03-21,1.0
CUST_001682,2024-06-10,Mid-Market,Retail,Germany,Basic,49,12,45,1,67,-81,,0.0
CUST_001683,2024-07-10,Small Business,Technology,Other,Professional,149,24,8,2,80,51,,0.0
CUST_001684,2020-12-07,Mid-Market,Technology,Canada,Basic,49,12,36,5,27,-8,2022-09-28,1.0
CUST_001685,2020-01-27,Startup,Finance,France,Professional,149,1,4,1,94,30,2021-09-01,1.0
CUST_001686,2023-08-03,Enterprise,Retail,France,Enterprise,999,12,134,8,80,52,,0.0
CUST_001687,2021-10-07,Small Business,Technology,USA,Business,399,12,8,2,74,86,,0.0
CUST_001688,2021-12-31,Mid-Market,Other,USA,Professional,149,1,48,2,77,73,,0.0
CUST_001689,2020-06-16,Mid-Market,Other,USA,Basic,49,12,11,0,83,-12,,0.0
CUST_001690,2021-09-01,Small Business,Finance,USA,Enterprise,999,36,3,6,100,-23,,0.0
CUST_001691,2020-09-24,Startup,Other,Germany,Business,399,24,1,1,57,35,2021-01-25,1.0
CUST_001692,2024-11-07,Mid-Market,Technology,Other,Professional,149,12,47,2,88,52,,0.0
CUST_001693,2022-03-31,Enterprise,Technology,Other,Professional,149,12,390,3,73,58,2023-07-02,1.0
CUST_001694,2021-03-30,Mid-Market,Technology,USA,Business,399,1,43,4,49,65,,0.0
CUST_001695,2022-06-24,Mid-Market,Retail,Other,Basic,49,24,38,2,88,9,,0.0
CUST_001696,2024-09-04,Mid-Market,Technology,USA,Basic,49,12,12,5,72,35,,0.0
CUST_001697,2023-11-25,Small Business,Other,Australia,Basic,49,36,6,0,73,-19,,0.0
CUST_001698,2022-07-10,Enterprise,Technology,USA,Professional,149,36,384,1,70,81,,0.0
CUST_001699,2022-09-07,Enterprise,Healthcare,USA,Basic,49,12,280,2,74,77,,0.0
CUST_001700,2024-02-08,Small Business,Education,USA,Basic,49,36,7,4,82,25,,0.0
CUST_001701,2021-12-02,Small Business,Technology,Australia,Basic,49,36,8,2,57,0,,0.0
CUST_001702,2021-09-25,Mid-Market,Technology,USA,Professional,149,12,14,2,64,-13,2023-02-28,1.0
CUST_001703,2024-04-30,Mid-Market,Retail,USA,Professional,149,12,17,0,86,39,,0.0
CUST_001704,2024-05-18,Small Business,Healthcare,Other,Basic,49,24,4,5,46,-12,,0.0
CUST_001705,2020-05-09,Mid-Market,Technology,Other,Enterprise,999,1,37,1,87,57,,0.0
CUST_001706,2022-10-16,Small Business,Healthcare,USA,Professional,149,12,4,2,65,32,,0.0
CUST_001707,2023-10-18,Mid-Market,Finance,Germany,Basic,49,1,19,0,87,18,,0.0
CUST_001708,2024-09-24,Small Business,Other,USA,Basic,49,12,6,0,76,61,,0.0
CUST_001709,2022-03-29,Mid-Market,Education,USA,Business,399,36,47,2,57,-42,,0.0
CUST_001710,2021-11-23,Small Business,Healthcare,UK,Basic,49,1,8,2,57,47,,0.0
CUST_001711,2023-08-08,Startup,Healthcare,UK,Basic,49,24,3,0,52,29,,0.0
CUST_001712,2023-10-26,Small Business,Finance,UK,Professional,149,1,5,4,42,20,,0.0
CUST_001713,2022-03-04,Mid-Market,Other,Canada,Professional,149,24,39,2,68,58,,0.0
CUST_001714,2020-01-29,Mid-Market,Technology,UK,Business,399,12,28,2,70,83,,0.0
CUST_001715,2020-05-28,Mid-Market,Healthcare,Germany,Business,399,1,23,4,78,38,,0.0
CUST_001716,2024-12-07,Mid-Market,Manufacturing,Germany,Enterprise,999,12,20,3,60,49,,0.0
CUST_001717,2023-08-12,Mid-Market,Other,UK,Basic,49,24,14,1,78,12,2024-03-15,1.0
CUST_001718,2020-01-11,Startup,Technology,USA,Basic,49,12,1,1,88,3,,0.0
CUST_001719,2024-03-15,Small Business,Technology,Canada,Enterprise,999,24,4,3,100,40,,0.0
CUST_001720,2021-11-06,Small Business,Technology,France,Professional,149,12,3,1,48,16,,0.0
CUST_001721,2023-02-10,Small Business,Technology,Canada,Business,399,1,9,2,92,15,,0.0
CUST_001722,2020-07-05,Small Business,Retail,Canada,Basic,49,36,6,2,74,90,,0.0
CUST_001723,2022-03-17,Enterprise,Manufacturing,USA,Basic,49,12,153,1,72,81,,0.0
CUST_001724,2022-01-13,Startup,Retail,Canada,Basic,49,12,3,1,59,-19,,0.0
CUST_001725,2023-06-04,Mid-Market,Technology,USA,Professional,149,1,31,0,90,68,,0.0
CUST_001726,2023-08-26,Small Business,Technology,Other,Basic,49,12,9,4,72,59,,0.0
CUST_001727,2020-04-07,Startup,Technology,Germany,Professional,149,24,1,1,42,37,2021-09-14,1.0
CUST_001728,2020-02-24,Small Business,Healthcare,USA,Professional,149,12,3,3,32,73,,0.0
CUST_001729,2021-09-14,Small Business,Education,UK,Basic,49,24,3,2,68,92,,0.0
CUST_001730,2021-10-25,Enterprise,Technology,Australia,Basic,49,24,247,2,76,60,,0.0
CUST_001731,2022-01-27,Small Business,Technology,USA,Professional,149,12,3,3,53,15,,0.0
CUST_001732,2021-02-09,Small Business,Healthcare,UK,Basic,49,12,3,0,60,12,,0.0
CUST_001733,2020-03-09,Small Business,Finance,Germany,Basic,49,36,6,2,87,9,,0.0
CUST_001734,2023-08-28,Startup,Finance,France,Basic,49,36,2,0,60,45,,0.0
CUST_001735,2023-08-05,Mid-Market,Education,USA,Professional,149,12,12,3,77,79,,0.0
CUST_001736,2024-11-20,Mid-Market,Technology,Canada,Business,399,12,12,2,56,-19,,0.0
CUST_001737,2024-04-20,Mid-Market,Manufacturing,Other,Basic,49,1,20,1,90,66,,0.0
CUST_001738,2022-01-20,Mid-Market,Healthcare,Other,Business,399,1,14,0,73,87,,0.0
CUST_001739,2023-03-17,Small Business,Healthcare,Germany,Business,399,24,8,2,69,-34,,0.0
CUST_001740,2024-01-30,Small Business,Other,Other,Business,399,12,4,2,94,14,,0.0
CUST_001741,2024-10-28,Small Business,Technology,Canada,Basic,49,1,7,2,38,-17,,0.0
CUST_001742,2023-06-21,Startup,Retail,UK,Professional,149,24,1,0,80,47,,0.0
CUST_001743,2024-02-23,Startup,Healthcare,Canada,Business,399,36,3,1,36,-3,,0.0
CUST_001744,2022-08-15,Startup,Finance,USA,Enterprise,999,36,2,3,69,-9,,0.0
CUST_001745,2024-03-10,Enterprise,Education,UK,Enterprise,999,12,458,4,69,81,,0.0
CUST_001746,2020-12-30,Small Business,Real Estate,UK,Professional,149,12,4,2,75,-7,,0.0
CUST_001747,2021-04-26,Mid-Market,Education,Australia,Professional,149,1,49,1,33,41,,0.0
CUST_001748,2020-07-19,Mid-Market,Retail,France,Business,399,24,24,3,72,28,,0.0
CUST_001749,2020-06-02,Small Business,Technology,Canada,Business,399,36,5,1,92,8,,0.0
CUST_001750,2024-01-13,Mid-Market,Retail,USA,Professional,149,24,28,2,56,25,,0.0
CUST_001751,2024-03-04,Enterprise,Manufacturing,USA,Basic,49,24,267,1,54,22,,0.0
CUST_001752,2020-03-13,Mid-Market,Technology,USA,Basic,49,1,47,2,57,73,,0.0
CUST_001753,2021-12-13,Enterprise,Finance,Germany,Professional,149,12,126,1,84,70,,0.0
CUST_001754,2020-10-22,Startup,Education,USA,Business,399,12,3,3,52,46,,0.0
CUST_001755,2022-11-06,Enterprise,Finance,UK,Enterprise,999,24,445,1,60,88,,0.0
CUST_001756,2024-07-22,Mid-Market,Healthcare,USA,Business,399,1,41,3,84,56,,0.0
CUST_001757,2023-05-25,Small Business,Real Estate,France,Basic,49,12,6,0,51,0,,0.0
CUST_001758,2020-03-01,Small Business,Technology,Australia,Business,399,1,7,3,87,5,,0.0
CUST_001759,2022-07-27,Startup,Technology,Germany,Basic,49,12,3,0,56,100,,0.0
CUST_001760,2024-06-27,Enterprise,Manufacturing,USA,Business,399,24,464,1,65,62,,0.0
CUST_001761,2020-02-11,Small Business,Healthcare,UK,Business,399,12,9,3,85,36,2021-11-22,1.0
CUST_001762,2020-01-25,Small Business,Manufacturing,USA,Basic,49,24,6,0,84,37,,0.0
CUST_001763,2022-11-28,Startup,Technology,USA,Basic,49,12,3,4,59,32,,0.0
CUST_001764,2020-05-10,Small Business,Healthcare,USA,Basic,49,1,5,2,49,100,,0.0
CUST_001765,2024-03-01,Startup,Technology,USA,Basic,49,12,4,4,95,-1,,0.0
CUST_001766,2023-06-06,Enterprise,Other,USA,Business,399,36,242,3,63,64,,0.0
CUST_001767,2020-04-17,Small Business,Finance,USA,Basic,49,1,4,4,76,79,,0.0
CUST_001768,2020-06-20,Small Business,Healthcare,USA,Basic,49,1,8,2,81,2,2022-01-09,1.0
CUST_001769,2023-12-29,Startup,Technology,Canada,Basic,49,12,4,1,52,0,,0.0
CUST_001770,2024-02-10,Mid-Market,Technology,Other,Business,399,12,37,0,41,-28,,0.0
CUST_001771,2020-04-11,Mid-Market,Finance,Australia,Basic,49,12,39,3,79,-8,,0.0
CUST_001772,2022-05-15,Mid-Market,Technology,USA,Basic,49,12,23,1,38,62,2024-01-11,1.0
CUST_001773,2021-06-07,Enterprise,Finance,UK,Business,399,36,194,2,47,25,2022-06-10,1.0
CUST_001774,2020-10-01,Mid-Market,Finance,Australia,Basic,49,24,38,2,80,55,,0.0
CUST_001775,2024-06-24,Startup,Manufacturing,USA,Basic,49,1,4,2,74,63,,0.0
CUST_001776,2022-12-03,Small Business,Retail,Australia,Business,399,24,8,0,73,29,,0.0
CUST_001777,2022-03-27,Small Business,Finance,Canada,Basic,49,24,7,1,56,-6,,0.0
CUST_001778,2022-08-14,Small Business,Technology,Other,Business,399,24,4,5,91,54,,0.0
CUST_001779,2022-11-06,Small Business,Manufacturing,Australia,Professional,149,12,6,2,48,-68,,0.0
CUST_001780,2020-11-25,Mid-Market,Manufacturing,Germany,Professional,149,12,26,3,26,78,2021-05-03,1.0
CUST_001781,2024-05-11,Mid-Market,Technology,Germany,Basic,49,24,18,0,32,-58,,0.0
CUST_001782,2024-02-29,Mid-Market,Real Estate,USA,Business,399,24,12,1,68,-19,,0.0
CUST_001783,2020-01-12,Small Business,Technology,USA,Professional,149,12,4,2,65,14,,0.0
CUST_001784,2023-09-03,Small Business,Technology,UK,Basic,49,1,4,2,80,-16,,0.0
CUST_001785,2024-06-03,Enterprise,Technology,USA,Basic,49,12,422,5,78,-43,,0.0
CUST_001786,2020-08-03,Small Business,Real Estate,USA,Professional,149,1,9,0,64,34,,0.0
CUST_001787,2020-12-04,Startup,Finance,USA,Business,399,1,4,5,38,10,,0.0
CUST_001788,2024-12-04,Startup,Education,Australia,Enterprise,999,12,3,3,54,9,,0.0
CUST_001789,2021-10-22,Startup,Technology,USA,Business,399,12,4,6,55,20,,0.0
CUST_001790,2023-01-09,Startup,Finance,USA,Professional,149,12,3,1,97,-24,2024-07-03,1.0
CUST_001791,2024-10-16,Mid-Market,Healthcare,UK,Basic,49,12,18,1,63,57,,0.0
CUST_001792,2024-02-17,Startup,Education,UK,Business,399,1,3,5,85,-6,,0.0
CUST_001793,2021-01-08,Mid-Market,Technology,USA,Enterprise,999,1,29,3,69,48,,0.0
CUST_001794,2022-09-02,Small Business,Technology,Other,Professional,149,1,7,0,63,22,,0.0
CUST_001795,2021-12-10,Small Business,Technology,Canada,Basic,49,12,4,4,55,23,,0.0
CUST_001796,2023-05-08,Enterprise,Real Estate,UK,Basic,49,1,299,3,75,14,,0.0
CUST_001797,2024-04-09,Startup,Finance,USA,Basic,49,1,2,3,44,64,,0.0
CUST_001798,2021-04-10,Startup,Finance,UK,Professional,149,12,2,5,64,74,,0.0
CUST_001799,2023-01-17,Mid-Market,Finance,Australia,Enterprise,999,1,19,0,67,71,,0.0
CUST_001800,2023-07-15,Startup,Other,USA,Basic,49,1,4,0,69,21,,0.0
CUST_001801,2024-08-05,Enterprise,Real Estate,USA,Basic,49,24,350,3,48,30,,0.0
CUST_001802,2024-05-13,Small Business,Manufacturing,USA,Professional,149,12,8,1,57,-1,,0.0
CUST_001803,2021-05-03,Small Business,Healthcare,Other,Enterprise,999,24,3,3,71,9,,0.0
CUST_001804,2024-04-10,Small Business,Technology,USA,Professional,149,12,5,2,69,-18,,0.0
CUST_001805,2020-02-16,Startup,Real Estate,Australia,Basic,49,36,4,0,90,6,,0.0
CUST_001806,2023-08-04,Startup,Finance,USA,Basic,49,1,3,4,60,41,,0.0
CUST_001807,2022-02-16,Startup,Healthcare,Canada,Professional,149,12,3,3,41,26,,0.0
CUST_001808,2022-11-05,Mid-Market,Finance,Germany,Business,399,12,48,0,55,8,2023-06-18,1.0
CUST_001809,2021-12-11,Startup,Real Estate,USA,Basic,49,36,3,3,44,67,,0.0
CUST_001810,2021-02-04,Enterprise,Healthcare,UK,Professional,149,12,348,3,96,-8,,0.0
CUST_001811,2024-12-22,Startup,Retail,USA,Professional,149,24,2,1,81,30,,0.0
CUST_001812,2022-09-07,Mid-Market,Education,USA,Professional,149,12,15,1,72,100,,0.0
CUST_001813,2023-01-14,Enterprise,Finance,Australia,Basic,49,24,334,1,72,90,,0.0
CUST_001814,2020-09-06,Small Business,Technology,USA,Enterprise,999,24,6,2,63,8,2021-05-24,1.0
CUST_001815,2021-01-25,Mid-Market,Other,Germany,Professional,149,36,49,1,37,78,,0.0
CUST_001816,2024-12-10,Mid-Market,Other,USA,Business,399,24,16,1,56,4,,0.0
CUST_001817,2020-11-30,Mid-Market,Education,USA,Professional,149,12,36,3,17,47,,0.0
CUST_001818,2021-09-20,Enterprise,Manufacturing,Germany,Enterprise,999,1,152,3,78,100,,0.0
CUST_001819,2024-03-22,Mid-Market,Healthcare,Canada,Professional,149,12,25,1,67,17,,0.0
CUST_001820,2020-05-16,Enterprise,Real Estate,USA,Professional,149,1,492,2,66,61,,0.0
CUST_001821,2022-06-01,Small Business,Healthcare,UK,Professional,149,1,7,1,50,23,,0.0
CUST_001822,2021-11-18,Enterprise,Education,USA,Professional,149,12,180,2,63,7,,0.0
CUST_001823,2024-03-01,Small Business,Real Estate,Australia,Basic,49,24,8,2,77,56,,0.0
CUST_001824,2022-04-06,Mid-Market,Retail,USA,Enterprise,999,1,23,4,72,51,,0.0
CUST_001825,2021-12-27,Startup,Education,USA,Business,399,12,4,0,43,-23,2022-09-21,1.0
CUST_001826,2024-02-09,Startup,Education,France,Basic,49,12,4,3,51,17,,0.0
CUST_001827,2021-08-16,Mid-Market,Technology,USA,Basic,49,24,12,3,78,-16,,0.0
CUST_001828,2023-05-31,Startup,Retail,USA,Basic,49,1,2,3,59,-36,,0.0
CUST_001829,2022-09-16,Startup,Technology,USA,Business,399,12,4,1,100,23,,0.0
CUST_001830,2021-01-06,Startup,Finance,Australia,Professional,149,36,1,0,45,43,,0.0
CUST_001831,2022-07-23,Small Business,Technology,Other,Professional,149,12,5,3,61,69,,0.0
CUST_001832,2022-09-21,Enterprise,Finance,Germany,Enterprise,999,24,107,2,57,-31,2023-03-18,1.0
CUST_001833,2021-02-05,Small Business,Education,UK,Professional,149,24,9,3,60,-15,,0.0
CUST_001834,2024-01-06,Small Business,Other,Canada,Business,399,1,7,3,45,88,,0.0
CUST_001835,2024-02-22,Small Business,Healthcare,UK,Professional,149,36,4,1,28,0,,0.0
CUST_001836,2021-09-06,Mid-Market,Finance,USA,Business,399,24,38,1,76,-27,,0.0
CUST_001837,2023-07-20,Startup,Finance,Other,Professional,149,1,1,0,94,98,,0.0
CUST_001838,2024-03-29,Startup,Other,USA,Professional,149,12,4,5,55,24,,0.0
CUST_001839,2023-03-28,Mid-Market,Finance,USA,Enterprise,999,12,25,3,70,11,,0.0
CUST_001840,2023-03-21,Enterprise,Manufacturing,Australia,Professional,149,24,125,5,61,2,,0.0
CUST_001841,2022-09-21,Mid-Market,Real Estate,Germany,Professional,149,1,48,0,61,-8,,0.0
CUST_001842,2021-09-11,Startup,Healthcare,USA,Basic,49,24,4,2,52,24,,0.0
CUST_001843,2020-07-06,Small Business,Real Estate,USA,Basic,49,1,2,2,78,43,,0.0
CUST_001844,2023-01-26,Small Business,Real Estate,UK,Business,399,24,5,2,70,47,,0.0
CUST_001845,2020-05-10,Small Business,Other,UK,Professional,149,12,6,0,51,-41,,0.0
CUST_001846,2022-03-15,Small Business,Healthcare,UK,Business,399,12,2,3,80,90,,0.0
CUST_001847,2023-04-09,Mid-Market,Finance,USA,Professional,149,12,26,1,93,23,,0.0
CUST_001848,2022-07-24,Small Business,Real Estate,Other,Professional,149,24,2,0,88,44,,0.0
CUST_001849,2022-09-12,Startup,Healthcare,USA,Business,399,12,1,3,61,60,2023-08-24,1.0
CUST_001850,2020-07-01,Startup,Retail,UK,Professional,149,24,4,1,48,15,,0.0
CUST_001851,2022-09-09,Startup,Technology,UK,Business,399,1,2,5,47,49,2023-11-10,1.0
CUST_001852,2020-12-29,Startup,Technology,USA,Professional,149,24,4,0,55,35,,0.0
CUST_001853,2020-02-08,Small Business,Finance,USA,Basic,49,24,7,2,56,18,,0.0
CUST_001854,2024-03-30,Small Business,Retail,Other,Professional,149,12,7,1,82,33,,0.0
CUST_001855,2021-05-11,Small Business,Healthcare,Australia,Basic,49,24,9,1,27,7,,0.0
CUST_001856,2024-03-19,Startup,Retail,USA,Basic,49,12,1,3,63,-3,,0.0
CUST_001857,2023-10-04,Mid-Market,Finance,Australia,Basic,49,36,32,3,54,35,,0.0
CUST_001858,2022-09-08,Mid-Market,Manufacturing,USA,Business,399,1,16,4,50,36,,0.0
CUST_001859,2022-07-09,Mid-Market,Retail,Canada,Basic,49,1,40,0,75,40,2022-10-21,1.0
CUST_001860,2023-11-21,Small Business,Finance,USA,Basic,49,24,8,1,51,87,,0.0
CUST_001861,2021-12-22,Mid-Market,Finance,Australia,Basic,49,24,49,0,62,42,,0.0
CUST_001862,2023-03-30,Mid-Market,Technology,USA,Basic,49,12,26,2,82,15,,0.0
CUST_001863,2020-01-16,Enterprise,Finance,Canada,Basic,49,36,349,2,59,38,,0.0
CUST_001864,2021-05-07,Mid-Market,Retail,France,Basic,49,12,35,2,90,100,,0.0
CUST_001865,2023-12-20,Startup,Finance,USA,Basic,49,36,3,1,49,-14,2024-04-08,1.0
CUST_001866,2023-02-05,Mid-Market,Healthcare,UK,Basic,49,12,27,2,7,98,,0.0
CUST_001867,2022-06-12,Small Business,Manufacturing,USA,Basic,49,1,6,2,74,46,,0.0
CUST_001868,2024-01-13,Small Business,Technology,Germany,Business,399,12,6,3,71,33,,0.0
CUST_001869,2020-11-06,Startup,Real Estate,USA,Business,399,36,2,1,85,18,,0.0
CUST_001870,2022-01-08,Mid-Market,Technology,Canada,Professional,149,12,35,4,73,13,,0.0
CUST_001871,2023-04-08,Startup,Other,Other,Enterprise,999,36,4,2,94,-37,,0.0
CUST_001872,2021-06-29,Small Business,Finance,USA,Basic,49,24,4,0,71,36,,0.0
CUST_001873,2021-02-17,Startup,Finance,USA,Basic,49,12,3,1,85,65,,0.0
CUST_001874,2020-09-07,Startup,Healthcare,Germany,Business,399,12,2,5,81,24,,0.0
CUST_001875,2022-01-28,Mid-Market,Technology,France,Professional,149,12,38,0,53,12,,0.0
CUST_001876,2024-12-09,Enterprise,Healthcare,Other,Enterprise,999,12,448,3,56,0,,0.0
CUST_001877,2023-03-10,Mid-Market,Technology,USA,Enterprise,999,1,21,0,60,32,,0.0
CUST_001878,2023-07-21,Small Business,Retail,USA,Basic,49,36,7,4,100,53,,0.0
CUST_001879,2023-12-10,Mid-Market,Healthcare,Australia,Enterprise,999,12,16,0,53,71,,0.0
CUST_001880,2024-06-19,Mid-Market,Manufacturing,France,Enterprise,999,36,40,1,73,-45,,0.0
CUST_001881,2024-10-28,Small Business,Technology,Canada,Professional,149,12,7,0,67,11,,0.0
CUST_001882,2022-11-28,Enterprise,Real Estate,USA,Enterprise,999,12,472,3,69,58,2024-04-22,1.0
CUST_001883,2022-03-24,Mid-Market,Finance,USA,Basic,49,12,12,5,66,-17,,0.0
CUST_001884,2020-01-29,Small Business,Technology,USA,Business,399,24,2,1,57,22,,0.0
CUST_001885,2022-08-15,Enterprise,Finance,Other,Basic,49,12,145,0,42,60,,0.0
CUST_001886,2021-04-21,Small Business,Technology,USA,Basic,49,36,9,1,46,26,,0.0
CUST_001887,2020-11-13,Small Business,Technology,Canada,Professional,149,12,7,1,79,32,,0.0
CUST_001888,2020-09-01,Small Business,Finance,Canada,Basic,49,36,3,1,74,-15,,0.0
CUST_001889,2022-01-17,Startup,Manufacturing,USA,Business,399,24,3,1,69,8,,0.0
CUST_001890,2021-11-27,Small Business,Real Estate,USA,Professional,149,24,4,2,100,41,,0.0
CUST_001891,2020-09-28,Small Business,Finance,Germany,Professional,149,12,9,2,100,60,,0.0
CUST_001892,2024-01-03,Small Business,Other,USA,Basic,49,12,3,0,46,15,,0.0
CUST_001893,2024-11-06,Startup,Other,USA,Professional,149,24,2,3,93,77,,0.0
CUST_001894,2023-06-16,Startup,Real Estate,USA,Business,399,12,2,0,41,30,2024-09-19,1.0
CUST_001895,2021-01-11,Startup,Finance,France,Professional,149,24,1,1,56,29,,0.0
CUST_001896,2020-09-22,Small Business,Technology,Other,Professional,149,24,7,4,68,86,,0.0
CUST_001897,2022-07-14,Mid-Market,Technology,Canada,Professional,149,12,20,2,81,-52,,0.0
CUST_001898,2022-07-09,Mid-Market,Retail,France,Professional,149,12,13,2,39,-68,,0.0
CUST_001899,2023-10-14,Enterprise,Finance,UK,Professional,149,1,176,3,66,65,,0.0
CUST_001900,2020-12-05,Startup,Technology,Canada,Enterprise,999,1,2,3,67,19,,0.0
CUST_001901,2021-01-23,Small Business,Finance,Other,Business,399,36,6,2,35,48,,0.0
CUST_001902,2021-07-30,Small Business,Technology,UK,Professional,149,24,7,2,73,30,,0.0
CUST_001903,2024-09-08,Mid-Market,Manufacturing,USA,Professional,149,1,43,1,62,48,,0.0
CUST_001904,2020-01-03,Startup,Technology,Other,Professional,149,24,2,2,76,57,,0.0
CUST_001905,2023-12-23,Mid-Market,Retail,France,Business,399,1,29,1,55,72,,0.0
CUST_001906,2023-03-11,Enterprise,Education,USA,Professional,149,12,381,0,57,47,,0.0
CUST_001907,2021-01-10,Small Business,Technology,Other,Business,399,1,5,3,100,75,,0.0
CUST_001908,2024-08-20,Small Business,Finance,USA,Basic,49,36,2,1,49,8,,0.0
CUST_001909,2020-11-19,Small Business,Education,USA,Professional,149,36,2,2,61,47,,0.0
CUST_001910,2020-05-25,Startup,Healthcare,Canada,Business,399,12,3,1,54,-26,,0.0
CUST_001911,2020-10-19,Mid-Market,Technology,USA,Basic,49,12,30,2,67,2,,0.0
CUST_001912,2024-08-15,Small Business,Healthcare,Germany,Enterprise,999,12,3,4,70,57,,0.0
CUST_001913,2021-03-07,Small Business,Retail,USA,Basic,49,24,3,3,89,61,,0.0
CUST_001914,2021-12-05,Mid-Market,Retail,USA,Basic,49,1,28,4,53,22,2022-04-28,1.0
CUST_001915,2022-08-06,Startup,Technology,UK,Professional,149,12,4,2,59,77,2023-11-10,1.0
CUST_001916,2021-08-07,Startup,Finance,Canada,Business,399,24,1,0,69,-35,,0.0
CUST_001917,2021-02-02,Small Business,Healthcare,USA,Business,399,12,7,0,29,70,2022-09-08,1.0
CUST_001918,2022-03-27,Startup,Education,Other,Basic,49,1,4,1,88,22,,0.0
CUST_001919,2023-09-29,Small Business,Healthcare,Canada,Basic,49,12,4,1,0,-45,,0.0
CUST_001920,2022-08-21,Mid-Market,Education,USA,Professional,149,24,26,0,79,-10,,0.0
CUST_001921,2023-03-09,Small Business,Finance,USA,Basic,49,36,8,2,100,10,,0.0
CUST_001922,2020-07-05,Mid-Market,Manufacturing,France,Professional,149,1,33,2,77,-11,,0.0
CUST_001923,2020-03-01,Mid-Market,Finance,UK,Professional,149,12,28,5,79,-9,,0.0
CUST_001924,2022-07-27,Enterprise,Retail,USA,Professional,149,12,428,2,67,50,,0.0
CUST_001925,2023-11-04,Small Business,Healthcare,USA,Basic,49,1,3,2,48,7,,0.0
CUST_001926,2021-12-10,Small Business,Manufacturing,UK,Basic,49,12,3,1,80,-58,,0.0
CUST_001927,2022-03-17,Mid-Market,Finance,USA,Professional,149,1,46,2,36,41,2023-05-22,1.0
CUST_001928,2024-01-03,Small Business,Finance,Germany,Basic,49,1,8,2,41,4,,0.0
CUST_001929,2023-09-04,Startup,Finance,Other,Professional,149,24,4,1,55,84,,0.0
CUST_001930,2023-08-18,Mid-Market,Education,USA,Business,399,12,14,2,75,0,,0.0
CUST_001931,2023-09-29,Mid-Market,Retail,Australia,Basic,49,36,42,2,40,-39,,0.0
CUST_001932,2020-01-11,Startup,Healthcare,Other,Basic,49,12,4,1,78,19,,0.0
CUST_001933,2022-12-21,Mid-Market,Manufacturing,Other,Basic,49,12,34,2,73,-12,,0.0
CUST_001934,2020-08-13,Small Business,Retail,Other,Business,399,12,6,1,66,-9,,0.0
CUST_001935,2023-03-22,Enterprise,Other,Australia,Basic,49,1,152,0,31,17,,0.0
CUST_001936,2024-09-30,Small Business,Education,Canada,Enterprise,999,36,5,1,83,23,,0.0
CUST_001937,2021-07-17,Small Business,Retail,UK,Professional,149,24,3,1,60,17,,0.0
CUST_001938,2022-02-10,Small Business,Healthcare,UK,Basic,49,12,8,2,63,20,,0.0
CUST_001939,2024-05-13,Startup,Education,Australia,Basic,49,24,2,3,55,53,,0.0
CUST_001940,2024-05-26,Startup,Retail,USA,Professional,149,36,1,2,33,21,,0.0
CUST_001941,2024-08-10,Startup,Other,USA,Professional,149,1,4,2,45,39,,0.0
CUST_001942,2024-05-17,Small Business,Technology,USA,Professional,149,1,2,0,84,62,,0.0
CUST_001943,2023-08-26,Enterprise,Technology,France,Basic,49,1,160,2,96,6,,0.0
CUST_001944,2022-06-03,Small Business,Technology,France,Professional,149,24,3,4,76,29,,0.0
CUST_001945,2023-06-20,Enterprise,Retail,UK,Basic,49,1,297,1,80,33,,0.0
CUST_001946,2024-02-25,Startup,Other,USA,Professional,149,12,1,4,98,-25,,0.0
CUST_001947,2023-10-21,Mid-Market,Technology,Germany,Basic,49,12,37,7,97,-56,,0.0
CUST_001948,2023-09-15,Small Business,Manufacturing,USA,Business,399,12,2,0,76,31,,0.0
CUST_001949,2023-02-04,Mid-Market,Retail,Canada,Basic,49,24,19,5,53,-12,,0.0
CUST_001950,2020-08-13,Startup,Manufacturing,USA,Professional,149,12,3,2,25,94,2022-06-02,1.0
CUST_001951,2022-04-04,Startup,Healthcare,Other,Professional,149,12,3,3,66,58,,0.0
CUST_001952,2020-08-05,Small Business,Education,UK,Basic,49,36,8,0,68,-11,,0.0
CUST_001953,2022-07-25,Startup,Technology,Canada,Professional,149,1,4,2,100,-41,,0.0
CUST_001954,2022-01-22,Mid-Market,Manufacturing,Germany,Basic,49,1,48,1,78,-19,,0.0
CUST_001955,2021-05-20,Small Business,Healthcare,UK,Basic,49,24,6,1,69,34,,0.0
CUST_001956,2020-09-15,Startup,Finance,USA,Enterprise,999,24,3,1,47,17,,0.0
CUST_001957,2024-12-02,Mid-Market,Education,UK,Basic,49,12,29,2,66,58,,0.0
CUST_001958,2024-03-20,Startup,Healthcare,Other,Professional,149,1,3,0,90,-12,,0.0
CUST_001959,2024-12-01,Mid-Market,Technology,UK,Business,399,24,32,1,60,48,,0.0
CUST_001960,2020-02-23,Enterprise,Manufacturing,Germany,Basic,49,12,358,1,39,42,,0.0
CUST_001961,2022-12-06,Startup,Finance,Other,Business,399,24,3,2,47,80,2023-04-18,1.0
CUST_001962,2021-12-27,Enterprise,Finance,France,Basic,49,24,264,3,37,37,,0.0
CUST_001963,2021-11-19,Startup,Healthcare,Germany,Professional,149,1,2,0,51,-4,,0.0
CUST_001964,2024-03-24,Startup,Technology,Germany,Business,399,24,1,3,42,82,,0.0
CUST_001965,2023-01-27,Mid-Market,Finance,Other,Enterprise,999,1,46,0,75,19,,0.0
CUST_001966,2022-11-09,Small Business,Technology,Other,Professional,149,24,8,2,78,13,,0.0
CUST_001967,2024-11-11,Mid-Market,Real Estate,Other,Professional,149,24,15,3,95,34,,0.0
CUST_001968,2024-05-15,Small Business,Technology,Canada,Professional,149,12,9,3,63,78,,0.0
CUST_001969,2024-02-22,Enterprise,Finance,USA,Basic,49,12,355,4,63,72,,0.0
CUST_001970,2021-02-22,Mid-Market,Technology,USA,Business,399,1,39,4,71,52,,0.0
CUST_001971,2021-11-20,Small Business,Technology,USA,Basic,49,1,8,3,53,65,2023-05-07,1.0
CUST_001972,2022-04-29,Small Business,Retail,Other,Professional,149,12,8,2,42,46,2023-12-13,1.0
CUST_001973,2020-03-02,Startup,Retail,Australia,Professional,149,24,3,2,46,-6,,0.0
CUST_001974,2023-03-14,Startup,Technology,UK,Business,399,12,4,5,77,67,,0.0
CUST_001975,2020-08-03,Small Business,Technology,UK,Professional,149,1,9,0,83,-68,,0.0
CUST_001976,2020-01-03,Small Business,Technology,USA,Business,399,24,2,1,100,29,,0.0
CUST_001977,2020-06-08,Startup,Manufacturing,UK,Basic,49,1,3,2,44,31,,0.0
CUST_001978,2024-10-28,Mid-Market,Retail,Germany,Basic,49,24,33,1,43,100,,0.0
CUST_001979,2022-02-19,Small Business,Technology,UK,Professional,149,12,5,4,26,-8,2022-10-17,1.0
CUST_001980,2023-02-17,Startup,Finance,USA,Professional,149,12,2,1,68,69,,0.0
CUST_001981,2022-06-11,Mid-Market,Manufacturing,UK,Professional,149,1,31,2,75,38,2024-05-03,1.0
CUST_001982,2023-01-17,Small Business,Real Estate,USA,Business,399,36,3,1,52,16,,0.0
CUST_001983,2020-11-24,Startup,Other,Other,Basic,49,1,1,3,34,-44,,0.0
CUST_001984,2021-08-02,Startup,Healthcare,USA,Professional,149,1,1,2,100,38,,0.0
CUST_001985,2023-10-12,Small Business,Technology,Other,Basic,49,12,3,3,72,39,,0.0
CUST_001986,2024-06-21,Mid-Market,Technology,USA,Basic,49,24,21,2,40,19,,0.0
CUST_001987,2023-07-14,Mid-Market,Education,USA,Basic,49,1,35,4,57,95,,0.0
CUST_001988,2024-06-28,Enterprise,Other,Canada,Business,399,24,178,2,100,75,,0.0
CUST_001989,2022-08-09,Startup,Finance,France,Professional,149,24,4,5,83,23,,0.0
CUST_001990,2023-09-08,Enterprise,Healthcare,Canada,Basic,49,12,112,2,58,74,,0.0
CUST_001991,2021-09-26,Startup,Finance,USA,Professional,149,12,4,1,45,82,,0.0
CUST_001992,2022-09-14,Mid-Market,Healthcare,USA,Professional,149,12,48,3,92,3,,0.0
CUST_001993,2024-04-13,Mid-Market,Healthcare,Canada,Business,399,12,45,2,36,-11,,0.0
CUST_001994,2024-07-30,Small Business,Retail,USA,Professional,149,12,6,2,74,-18,,0.0
CUST_001995,2023-05-03,Small Business,Technology,USA,Basic,49,1,4,2,74,70,,0.0
CUST_001996,2022-07-09,Mid-Market,Healthcare,Germany,Enterprise,999,12,30,0,87,16,2024-04-08,1.0
CUST_001997,2022-01-07,Small Business,Retail,USA,Basic,49,1,9,3,76,1,,0.0
CUST_001998,2023-09-17,Small Business,Technology,USA,Business,399,12,9,1,77,68,,0.0
CUST_001999,2020-06-18,Mid-Market,Technology,USA,Professional,149,12,39,2,71,17,,0.0
CUST_002000,2021-06-04,Mid-Market,Healthcare,Other,Basic,49,24,48,3,71,-11,,0.0
CUST_002001,2024-01-26,Startup,Real Estate,USA,Business,399,12,2,3,100,89,,0.0
CUST_002002,2020-02-09,Small Business,Manufacturing,Other,Basic,49,1,4,1,65,72,,0.0
CUST_002003,2024-04-09,Enterprise,Technology,USA,Business,399,1,151,1,82,4,,0.0
CUST_002004,2023-07-08,Startup,Finance,France,Basic,49,12,3,2,56,0,,0.0
CUST_002005,2023-11-19,Startup,Healthcare,USA,Professional,149,12,2,2,44,22,2024-12-11,1.0
CUST_002006,2022-08-12,Small Business,Retail,UK,Professional,149,12,4,2,55,56,,0.0
CUST_002007,2023-06-03,Small Business,Manufacturing,France,Basic,49,12,4,2,60,75,,0.0
CUST_002008,2022-09-10,Startup,Real Estate,France,Professional,149,24,4,2,44,-13,2023-10-09,1.0
CUST_002009,2023-02-21,Startup,Finance,France,Business,399,36,1,1,35,-35,,0.0
CUST_002010,2022-09-01,Startup,Other,France,Business,399,1,3,2,88,21,,0.0
CUST_002011,2020-02-07,Small Business,Other,USA,Professional,149,24,6,2,53,-13,,0.0
CUST_002012,2020-11-23,Small Business,Real Estate,UK,Business,399,1,8,2,59,19,,0.0
CUST_002013,2023-06-28,Small Business,Retail,UK,Enterprise,999,12,4,4,53,5,,0.0
CUST_002014,2023-04-14,Mid-Market,Healthcare,Australia,Basic,49,12,20,1,18,-35,,0.0
CUST_002015,2024-06-13,Small Business,Healthcare,USA,Professional,149,12,2,3,97,97,,0.0
CUST_002016,2022-07-02,Startup,Technology,Other,Basic,49,12,2,0,46,35,,0.0
CUST_002017,2021-03-29,Small Business,Technology,UK,Business,399,24,8,1,85,64,2023-02-02,1.0
CUST_002018,2020-02-06,Small Business,Manufacturing,Germany,Business,399,12,5,4,45,-57,2021-04-23,1.0
CUST_002019,2023-09-01,Small Business,Retail,USA,Business,399,12,5,1,69,0,,0.0
CUST_002020,2024-09-07,Mid-Market,Real Estate,UK,Enterprise,999,1,39,6,84,2,,0.0
CUST_002021,2022-08-30,Small Business,Technology,Germany,Basic,49,12,7,3,41,69,2024-03-29,1.0
CUST_002022,2022-03-06,Startup,Technology,UK,Basic,49,1,2,3,56,98,,0.0
CUST_002023,2022-08-30,Mid-Market,Education,Other,Basic,49,12,26,1,52,-17,2023-04-17,1.0
CUST_002024,2021-08-15,Mid-Market,Healthcare,Germany,Professional,149,1,40,1,55,36,,0.0
CUST_002025,2023-02-11,Startup,Technology,Canada,Professional,149,1,2,3,80,81,2024-06-06,1.0
CUST_002026,2022-11-29,Mid-Market,Other,Australia,Business,399,1,25,1,92,2,,0.0
CUST_002027,2023-08-17,Mid-Market,Education,Germany,Basic,49,1,30,1,57,0,,0.0
CUST_002028,2020-08-11,Startup,Finance,Canada,Professional,149,12,3,3,70,50,,0.0
CUST_002029,2020-11-13,Small Business,Education,USA,Business,399,12,4,2,38,-33,,0.0
CUST_002030,2020-12-14,Small Business,Manufacturing,USA,Basic,49,1,3,3,100,-51,,0.0
CUST_002031,2020-04-24,Startup,Education,Germany,Basic,49,12,4,1,75,-94,2020-12-20,1.0
CUST_002032,2021-11-28,Mid-Market,Education,Australia,Professional,149,12,18,0,81,57,,0.0
CUST_002033,2023-09-08,Small Business,Technology,USA,Professional,149,12,6,3,55,84,,0.0
CUST_002034,2024-05-10,Small Business,Retail,USA,Enterprise,999,24,9,1,86,30,,0.0
CUST_002035,2022-11-29,Startup,Technology,Canada,Professional,149,12,2,1,67,70,,0.0
CUST_002036,2020-02-09,Small Business,Technology,USA,Business,399,36,4,0,84,-55,,0.0
CUST_002037,2024-11-07,Small Business,Real Estate,Germany,Professional,149,12,8,0,46,53,,0.0
CUST_002038,2023-08-05,Small Business,Finance,Germany,Basic,49,24,8,3,68,35,,0.0
CUST_002039,2023-07-09,Small Business,Manufacturing,USA,Basic,49,24,3,0,24,-4,,0.0
CUST_002040,2020-08-03,Startup,Education,Australia,Basic,49,24,1,3,77,44,,0.0
CUST_002041,2023-03-16,Small Business,Other,UK,Basic,49,36,9,1,76,100,,0.0
CUST_002042,2020-12-01,Small Business,Real Estate,Canada,Basic,49,1,6,2,28,66,,0.0
CUST_002043,2023-04-06,Small Business,Finance,USA,Professional,149,1,4,1,42,5,,0.0
CUST_002044,2020-04-01,Small Business,Healthcare,UK,Professional,149,12,6,0,48,5,,0.0
CUST_002045,2020-12-18,Small Business,Technology,Australia,Professional,149,12,7,0,74,46,,0.0
CUST_002046,2021-07-24,Startup,Finance,USA,Basic,49,24,3,2,8,53,,0.0
CUST_002047,2024-05-13,Small Business,Healthcare,USA,Professional,149,1,4,5,100,-1,,0.0
CUST_002048,2022-03-26,Startup,Retail,USA,Professional,149,24,4,1,50,100,,0.0
CUST_002049,2024-08-31,Startup,Retail,USA,Enterprise,999,1,3,0,100,27,,0.0
CUST_002050,2022-02-19,Small Business,Other,USA,Enterprise,999,1,9,3,65,75,2022-09-13,1.0
CUST_002051,2020-12-28,Small Business,Manufacturing,USA,Business,399,36,6,3,17,16,,0.0
CUST_002052,2021-07-10,Startup,Retail,Other,Business,399,1,1,1,33,100,,0.0
CUST_002053,2023-09-30,Small Business,Healthcare,Germany,Basic,49,12,7,1,65,44,,0.0
CUST_002054,2024-09-12,Startup,Technology,USA,Basic,49,1,4,2,37,-43,,0.0
CUST_002055,2023-04-08,Small Business,Healthcare,France,Business,399,24,6,0,44,-4,,0.0
CUST_002056,2020-12-21,Small Business,Manufacturing,USA,Professional,149,24,6,3,15,48,2022-03-28,1.0
CUST_002057,2020-07-09,Mid-Market,Technology,UK,Professional,149,24,45,2,55,90,2021-01-04,1.0
CUST_002058,2024-08-17,Small Business,Manufacturing,USA,Business,399,12,4,3,94,36,,0.0
CUST_002059,2021-02-25,Startup,Retail,USA,Professional,149,12,2,0,50,-18,2023-01-31,1.0
CUST_002060,2021-11-30,Small Business,Technology,Australia,Basic,49,1,5,2,75,26,,0.0
CUST_002061,2020-01-07,Small Business,Healthcare,USA,Basic,49,1,8,2,43,45,2020-06-11,1.0
CUST_002062,2020-05-12,Startup,Finance,France,Basic,49,12,2,1,85,62,,0.0
CUST_002063,2024-11-05,Small Business,Finance,UK,Business,399,12,9,2,54,87,,0.0
CUST_002064,2021-07-10,Small Business,Education,USA,Professional,149,1,3,0,70,80,,0.0
CUST_002065,2022-04-05,Startup,Manufacturing,Germany,Enterprise,999,1,1,3,49,28,2024-01-08,1.0
CUST_002066,2022-01-30,Small Business,Retail,Canada,Business,399,1,9,2,58,-35,,0.0
CUST_002067,2022-11-20,Mid-Market,Education,USA,Basic,49,12,37,0,38,67,,0.0
CUST_002068,2021-06-18,Small Business,Retail,USA,Basic,49,1,4,1,97,10,,0.0
CUST_002069,2021-03-01,Small Business,Other,USA,Professional,149,1,6,1,65,94,,0.0
CUST_002070,2023-11-18,Small Business,Technology,Other,Enterprise,999,1,8,2,49,56,,0.0
CUST_002071,2021-11-02,Small Business,Manufacturing,UK,Basic,49,24,3,0,59,21,,0.0
CUST_002072,2020-12-28,Small Business,Healthcare,USA,Business,399,1,8,1,73,100,,0.0
CUST_002073,2023-12-31,Mid-Market,Healthcare,Australia,Basic,49,24,42,1,78,48,,0.0
CUST_002074,2024-08-20,Small Business,Technology,USA,Basic,49,12,9,6,53,78,,0.0
CUST_002075,2024-04-23,Enterprise,Retail,USA,Enterprise,999,12,189,3,78,0,,0.0
CUST_002076,2020-03-22,Small Business,Technology,USA,Basic,49,1,8,4,64,-8,,0.0
CUST_002077,2020-12-21,Startup,Technology,Canada,Business,399,12,3,3,48,-57,,0.0
CUST_002078,2023-07-05,Small Business,Other,USA,Basic,49,1,9,2,57,66,2023-11-15,1.0
CUST_002079,2024-10-07,Small Business,Education,UK,Business,399,1,5,1,52,17,,0.0
CUST_002080,2021-08-11,Enterprise,Manufacturing,Australia,Business,399,36,334,2,100,100,,0.0
CUST_002081,2024-03-27,Mid-Market,Education,USA,Business,399,12,25,2,67,42,,0.0
CUST_002082,2020-10-21,Small Business,Other,USA,Basic,49,1,9,1,79,42,,0.0
CUST_002083,2023-06-01,Mid-Market,Retail,USA,Basic,49,12,39,2,89,85,,0.0
CUST_002084,2024-03-28,Small Business,Technology,Canada,Professional,149,12,9,2,66,22,,0.0
CUST_002085,2022-12-05,Mid-Market,Real Estate,Other,Basic,49,24,11,2,83,10,,0.0
CUST_002086,2024-08-17,Startup,Manufacturing,USA,Professional,149,12,1,2,65,-17,,0.0
CUST_002087,2023-02-10,Small Business,Finance,USA,Professional,149,1,4,3,63,32,,0.0
CUST_002088,2023-06-10,Mid-Market,Finance,USA,Basic,49,1,33,0,58,45,,0.0
CUST_002089,2020-01-17,Startup,Finance,USA,Business,399,12,4,1,55,9,,0.0
CUST_002090,2020-12-25,Mid-Market,Real Estate,Germany,Business,399,12,16,5,75,86,,0.0
CUST_002091,2023-05-31,Mid-Market,Healthcare,USA,Enterprise,999,12,39,0,43,-48,,0.0
CUST_002092,2022-05-15,Small Business,Other,USA,Professional,149,24,3,3,41,61,,0.0
CUST_002093,2021-11-30,Small Business,Real Estate,UK,Basic,49,12,6,1,82,-12,,0.0
CUST_002094,2021-03-23,Small Business,Retail,USA,Basic,49,12,2,4,88,62,,0.0
CUST_002095,2022-05-05,Mid-Market,Retail,Canada,Basic,49,24,12,3,98,35,,0.0
CUST_002096,2020-12-30,Small Business,Healthcare,USA,Basic,49,1,8,1,56,35,,0.0
CUST_002097,2021-11-05,Mid-Market,Technology,Other,Enterprise,999,12,27,4,30,52,,0.0
CUST_002098,2022-10-04,Enterprise,Technology,USA,Basic,49,36,217,1,27,61,,0.0
CUST_002099,2023-09-11,Startup,Manufacturing,Other,Basic,49,12,2,1,91,18,,0.0
CUST_002100,2021-04-11,Small Business,Finance,USA,Basic,49,12,2,2,82,44,,0.0
CUST_002101,2021-02-17,Mid-Market,Technology,France,Basic,49,1,24,4,74,58,,0.0
CUST_002102,2024-01-18,Small Business,Healthcare,USA,Basic,49,24,3,1,77,92,,0.0
CUST_002103,2021-08-08,Mid-Market,Other,Germany,Professional,149,12,28,3,78,50,,0.0
CUST_002104,2023-06-10,Startup,Healthcare,USA,Professional,149,24,2,1,100,15,,0.0
CUST_002105,2023-06-01,Mid-Market,Real Estate,UK,Basic,49,1,29,3,43,100,2024-10-06,1.0
CUST_002106,2022-09-20,Enterprise,Healthcare,Germany,Basic,49,1,175,1,47,82,,0.0
CUST_002107,2023-12-06,Small Business,Finance,Canada,Professional,149,12,4,3,74,69,,0.0
CUST_002108,2021-07-25,Small Business,Technology,Canada,Professional,149,1,2,6,80,41,,0.0
CUST_002109,2020-11-30,Small Business,Finance,USA,Basic,49,24,5,0,40,28,,0.0
CUST_002110,2023-05-30,Enterprise,Retail,USA,Enterprise,999,24,56,2,81,-31,,0.0
CUST_002111,2020-02-06,Mid-Market,Technology,Canada,Professional,149,12,44,2,56,78,,0.0
CUST_002112,2022-09-15,Small Business,Retail,USA,Professional,149,1,3,1,75,-92,,0.0
CUST_002113,2020-10-04,Mid-Market,Retail,USA,Business,399,1,47,1,39,38,,0.0
CUST_002114,2023-05-04,Startup,Manufacturing,USA,Professional,149,12,1,1,26,18,,0.0
CUST_002115,2022-07-04,Enterprise,Education,USA,Business,399,1,194,5,76,51,,0.0
CUST_002116,2021-04-28,Small Business,Healthcare,UK,Enterprise,999,24,6,2,100,19,,0.0
CUST_002117,2023-06-19,Small Business,Retail,Canada,Basic,49,1,2,1,65,36,,0.0
CUST_002118,2023-09-09,Mid-Market,Other,Other,Business,399,12,48,2,100,9,,0.0
CUST_002119,2021-12-31,Small Business,Real Estate,USA,Basic,49,24,2,4,37,35,2023-06-29,1.0
CUST_002120,2020-07-10,Startup,Other,Other,Basic,49,12,1,1,47,0,,0.0
CUST_002121,2022-11-06,Mid-Market,Healthcare,Germany,Business,399,24,28,4,74,28,,0.0
CUST_002122,2021-06-07,Startup,Education,Other,Enterprise,999,24,4,2,75,-3,,0.0
CUST_002123,2022-07-06,Small Business,Retail,Australia,Business,399,12,8,0,54,100,2024-03-31,1.0
CUST_002124,2021-02-04,Mid-Market,Technology,Germany,Basic,49,12,15,2,76,-33,,0.0
CUST_002125,2022-06-04,Small Business,Education,USA,Professional,149,1,9,2,54,-7,2023-12-19,1.0
CUST_002126,2021-12-05,Mid-Market,Manufacturing,USA,Professional,149,24,45,1,67,15,,0.0
CUST_002127,2020-01-22,Small Business,Technology,USA,Basic,49,12,4,3,71,10,,0.0
CUST_002128,2021-04-18,Startup,Technology,Other,Enterprise,999,24,3,1,100,63,,0.0
CUST_002129,2023-02-17,Startup,Education,Other,Basic,49,12,2,1,47,30,,0.0
CUST_002130,2020-07-28,Startup,Technology,Germany,Basic,49,1,1,2,76,0,,0.0
CUST_002131,2020-11-01,Startup,Technology,Australia,Basic,49,36,4,1,81,15,,0.0
CUST_002132,2023-07-17,Small Business,Finance,Other,Professional,149,1,4,4,100,55,,0.0
CUST_002133,2021-12-04,Mid-Market,Technology,UK,Business,399,36,31,3,95,-58,,0.0
CUST_002134,2021-11-17,Small Business,Real Estate,Canada,Basic,49,1,2,1,78,-14,,0.0
CUST_002135,2020-10-11,Enterprise,Finance,UK,Business,399,12,342,2,26,16,2021-02-27,1.0
CUST_002136,2021-12-16,Small Business,Retail,UK,Basic,49,12,7,3,74,38,,0.0
CUST_002137,2024-08-26,Small Business,Real Estate,USA,Professional,149,36,9,2,87,28,,0.0
CUST_002138,2022-02-01,Enterprise,Finance,UK,Business,399,24,105,3,43,39,,0.0
CUST_002139,2023-06-04,Enterprise,Healthcare,Germany,Basic,49,24,67,1,47,24,2024-02-04,1.0
CUST_002140,2022-08-05,Small Business,Education,UK,Professional,149,12,5,1,100,58,,0.0
CUST_002141,2021-01-15,Small Business,Finance,Australia,Business,399,1,4,0,89,18,,0.0
CUST_002142,2021-04-04,Small Business,Healthcare,USA,Professional,149,12,9,4,34,0,,0.0
CUST_002143,2022-10-27,Small Business,Manufacturing,USA,Professional,149,12,8,2,65,-19,,0.0
CUST_002144,2020-01-29,Small Business,Education,France,Business,399,24,4,5,64,17,2021-06-13,1.0
CUST_002145,2022-06-25,Small Business,Education,Germany,Enterprise,999,24,4,3,96,24,,0.0
CUST_002146,2022-11-22,Mid-Market,Other,USA,Basic,49,12,39,2,98,16,,0.0
CUST_002147,2024-07-27,Mid-Market,Education,UK,Business,399,24,37,0,71,-36,,0.0
CUST_002148,2022-05-28,Small Business,Manufacturing,UK,Basic,49,24,4,3,44,40,2023-09-15,1.0
CUST_002149,2020-03-19,Small Business,Real Estate,Other,Basic,49,36,6,2,56,29,,0.0
CUST_002150,2022-08-04,Enterprise,Technology,Canada,Basic,49,12,331,4,28,53,2024-06-30,1.0
CUST_002151,2021-04-03,Small Business,Healthcare,USA,Enterprise,999,24,7,1,33,20,,0.0
CUST_002152,2021-07-23,Mid-Market,Manufacturing,UK,Professional,149,12,10,2,100,-10,,0.0
CUST_002153,2024-04-10,Small Business,Retail,Australia,Basic,49,1,4,5,58,25,,0.0
CUST_002154,2024-02-14,Small Business,Technology,Germany,Basic,49,1,3,3,59,100,,0.0
CUST_002155,2023-12-24,Small Business,Healthcare,Australia,Enterprise,999,1,5,3,62,1,2024-10-18,1.0
CUST_002156,2022-01-07,Startup,Healthcare,USA,Professional,149,1,2,5,67,17,,0.0
CUST_002157,2023-08-01,Mid-Market,Retail,Australia,Basic,49,1,20,3,73,-6,,0.0
CUST_002158,2021-05-30,Startup,Education,France,Business,399,24,2,2,46,26,,0.0
CUST_002159,2023-01-27,Small Business,Other,Germany,Professional,149,12,4,2,95,-4,,0.0
CUST_002160,2021-01-31,Small Business,Manufacturing,USA,Basic,49,12,7,2,51,18,,0.0
CUST_002161,2024-02-21,Small Business,Education,Australia,Professional,149,12,6,1,30,74,,0.0
CUST_002162,2020-02-08,Small Business,Finance,Canada,Enterprise,999,12,3,1,37,58,,0.0
CUST_002163,2023-07-18,Small Business,Healthcare,Australia,Enterprise,999,1,3,1,64,24,,0.0
CUST_002164,2022-06-05,Small Business,Healthcare,USA,Basic,49,1,8,0,83,26,,0.0
CUST_002165,2022-03-07,Enterprise,Retail,USA,Basic,49,24,313,2,81,61,2024-02-18,1.0
CUST_002166,2020-06-05,Enterprise,Technology,USA,Basic,49,24,277,0,90,-48,,0.0
CUST_002167,2023-01-03,Small Business,Retail,UK,Professional,149,12,9,2,39,9,,0.0
CUST_002168,2022-06-02,Mid-Market,Retail,UK,Business,399,12,30,5,91,86,,0.0
CUST_002169,2024-12-28,Small Business,Finance,UK,Basic,49,1,7,0,74,59,,0.0
CUST_002170,2023-02-27,Mid-Market,Other,UK,Business,399,12,45,3,58,20,,0.0
CUST_002171,2024-09-06,Small Business,Retail,Australia,Business,399,12,4,0,50,-50,,0.0
CUST_002172,2022-08-31,Startup,Technology,USA,Business,399,24,2,1,46,-46,,0.0
CUST_002173,2023-01-12,Startup,Finance,USA,Enterprise,999,1,1,2,75,-40,,0.0
CUST_002174,2022-11-11,Small Business,Manufacturing,Australia,Professional,149,24,7,5,66,-16,,0.0
CUST_002175,2024-01-22,Small Business,Healthcare,Canada,Basic,49,12,9,2,28,-7,,0.0
CUST_002176,2024-04-11,Startup,Technology,Canada,Business,399,12,4,0,58,69,,0.0
CUST_002177,2024-09-26,Small Business,Retail,UK,Business,399,12,3,2,56,-28,,0.0
CUST_002178,2022-04-28,Mid-Market,Other,UK,Basic,49,12,22,3,88,-2,,0.0
CUST_002179,2023-11-06,Startup,Finance,USA,Business,399,12,1,0,71,51,,0.0
CUST_002180,2022-01-17,Small Business,Real Estate,UK,Basic,49,1,5,0,56,33,,0.0
CUST_002181,2024-01-03,Small Business,Education,Other,Basic,49,12,6,4,49,45,,0.0
CUST_002182,2024-06-15,Mid-Market,Technology,Canada,Basic,49,1,35,3,70,26,,0.0
CUST_002183,2022-09-15,Mid-Market,Manufacturing,USA,Enterprise,999,1,21,2,52,74,,0.0
CUST_002184,2020-01-21,Startup,Finance,France,Professional,149,1,2,3,35,53,,0.0
CUST_002185,2020-10-29,Small Business,Healthcare,USA,Basic,49,12,9,3,72,-15,2022-06-27,1.0
CUST_002186,2022-05-18,Mid-Market,Manufacturing,USA,Enterprise,999,1,14,1,63,2,,0.0
CUST_002187,2020-03-24,Mid-Market,Manufacturing,Australia,Business,399,1,11,1,61,36,,0.0
CUST_002188,2024-12-02,Small Business,Technology,USA,Business,399,12,9,3,66,31,,0.0
CUST_002189,2024-08-09,Small Business,Real Estate,Other,Basic,49,36,8,2,75,70,,0.0
CUST_002190,2024-01-16,Mid-Market,Manufacturing,UK,Basic,49,24,10,1,38,76,,0.0
CUST_002191,2023-11-11,Startup,Other,Germany,Professional,149,36,1,2,48,71,,0.0
CUST_002192,2024-03-10,Enterprise,Healthcare,UK,Business,399,12,418,0,94,24,,0.0
CUST_002193,2023-07-04,Small Business,Other,USA,Professional,149,12,8,0,87,72,,0.0
CUST_002194,2021-07-23,Small Business,Healthcare,Germany,Professional,149,24,7,5,100,77,,0.0
CUST_002195,2022-07-22,Mid-Market,Technology,Other,Business,399,1,47,0,80,36,,0.0
CUST_002196,2024-03-30,Startup,Manufacturing,France,Basic,49,1,2,1,79,-36,,0.0
CUST_002197,2023-03-31,Small Business,Manufacturing,Canada,Business,399,12,7,2,63,-11,,0.0
CUST_002198,2023-04-01,Startup,Retail,Other,Professional,149,1,3,2,35,9,,0.0
CUST_002199,2022-10-05,Mid-Market,Finance,USA,Basic,49,12,15,1,78,12,,0.0
CUST_002200,2022-03-03,Mid-Market,Technology,USA,Basic,49,12,38,4,63,0,2023-03-21,1.0
CUST_002201,2022-03-02,Mid-Market,Retail,USA,Business,399,1,46,1,31,14,,0.0
CUST_002202,2024-03-27,Small Business,Finance,Germany,Business,399,36,9,5,76,49,,0.0
CUST_002203,2024-12-14,Small Business,Retail,Australia,Basic,49,12,3,7,87,39,,0.0
CUST_002204,2023-07-18,Startup,Finance,Canada,Basic,49,12,2,1,48,9,,0.0
CUST_002205,2021-05-06,Small Business,Other,Other,Basic,49,36,3,2,57,49,,0.0
CUST_002206,2020-07-26,Startup,Retail,Germany,Enterprise,999,1,4,2,72,51,2022-04-16,1.0
CUST_002207,2024-04-11,Small Business,Manufacturing,USA,Business,399,24,9,3,47,47,,0.0
CUST_002208,2024-05-26,Mid-Market,Other,USA,Enterprise,999,12,37,1,62,31,,0.0
CUST_002209,2022-12-19,Mid-Market,Retail,Other,Business,399,12,17,2,69,42,,0.0
CUST_002210,2021-03-05,Small Business,Technology,USA,Basic,49,36,8,0,81,28,,0.0
CUST_002211,2022-09-11,Mid-Market,Technology,UK,Basic,49,12,21,4,64,17,2023-09-20,1.0
CUST_002212,2024-08-07,Enterprise,Manufacturing,USA,Professional,149,1,263,4,75,55,,0.0
CUST_002213,2024-06-16,Small Business,Healthcare,USA,Basic,49,1,2,2,60,67,,0.0
CUST_002214,2023-08-25,Startup,Retail,Canada,Basic,49,12,4,2,67,-2,,0.0
CUST_002215,2021-06-03,Mid-Market,Technology,USA,Basic,49,24,39,3,72,100,2023-01-05,1.0
CUST_002216,2021-08-13,Startup,Healthcare,Other,Business,399,1,2,0,15,-13,,0.0
CUST_002217,2022-11-16,Startup,Finance,UK,Professional,149,12,2,0,51,27,,0.0
CUST_002218,2024-09-05,Small Business,Other,Germany,Basic,49,24,6,2,87,54,,0.0
CUST_002219,2024-05-04,Enterprise,Retail,Germany,Professional,149,1,203,2,24,40,,0.0
CUST_002220,2020-07-17,Mid-Market,Other,Germany,Basic,49,24,16,0,72,-8,,0.0
CUST_002221,2021-01-21,Small Business,Other,Other,Business,399,1,6,1,92,38,,0.0
CUST_002222,2020-12-14,Small Business,Technology,USA,Business,399,1,4,3,87,90,,0.0
CUST_002223,2022-08-17,Startup,Healthcare,USA,Basic,49,1,2,3,81,21,,0.0
CUST_002224,2021-11-23,Small Business,Manufacturing,USA,Professional,149,36,9,0,99,-26,,0.0
CUST_002225,2024-04-08,Mid-Market,Real Estate,Australia,Professional,149,12,38,2,89,-26,,0.0
CUST_002226,2021-01-12,Mid-Market,Finance,Other,Basic,49,1,24,0,57,74,,0.0
CUST_002227,2022-06-17,Small Business,Other,USA,Basic,49,12,8,3,79,15,,0.0
CUST_002228,2022-07-04,Mid-Market,Technology,Germany,Enterprise,999,12,48,1,37,28,2023-06-20,1.0
CUST_002229,2024-04-30,Mid-Market,Healthcare,USA,Basic,49,12,18,0,84,42,,0.0
CUST_002230,2021-06-10,Small Business,Retail,USA,Professional,149,24,9,2,63,-73,2022-08-31,1.0
CUST_002231,2023-03-22,Enterprise,Finance,Germany,Business,399,1,155,0,86,71,,0.0
CUST_002232,2022-01-03,Mid-Market,Technology,USA,Basic,49,1,16,3,70,100,,0.0
CUST_002233,2020-07-24,Small Business,Healthcare,UK,Basic,49,12,7,4,84,13,,0.0
CUST_002234,2021-03-30,Mid-Market,Technology,Germany,Business,399,1,20,0,67,25,,0.0
CUST_002235,2023-07-20,Mid-Market,Retail,France,Basic,49,36,41,3,59,58,,0.0
CUST_002236,2023-06-13,Small Business,Real Estate,UK,Business,399,1,3,3,71,11,,0.0
CUST_002237,2024-10-29,Startup,Real Estate,Canada,Business,399,24,1,2,34,73,,0.0
CUST_002238,2021-06-04,Mid-Market,Manufacturing,UK,Business,399,1,44,2,62,50,,0.0
CUST_002239,2024-08-28,Startup,Finance,USA,Enterprise,999,24,4,2,56,80,,0.0
CUST_002240,2022-10-13,Small Business,Finance,Germany,Business,399,1,3,4,37,-16,,0.0
CUST_002241,2022-08-13,Small Business,Technology,USA,Business,399,36,2,3,51,44,,0.0
CUST_002242,2021-12-26,Startup,Healthcare,USA,Business,399,1,1,1,39,46,,0.0
CUST_002243,2022-10-10,Small Business,Technology,UK,Enterprise,999,24,8,3,34,58,,0.0
CUST_002244,2021-05-15,Startup,Education,Australia,Enterprise,999,12,4,2,53,24,,0.0
CUST_002245,2020-04-26,Mid-Market,Real Estate,USA,Business,399,12,40,6,75,-6,,0.0
CUST_002246,2021-01-20,Enterprise,Finance,USA,Basic,49,1,139,2,35,-29,,0.0
CUST_002247,2023-09-29,Startup,Manufacturing,USA,Business,399,24,1,1,64,8,,0.0
CUST_002248,2021-08-06,Small Business,Technology,USA,Basic,49,1,6,1,68,4,,0.0
CUST_002249,2021-01-29,Mid-Market,Retail,Canada,Basic,49,24,40,3,62,13,,0.0
CUST_002250,2022-12-23,Small Business,Manufacturing,USA,Basic,49,12,8,1,81,22,,0.0
CUST_002251,2024-10-06,Startup,Finance,France,Enterprise,999,36,3,2,100,-21,,0.0
CUST_002252,2021-12-21,Startup,Technology,France,Basic,49,12,3,2,98,-11,,0.0
CUST_002253,2020-03-12,Mid-Market,Real Estate,Germany,Business,399,1,29,3,52,11,2020-11-12,1.0
CUST_002254,2024-12-17,Startup,Manufacturing,UK,Professional,149,12,2,2,45,46,,0.0
CUST_002255,2020-09-30,Enterprise,Real Estate,USA,Basic,49,1,349,3,55,4,2021-07-01,1.0
CUST_002256,2023-09-05,Enterprise,Education,USA,Professional,149,1,193,1,75,45,,0.0
CUST_002257,2020-12-03,Small Business,Other,UK,Business,399,12,6,2,65,99,,0.0
CUST_002258,2023-10-21,Enterprise,Technology,USA,Business,399,24,255,4,65,28,,0.0
CUST_002259,2024-02-27,Mid-Market,Technology,Germany,Basic,49,24,32,0,66,95,,0.0
CUST_002260,2021-08-29,Small Business,Healthcare,USA,Basic,49,1,4,2,66,77,2023-03-02,1.0
CUST_002261,2020-06-14,Mid-Market,Technology,USA,Business,399,12,39,1,70,51,2020-11-23,1.0
CUST_002262,2024-04-16,Mid-Market,Finance,USA,Basic,49,1,45,4,83,10,,0.0
CUST_002263,2020-01-11,Mid-Market,Retail,USA,Basic,49,12,20,0,71,20,,0.0
CUST_002264,2023-08-17,Small Business,Retail,Other,Basic,49,1,4,4,43,66,2024-06-21,1.0
CUST_002265,2021-12-29,Small Business,Healthcare,USA,Business,399,24,6,3,83,32,,0.0
CUST_002266,2022-03-11,Startup,Real Estate,Australia,Basic,49,36,4,2,86,100,,0.0
CUST_002267,2020-04-11,Startup,Technology,Canada,Professional,149,1,1,0,62,17,,0.0
CUST_002268,2023-12-19,Small Business,Healthcare,Australia,Enterprise,999,12,5,2,71,25,,0.0
CUST_002269,2023-11-16,Startup,Manufacturing,UK,Business,399,1,1,2,55,100,,0.0
CUST_002270,2022-02-17,Mid-Market,Manufacturing,Other,Basic,49,36,39,2,49,-10,,0.0
CUST_002271,2020-08-01,Mid-Market,Finance,USA,Professional,149,1,14,2,51,100,,0.0
CUST_002272,2024-09-10,Startup,Technology,Canada,Basic,49,12,2,2,53,-56,,0.0
CUST_002273,2023-01-16,Small Business,Retail,USA,Basic,49,24,2,0,93,-3,,0.0
CUST_002274,2024-04-25,Startup,Technology,UK,Basic,49,1,4,4,63,-15,,0.0
CUST_002275,2021-02-04,Small Business,Technology,Canada,Professional,149,12,5,0,48,-36,,0.0
CUST_002276,2021-08-10,Startup,Retail,Canada,Professional,149,1,1,1,60,2,,0.0
CUST_002277,2022-06-07,Small Business,Healthcare,USA,Enterprise,999,24,7,0,78,11,,0.0
CUST_002278,2022-12-05,Small Business,Healthcare,USA,Enterprise,999,1,2,4,94,37,,0.0
CUST_002279,2024-08-22,Small Business,Finance,Germany,Basic,49,36,6,3,75,-53,,0.0
CUST_002280,2024-01-26,Small Business,Other,UK,Professional,149,36,5,5,64,100,,0.0
CUST_002281,2021-08-14,Small Business,Other,USA,Basic,49,24,7,0,99,7,,0.0
CUST_002282,2023-08-26,Startup,Finance,Other,Professional,149,12,2,1,60,38,,0.0
CUST_002283,2023-01-14,Mid-Market,Healthcare,Other,Basic,49,24,40,4,59,5,,0.0
CUST_002284,2020-04-01,Mid-Market,Healthcare,Australia,Enterprise,999,1,15,3,41,30,,0.0
CUST_002285,2024-08-10,Small Business,Healthcare,Australia,Business,399,12,9,0,52,40,,0.0
CUST_002286,2021-11-03,Small Business,Finance,USA,Basic,49,1,8,2,41,57,,0.0
CUST_002287,2021-12-14,Startup,Retail,Other,Business,399,12,1,2,38,-40,,0.0
CUST_002288,2022-07-24,Mid-Market,Finance,UK,Professional,149,24,14,3,63,100,2023-12-16,1.0
CUST_002289,2020-08-29,Small Business,Finance,USA,Professional,149,36,3,2,55,-70,,0.0
CUST_002290,2020-01-02,Small Business,Technology,France,Professional,149,12,8,2,89,39,,0.0
CUST_002291,2020-08-12,Small Business,Finance,USA,Business,399,24,4,1,71,41,,0.0
CUST_002292,2022-03-11,Startup,Healthcare,UK,Business,399,24,3,1,78,1,,0.0
CUST_002293,2024-11-03,Mid-Market,Finance,USA,Business,399,36,40,1,74,25,,0.0
CUST_002294,2021-08-11,Small Business,Manufacturing,UK,Professional,149,12,5,2,43,37,,0.0
CUST_002295,2020-04-25,Startup,Retail,Canada,Business,399,1,1,0,60,-4,,0.0
CUST_002296,2024-08-16,Startup,Finance,UK,Enterprise,999,12,3,1,73,-78,,0.0
CUST_002297,2022-07-06,Small Business,Retail,USA,Basic,49,12,5,5,30,10,,0.0
CUST_002298,2023-01-31,Small Business,Healthcare,UK,Basic,49,12,3,0,29,100,2024-01-07,1.0
CUST_002299,2020-07-12,Mid-Market,Technology,UK,Business,399,36,49,2,68,-12,2021-11-20,1.0
CUST_002300,2023-04-04,Small Business,Retail,USA,Enterprise,999,36,9,1,60,7,,0.0
CUST_002301,2022-05-20,Startup,Healthcare,Other,Basic,49,12,2,3,0,10,2023-11-10,1.0
CUST_002302,2020-03-30,Small Business,Retail,UK,Professional,149,1,4,4,29,10,,0.0
CUST_002303,2024-09-05,Mid-Market,Manufacturing,Australia,Basic,49,1,46,0,45,-31,,0.0
CUST_002304,2020-05-01,Mid-Market,Real Estate,USA,Business,399,1,19,2,75,63,,0.0
CUST_002305,2020-05-22,Mid-Market,Other,USA,Enterprise,999,12,47,0,55,42,,0.0
CUST_002306,2022-09-20,Mid-Market,Technology,USA,Professional,149,24,45,1,87,17,,0.0
CUST_002307,2020-04-15,Enterprise,Other,UK,Professional,149,12,153,2,50,-17,2021-05-03,1.0
CUST_002308,2022-06-05,Small Business,Manufacturing,USA,Enterprise,999,12,3,2,53,2,,0.0
CUST_002309,2021-03-03,Mid-Market,Retail,UK,Basic,49,1,16,2,100,49,,0.0
CUST_002310,2023-08-21,Mid-Market,Technology,USA,Business,399,12,18,3,81,45,,0.0
CUST_002311,2020-11-12,Small Business,Real Estate,USA,Professional,149,24,5,2,86,26,,0.0
CUST_002312,2021-09-26,Mid-Market,Technology,Canada,Professional,149,24,18,1,50,50,,0.0
CUST_002313,2020-01-09,Enterprise,Education,Other,Professional,149,1,85,2,60,100,,0.0
CUST_002314,2022-02-12,Mid-Market,Technology,USA,Professional,149,24,39,1,65,74,,0.0
CUST_002315,2023-01-01,Mid-Market,Retail,Germany,Enterprise,999,1,40,3,60,-21,,0.0
CUST_002316,2023-10-14,Small Business,Finance,Germany,Enterprise,999,12,5,3,68,97,,0.0
CUST_002317,2020-08-10,Mid-Market,Technology,UK,Business,399,1,32,4,68,20,,0.0
CUST_002318,2023-12-10,Startup,Technology,Australia,Basic,49,12,3,1,61,60,,0.0
CUST_002319,2021-07-06,Startup,Finance,Other,Basic,49,1,3,2,59,18,,0.0
CUST_002320,2023-10-25,Small Business,Technology,USA,Professional,149,12,7,0,92,-40,,0.0
CUST_002321,2021-12-16,Small Business,Finance,Germany,Enterprise,999,12,6,2,47,39,2022-10-19,1.0
CUST_002322,2023-07-11,Startup,Retail,Germany,Professional,149,1,2,1,55,83,,0.0
CUST_002323,2024-09-09,Small Business,Education,UK,Enterprise,999,36,6,2,36,-10,,0.0
CUST_002324,2023-09-03,Enterprise,Manufacturing,USA,Enterprise,999,1,499,2,46,12,,0.0
CUST_002325,2023-01-12,Small Business,Technology,Other,Professional,149,24,7,4,55,100,,0.0
CUST_002326,2023-09-03,Startup,Healthcare,France,Business,399,12,1,0,67,81,,0.0
CUST_002327,2020-04-20,Mid-Market,Healthcare,USA,Enterprise,999,24,45,4,81,65,2021-08-22,1.0
CUST_002328,2020-09-07,Enterprise,Real Estate,USA,Business,399,12,127,4,82,57,,0.0
CUST_002329,2021-01-17,Small Business,Real Estate,Other,Business,399,1,8,0,92,41,,0.0
CUST_002330,2020-01-07,Startup,Healthcare,USA,Business,399,12,4,4,45,-5,,0.0
CUST_002331,2021-04-03,Mid-Market,Technology,Germany,Basic,49,12,28,1,47,9,2022-06-12,1.0
CUST_002332,2023-01-12,Small Business,Real Estate,USA,Professional,149,24,6,0,43,82,,0.0
CUST_002333,2020-07-26,Mid-Market,Real Estate,USA,Basic,49,36,36,0,100,23,,0.0
CUST_002334,2022-06-18,Small Business,Real Estate,USA,Basic,49,1,6,0,76,-41,,0.0
CUST_002335,2023-11-14,Mid-Market,Education,USA,Business,399,12,25,1,82,34,,0.0
CUST_002336,2023-08-30,Mid-Market,Finance,USA,Professional,149,12,10,1,41,-48,,0.0
CUST_002337,2020-01-22,Startup,Technology,Canada,Basic,49,12,1,7,64,1,,0.0
CUST_002338,2021-02-13,Small Business,Finance,Canada,Professional,149,36,2,3,76,-39,,0.0
CUST_002339,2022-06-13,Small Business,Finance,USA,Enterprise,999,1,3,3,36,29,,0.0
CUST_002340,2021-05-29,Small Business,Finance,Germany,Business,399,12,5,4,55,39,,0.0
CUST_002341,2023-02-24,Mid-Market,Finance,UK,Basic,49,12,29,3,73,89,,0.0
CUST_002342,2022-03-19,Small Business,Healthcare,UK,Enterprise,999,1,4,3,21,53,,0.0
CUST_002343,2024-09-19,Mid-Market,Healthcare,UK,Professional,149,24,11,2,94,10,,0.0
CUST_002344,2022-05-23,Small Business,Finance,UK,Business,399,1,9,3,78,-6,,0.0
CUST_002345,2020-01-14,Mid-Market,Technology,Other,Business,399,12,38,3,42,47,,0.0
CUST_002346,2022-08-28,Small Business,Finance,Germany,Enterprise,999,12,2,1,64,-37,,0.0
CUST_002347,2022-09-04,Startup,Education,USA,Business,399,1,1,2,74,90,,0.0
CUST_002348,2022-10-10,Startup,Education,Germany,Basic,49,1,4,1,67,47,2024-07-28,1.0
CUST_002349,2022-11-01,Small Business,Finance,USA,Professional,149,36,4,1,63,-16,,0.0
CUST_002350,2020-03-27,Mid-Market,Finance,USA,Professional,149,36,25,1,62,-2,,0.0
CUST_002351,2024-03-27,Small Business,Technology,UK,Professional,149,36,9,5,80,8,,0.0
CUST_002352,2022-06-27,Startup,Manufacturing,France,Professional,149,36,2,1,81,26,,0.0
CUST_002353,2024-04-09,Mid-Market,Finance,USA,Professional,149,1,15,0,78,42,,0.0
CUST_002354,2023-08-17,Startup,Finance,Australia,Professional,149,1,3,4,79,19,,0.0
CUST_002355,2023-06-20,Mid-Market,Real Estate,USA,Basic,49,1,14,1,74,43,,0.0
CUST_002356,2020-05-01,Startup,Finance,USA,Professional,149,24,3,2,76,11,,0.0
CUST_002357,2023-03-16,Startup,Technology,Other,Business,399,24,1,3,98,87,,0.0
CUST_002358,2024-05-09,Startup,Technology,UK,Professional,149,12,4,1,62,60,,0.0
CUST_002359,2022-01-19,Mid-Market,Finance,France,Enterprise,999,36,18,1,31,73,2023-03-30,1.0
CUST_002360,2023-10-11,Enterprise,Finance,France,Basic,49,12,276,1,89,44,,0.0
CUST_002361,2021-11-15,Small Business,Real Estate,Other,Professional,149,1,8,2,74,76,,0.0
CUST_002362,2024-10-22,Mid-Market,Finance,USA,Professional,149,1,30,5,75,-54,,0.0
CUST_002363,2024-07-12,Enterprise,Manufacturing,USA,Basic,49,1,233,4,47,29,,0.0
CUST_002364,2020-11-04,Small Business,Finance,France,Basic,49,12,3,1,31,90,2021-06-10,1.0
CUST_002365,2021-11-25,Small Business,Finance,Canada,Enterprise,999,12,6,3,70,70,,0.0
CUST_002366,2020-10-14,Small Business,Finance,Canada,Professional,149,24,5,2,59,54,2021-10-14,1.0
CUST_002367,2020-11-02,Small Business,Finance,USA,Professional,149,1,7,7,64,2,,0.0
CUST_002368,2024-06-05,Mid-Market,Finance,USA,Professional,149,24,29,3,54,57,,0.0
CUST_002369,2022-07-02,Startup,Healthcare,UK,Business,399,12,4,0,66,49,,0.0
CUST_002370,2024-10-12,Mid-Market,Real Estate,USA,Professional,149,36,36,2,51,-22,,0.0
CUST_002371,2021-10-23,Small Business,Healthcare,USA,Business,399,24,4,2,94,71,,0.0
CUST_002372,2021-07-02,Small Business,Technology,USA,Basic,49,36,7,2,61,22,,0.0
CUST_002373,2023-10-07,Startup,Technology,USA,Professional,149,12,3,1,82,-9,,0.0
CUST_002374,2020-11-07,Enterprise,Technology,France,Basic,49,1,475,4,74,-18,,0.0
CUST_002375,2022-05-22,Small Business,Finance,Germany,Business,399,12,9,3,90,9,,0.0
CUST_002376,2022-12-18,Small Business,Technology,USA,Business,399,1,2,1,68,40,,0.0
CUST_002377,2024-07-24,Mid-Market,Technology,USA,Professional,149,12,21,2,83,12,,0.0
CUST_002378,2022-07-12,Small Business,Finance,Canada,Basic,49,1,7,6,79,-5,,0.0
CUST_002379,2024-10-03,Startup,Manufacturing,USA,Professional,149,12,1,3,96,2,,0.0
CUST_002380,2022-01-24,Startup,Technology,France,Basic,49,36,2,5,79,37,2023-01-20,1.0
CUST_002381,2020-02-04,Enterprise,Finance,France,Professional,149,1,202,3,49,68,,0.0
CUST_002382,2021-03-20,Mid-Market,Manufacturing,Australia,Business,399,36,43,2,61,32,,0.0
CUST_002383,2020-04-02,Mid-Market,Other,Canada,Business,399,1,38,2,40,100,,0.0
CUST_002384,2023-05-15,Small Business,Retail,USA,Basic,49,1,2,0,58,-5,,0.0
CUST_002385,2020-12-18,Mid-Market,Technology,Canada,Enterprise,999,12,45,4,37,4,,0.0
CUST_002386,2022-06-21,Mid-Market,Manufacturing,USA,Enterprise,999,24,43,1,80,52,,0.0
CUST_002387,2023-09-17,Startup,Retail,USA,Professional,149,24,2,2,29,23,,0.0
CUST_002388,2022-05-11,Startup,Technology,USA,Professional,149,24,1,5,43,75,,0.0
CUST_002389,2024-10-14,Enterprise,Real Estate,UK,Enterprise,999,1,257,2,71,-24,,0.0
CUST_002390,2020-06-07,Mid-Market,Finance,USA,Professional,149,1,25,1,81,41,,0.0
CUST_002391,2022-08-14,Small Business,Other,USA,Professional,149,1,6,1,24,57,,0.0
CUST_002392,2020-01-24,Mid-Market,Manufacturing,Canada,Business,399,12,28,2,72,-42,,0.0
CUST_002393,2021-02-07,Small Business,Retail,Other,Basic,49,36,2,1,77,-22,,0.0
CUST_002394,2022-03-15,Small Business,Manufacturing,USA,Business,399,36,7,1,31,5,,0.0
CUST_002395,2021-05-30,Startup,Finance,UK,Professional,149,1,4,1,29,-24,2022-09-14,1.0
CUST_002396,2022-01-01,Small Business,Finance,USA,Professional,149,24,3,0,65,26,,0.0
CUST_002397,2023-10-19,Small Business,Real Estate,Other,Basic,49,12,3,2,74,57,,0.0
CUST_002398,2023-11-06,Small Business,Manufacturing,USA,Basic,49,1,3,1,55,8,,0.0
CUST_002399,2021-06-15,Mid-Market,Real Estate,Australia,Professional,149,12,19,2,69,59,2022-05-20,1.0
CUST_002400,2022-08-13,Small Business,Real Estate,USA,Professional,149,12,6,3,65,-11,,0.0
CUST_002401,2020-05-31,Small Business,Other,France,Business,399,12,3,0,100,-1,,0.0
CUST_002402,2024-05-04,Mid-Market,Manufacturing,USA,Basic,49,1,21,2,20,2,,0.0
CUST_002403,2024-09-08,Mid-Market,Finance,USA,Basic,49,36,22,5,55,21,,0.0
CUST_002404,2022-08-04,Mid-Market,Technology,USA,Professional,149,12,49,2,57,-35,,0.0
CUST_002405,2021-08-30,Startup,Manufacturing,USA,Professional,149,1,1,1,30,-28,,0.0
CUST_002406,2024-06-28,Mid-Market,Healthcare,Australia,Basic,49,12,27,5,72,-34,2024-10-15,1.0
CUST_002407,2021-02-23,Mid-Market,Healthcare,Canada,Basic,49,24,19,3,53,39,,0.0
CUST_002408,2023-06-27,Small Business,Technology,UK,Enterprise,999,12,9,3,47,43,,0.0
CUST_002409,2023-02-14,Small Business,Real Estate,Other,Basic,49,24,5,1,39,-94,2024-07-17,1.0
CUST_002410,2022-05-15,Mid-Market,Real Estate,UK,Business,399,1,43,0,66,95,2022-11-25,1.0
CUST_002411,2024-03-15,Startup,Retail,Other,Professional,149,12,4,5,74,-48,,0.0
CUST_002412,2024-10-29,Startup,Finance,USA,Business,399,12,3,3,61,66,,0.0
CUST_002413,2021-07-31,Small Business,Manufacturing,Other,Basic,49,1,2,1,83,72,,0.0
CUST_002414,2020-11-30,Small Business,Retail,USA,Business,399,12,2,4,72,75,,0.0
CUST_002415,2023-12-12,Enterprise,Finance,UK,Basic,49,12,118,1,100,4,,0.0
CUST_002416,2022-07-20,Mid-Market,Healthcare,UK,Professional,149,12,13,4,43,34,2023-01-28,1.0
CUST_002417,2024-12-02,Startup,Healthcare,UK,Basic,49,1,2,1,36,22,,0.0
CUST_002418,2020-10-21,Enterprise,Retail,Canada,Business,399,12,277,1,77,100,,0.0
CUST_002419,2022-01-24,Mid-Market,Retail,USA,Business,399,24,28,2,59,19,,0.0
CUST_002420,2023-10-26,Small Business,Finance,Other,Professional,149,24,8,7,38,85,2024-10-11,1.0
CUST_002421,2020-07-04,Mid-Market,Other,Other,Basic,49,24,41,3,45,-10,,0.0
CUST_002422,2023-06-23,Startup,Technology,Other,Business,399,12,4,4,79,5,,0.0
CUST_002423,2021-09-28,Mid-Market,Healthcare,Other,Business,399,1,15,1,83,17,,0.0
CUST_002424,2023-07-15,Startup,Finance,France,Professional,149,24,2,0,80,30,,0.0
CUST_002425,2024-07-24,Small Business,Technology,Other,Enterprise,999,1,2,2,66,27,,0.0
CUST_002426,2023-06-14,Startup,Healthcare,Australia,Professional,149,24,2,4,60,6,,0.0
CUST_002427,2021-06-13,Mid-Market,Healthcare,UK,Basic,49,24,46,3,61,-54,,0.0
CUST_002428,2024-04-24,Small Business,Finance,France,Basic,49,12,5,2,70,-20,,0.0
CUST_002429,2020-01-21,Startup,Healthcare,Other,Business,399,1,4,1,68,52,,0.0
CUST_002430,2022-06-29,Small Business,Manufacturing,Germany,Professional,149,36,2,3,45,65,,0.0
CUST_002431,2024-10-26,Small Business,Finance,UK,Basic,49,24,8,0,85,18,,0.0
CUST_002432,2022-05-16,Small Business,Technology,USA,Basic,49,24,5,2,65,-2,,0.0
CUST_002433,2022-03-04,Small Business,Manufacturing,France,Professional,149,1,5,1,20,-37,,0.0
CUST_002434,2024-03-23,Small Business,Technology,Other,Basic,49,12,9,3,39,85,,0.0
CUST_002435,2020-04-09,Startup,Education,USA,Basic,49,1,1,1,56,51,,0.0
CUST_002436,2022-01-21,Mid-Market,Other,USA,Enterprise,999,12,34,1,69,-19,,0.0
CUST_002437,2021-04-22,Small Business,Healthcare,USA,Basic,49,12,7,1,65,43,,0.0
CUST_002438,2024-06-10,Startup,Real Estate,Canada,Basic,49,24,2,4,51,32,,0.0
CUST_002439,2023-08-14,Small Business,Education,USA,Business,399,1,4,1,89,71,,0.0
CUST_002440,2022-07-28,Startup,Real Estate,Canada,Business,399,12,3,0,80,36,,0.0
CUST_002441,2021-06-09,Startup,Retail,Other,Professional,149,1,1,7,64,26,,0.0
CUST_002442,2020-11-29,Small Business,Technology,Germany,Basic,49,12,3,1,33,54,2021-03-13,1.0
CUST_002443,2020-01-02,Mid-Market,Real Estate,USA,Business,399,36,49,1,58,69,,0.0
CUST_002444,2021-01-09,Enterprise,Technology,Other,Professional,149,24,174,0,57,30,2022-10-08,1.0
CUST_002445,2020-10-19,Small Business,Technology,Canada,Professional,149,12,5,1,31,-14,,0.0
CUST_002446,2022-04-16,Startup,Healthcare,USA,Professional,149,1,2,0,75,53,,0.0
CUST_002447,2022-10-01,Mid-Market,Healthcare,UK,Business,399,12,36,0,68,54,,0.0
CUST_002448,2021-07-06,Mid-Market,Finance,Germany,Professional,149,1,11,1,45,42,,0.0
CUST_002449,2020-11-13,Enterprise,Manufacturing,Australia,Enterprise,999,12,445,3,69,46,,0.0
CUST_002450,2024-03-05,Startup,Real Estate,Other,Professional,149,1,2,3,84,9,,0.0
CUST_002451,2021-01-15,Mid-Market,Technology,USA,Business,399,24,29,2,75,35,,0.0
CUST_002452,2024-07-04,Small Business,Other,USA,Professional,149,1,3,3,53,68,,0.0
CUST_002453,2020-01-14,Small Business,Real Estate,USA,Basic,49,1,9,2,100,47,,0.0
CUST_002454,2021-05-18,Startup,Technology,Germany,Professional,149,12,4,1,73,67,,0.0
CUST_002455,2020-08-18,Small Business,Healthcare,France,Basic,49,36,2,3,52,67,2021-06-02,1.0
CUST_002456,2023-01-12,Small Business,Education,UK,Basic,49,36,5,3,97,100,,0.0
CUST_002457,2020-05-09,Mid-Market,Retail,USA,Business,399,24,37,4,29,75,,0.0
CUST_002458,2024-11-01,Small Business,Education,Other,Business,399,1,8,1,41,8,,0.0
CUST_002459,2022-04-17,Small Business,Manufacturing,Other,Basic,49,1,4,2,55,12,,0.0
CUST_002460,2023-03-14,Startup,Finance,USA,Professional,149,24,3,0,84,-43,,0.0
CUST_002461,2022-06-09,Mid-Market,Technology,France,Basic,49,24,29,1,51,-2,,0.0
CUST_002462,2020-01-28,Enterprise,Retail,Canada,Business,399,12,52,3,62,49,,0.0
CUST_002463,2020-03-06,Enterprise,Technology,USA,Basic,49,12,68,3,46,66,2021-08-17,1.0
CUST_002464,2023-04-01,Small Business,Retail,USA,Business,399,1,4,0,79,-7,,0.0
CUST_002465,2023-06-06,Startup,Education,USA,Professional,149,24,1,2,74,62,,0.0
CUST_002466,2020-09-17,Enterprise,Retail,USA,Professional,149,1,270,3,35,36,,0.0
CUST_002467,2024-01-12,Small Business,Other,Canada,Basic,49,12,7,3,64,75,,0.0
CUST_002468,2023-12-18,Mid-Market,Finance,USA,Professional,149,36,47,3,70,77,,0.0
CUST_002469,2021-04-04,Enterprise,Manufacturing,USA,Business,399,24,449,3,61,46,,0.0
CUST_002470,2024-08-26,Small Business,Retail,UK,Business,399,1,9,4,63,16,,0.0
CUST_002471,2020-10-27,Mid-Market,Other,USA,Business,399,1,41,4,51,42,2021-06-17,1.0
CUST_002472,2022-07-07,Small Business,Manufacturing,Germany,Business,399,1,4,1,81,69,,0.0
CUST_002473,2023-08-19,Small Business,Technology,UK,Basic,49,12,7,2,49,79,,0.0
CUST_002474,2020-10-13,Small Business,Other,UK,Basic,49,12,3,1,83,18,,0.0
CUST_002475,2023-11-19,Mid-Market,Retail,Other,Business,399,1,30,2,64,82,,0.0
CUST_002476,2022-10-30,Startup,Technology,USA,Business,399,1,4,3,55,24,,0.0
CUST_002477,2024-09-26,Small Business,Retail,Canada,Business,399,1,6,1,63,100,,0.0
CUST_002478,2021-09-21,Startup,Real Estate,USA,Professional,149,36,2,2,66,9,,0.0
CUST_002479,2020-09-26,Enterprise,Retail,Australia,Professional,149,24,134,1,58,-3,,0.0
CUST_002480,2021-08-14,Enterprise,Healthcare,Australia,Basic,49,12,155,3,57,65,,0.0
CUST_002481,2024-06-16,Enterprise,Education,USA,Business,399,36,449,5,44,61,,0.0
CUST_002482,2024-12-06,Mid-Market,Education,Germany,Enterprise,999,12,42,0,93,-17,,0.0
CUST_002483,2022-04-23,Small Business,Finance,USA,Professional,149,24,2,0,48,27,2024-03-14,1.0
CUST_002484,2022-05-11,Startup,Technology,Other,Basic,49,12,4,2,40,53,2024-01-30,1.0
CUST_002485,2023-10-16,Small Business,Healthcare,USA,Basic,49,24,3,2,73,31,,0.0
CUST_002486,2023-07-04,Mid-Market,Manufacturing,Australia,Basic,49,1,37,0,27,68,2024-06-10,1.0
CUST_002487,2020-05-12,Small Business,Education,USA,Professional,149,12,4,3,65,46,,0.0
CUST_002488,2023-07-23,Mid-Market,Healthcare,Canada,Enterprise,999,24,30,3,42,63,2024-03-28,1.0
CUST_002489,2024-12-04,Small Business,Healthcare,Other,Business,399,1,3,3,73,40,,0.0
CUST_002490,2024-09-02,Small Business,Technology,Australia,Business,399,1,4,2,61,70,,0.0
CUST_002491,2022-08-29,Startup,Manufacturing,USA,Professional,149,1,2,4,47,71,2024-07-14,1.0
CUST_002492,2021-05-27,Startup,Technology,UK,Professional,149,1,4,3,61,37,,0.0
CUST_002493,2020-11-08,Mid-Market,Technology,USA,Enterprise,999,1,24,3,73,29,,0.0
CUST_002494,2021-07-29,Small Business,Technology,UK,Professional,149,12,4,1,56,16,,0.0
CUST_002495,2022-06-04,Startup,Retail,USA,Enterprise,999,1,2,1,57,19,,0.0
CUST_002496,2023-07-31,Startup,Finance,USA,Business,399,1,2,4,83,42,,0.0
CUST_002497,2023-02-18,Small Business,Healthcare,UK,Basic,49,36,6,0,73,59,,0.0
CUST_002498,2023-02-04,Startup,Real Estate,USA,Professional,149,12,3,0,55,76,2024-01-02,1.0
CUST_002499,2021-11-17,Enterprise,Technology,UK,Professional,149,1,378,3,66,-38,,0.0
CUST_002500,2023-05-12,Startup,Healthcare,USA,Basic,49,12,4,2,58,-61,,0.0
CUST_002501,2020-06-13,Enterprise,Other,USA,Professional,149,24,155,1,85,24,,0.0
CUST_002502,2020-10-31,Small Business,Finance,Germany,Business,399,24,9,2,30,35,,0.0
CUST_002503,2024-02-29,Startup,Retail,USA,Business,399,1,1,3,75,-47,,0.0
CUST_002504,2024-07-13,Mid-Market,Technology,USA,Basic,49,36,35,3,74,39,,0.0
CUST_002505,2024-04-28,Small Business,Education,UK,Professional,149,24,8,3,50,-14,,0.0
CUST_002506,2020-06-04,Mid-Market,Finance,UK,Professional,149,24,21,2,46,35,,0.0
CUST_002507,2023-10-22,Startup,Education,Germany,Professional,149,1,1,1,88,-46,,0.0
CUST_002508,2024-10-08,Startup,Healthcare,USA,Professional,149,1,3,1,60,7,,0.0
CUST_002509,2021-09-11,Small Business,Finance,USA,Business,399,12,2,0,93,40,,0.0
CUST_002510,2023-06-28,Small Business,Education,Australia,Professional,149,1,2,3,44,53,,0.0
CUST_002511,2022-08-14,Startup,Other,Other,Basic,49,1,4,1,63,34,,0.0
CUST_002512,2020-11-29,Small Business,Technology,USA,Professional,149,1,9,1,53,-13,,0.0
CUST_002513,2024-07-23,Small Business,Education,UK,Professional,149,24,7,3,56,45,,0.0
CUST_002514,2022-08-26,Small Business,Healthcare,USA,Basic,49,1,3,3,71,-4,,0.0
CUST_002515,2021-05-25,Small Business,Retail,USA,Basic,49,1,5,1,49,48,,0.0
CUST_002516,2023-08-09,Enterprise,Healthcare,USA,Professional,149,36,461,1,61,96,,0.0
CUST_002517,2022-11-09,Enterprise,Retail,Canada,Business,399,1,255,1,49,17,,0.0
CUST_002518,2020-10-08,Mid-Market,Healthcare,USA,Business,399,12,22,1,77,100,2022-07-29,1.0
CUST_002519,2022-03-07,Startup,Healthcare,Other,Business,399,12,2,2,100,54,,0.0
CUST_002520,2022-10-21,Small Business,Technology,UK,Professional,149,36,4,0,90,20,,0.0
CUST_002521,2020-04-28,Small Business,Technology,USA,Basic,49,24,2,1,45,100,,0.0
CUST_002522,2022-11-24,Small Business,Real Estate,France,Basic,49,12,4,3,55,30,2023-08-01,1.0
CUST_002523,2020-07-16,Mid-Market,Other,USA,Business,399,36,21,0,63,-4,,0.0
CUST_002524,2021-04-29,Mid-Market,Education,UK,Professional,149,12,34,2,24,5,,0.0
CUST_002525,2024-11-15,Startup,Healthcare,USA,Professional,149,12,1,4,63,33,,0.0
CUST_002526,2022-12-18,Small Business,Finance,USA,Basic,49,1,4,2,74,2,2023-08-18,1.0
CUST_002527,2022-04-16,Startup,Manufacturing,USA,Enterprise,999,12,4,1,64,15,,0.0
CUST_002528,2023-03-30,Small Business,Other,USA,Enterprise,999,12,4,3,63,5,,0.0
CUST_002529,2022-10-05,Small Business,Finance,USA,Basic,49,12,7,1,51,52,2023-11-26,1.0
CUST_002530,2021-11-21,Small Business,Education,USA,Business,399,12,7,0,58,100,,0.0
CUST_002531,2023-05-14,Startup,Other,Other,Basic,49,1,4,5,55,24,2023-10-17,1.0
CUST_002532,2022-11-01,Startup,Real Estate,USA,Professional,149,12,4,3,44,-5,,0.0
CUST_002533,2021-05-04,Enterprise,Technology,USA,Basic,49,24,122,2,83,27,,0.0
CUST_002534,2020-10-02,Small Business,Technology,Other,Basic,49,1,6,3,96,-8,,0.0
CUST_002535,2021-11-23,Small Business,Finance,Canada,Basic,49,12,2,4,52,100,,0.0
CUST_002536,2020-08-29,Small Business,Finance,UK,Enterprise,999,12,4,2,44,73,,0.0
CUST_002537,2023-05-24,Mid-Market,Technology,USA,Business,399,36,49,1,49,92,,0.0
CUST_002538,2023-06-28,Startup,Healthcare,Germany,Basic,49,1,4,2,45,63,,0.0
CUST_002539,2020-05-05,Startup,Manufacturing,USA,Professional,149,12,3,1,55,-17,2021-08-06,1.0
CUST_002540,2020-08-04,Mid-Market,Finance,Germany,Basic,49,1,25,2,70,46,,0.0
CUST_002541,2023-08-22,Startup,Healthcare,Other,Basic,49,12,1,1,89,46,,0.0
CUST_002542,2024-12-25,Enterprise,Retail,UK,Business,399,1,279,2,33,73,,0.0
CUST_002543,2023-04-23,Enterprise,Retail,USA,Basic,49,12,459,3,83,44,,0.0
CUST_002544,2022-11-28,Mid-Market,Manufacturing,Canada,Professional,149,24,22,2,64,-3,,0.0
CUST_002545,2023-05-31,Enterprise,Technology,UK,Professional,149,1,356,2,22,100,2024-05-08,1.0
CUST_002546,2023-04-22,Startup,Manufacturing,UK,Basic,49,24,1,3,39,64,,0.0
CUST_002547,2021-05-09,Enterprise,Retail,UK,Professional,149,12,100,1,75,17,,0.0
CUST_002548,2021-03-02,Mid-Market,Technology,Germany,Enterprise,999,1,38,6,47,30,,0.0
CUST_002549,2023-04-16,Mid-Market,Education,Canada,Business,399,12,27,1,57,50,2024-06-23,1.0
CUST_002550,2022-07-07,Mid-Market,Healthcare,Other,Basic,49,12,31,0,62,17,,0.0
CUST_002551,2023-12-22,Enterprise,Healthcare,France,Business,399,1,436,4,88,35,,0.0
CUST_002552,2023-08-10,Small Business,Finance,USA,Enterprise,999,24,7,3,39,43,,0.0
CUST_002553,2020-05-30,Mid-Market,Healthcare,Germany,Basic,49,24,17,3,77,23,,0.0
CUST_002554,2021-01-18,Startup,Healthcare,USA,Basic,49,24,2,3,90,59,,0.0
CUST_002555,2024-07-19,Startup,Education,France,Basic,49,12,3,1,45,17,,0.0
CUST_002556,2020-11-03,Enterprise,Technology,USA,Basic,49,1,305,2,80,5,,0.0
CUST_002557,2023-09-21,Startup,Other,UK,Business,399,24,4,1,54,70,2024-05-26,1.0
CUST_002558,2022-01-15,Enterprise,Retail,France,Basic,49,12,458,3,51,55,2023-03-06,1.0
CUST_002559,2022-06-10,Mid-Market,Technology,USA,Basic,49,24,21,1,58,29,2022-12-04,1.0
CUST_002560,2021-01-09,Enterprise,Technology,Australia,Basic,49,24,178,3,69,4,2022-11-19,1.0
CUST_002561,2022-10-28,Mid-Market,Retail,Canada,Professional,149,24,19,2,50,64,,0.0
CUST_002562,2023-09-26,Small Business,Retail,USA,Professional,149,12,4,1,83,28,,0.0
CUST_002563,2020-05-08,Startup,Technology,UK,Business,399,36,3,2,56,20,,0.0
CUST_002564,2022-10-11,Mid-Market,Technology,Other,Basic,49,12,10,2,24,7,,0.0
CUST_002565,2024-12-04,Small Business,Education,USA,Professional,149,12,5,2,63,-17,,0.0
CUST_002566,2021-10-30,Mid-Market,Technology,Germany,Basic,49,12,42,2,39,70,,0.0
CUST_002567,2023-10-07,Startup,Real Estate,Germany,Enterprise,999,1,1,3,59,-4,2024-08-31,1.0
CUST_002568,2023-10-13,Mid-Market,Retail,Other,Professional,149,12,38,1,72,-24,,0.0
CUST_002569,2021-05-31,Mid-Market,Finance,Germany,Basic,49,24,19,0,51,26,,0.0
CUST_002570,2024-02-27,Mid-Market,Healthcare,Canada,Basic,49,1,48,1,30,41,,0.0
CUST_002571,2020-03-26,Mid-Market,Technology,Other,Basic,49,12,16,1,44,90,,0.0
CUST_002572,2023-04-13,Small Business,Education,France,Basic,49,12,3,0,90,42,,0.0
CUST_002573,2024-12-30,Startup,Technology,Germany,Professional,149,12,1,2,68,-50,,0.0
CUST_002574,2023-05-01,Enterprise,Healthcare,USA,Business,399,12,293,1,82,-9,,0.0
CUST_002575,2020-11-06,Small Business,Retail,USA,Basic,49,36,7,4,98,90,,0.0
CUST_002576,2023-02-16,Small Business,Technology,Canada,Professional,149,1,8,1,100,29,,0.0
CUST_002577,2023-05-26,Startup,Finance,UK,Business,399,24,3,1,69,-12,,0.0
CUST_002578,2021-03-02,Mid-Market,Education,USA,Professional,149,24,21,1,59,-23,,0.0
CUST_002579,2023-12-08,Small Business,Finance,USA,Basic,49,12,4,1,52,53,,0.0
CUST_002580,2020-04-23,Startup,Other,Canada,Basic,49,1,3,2,67,-6,2022-03-30,1.0
CUST_002581,2023-03-14,Small Business,Education,USA,Business,399,12,5,3,74,26,,0.0
CUST_002582,2024-04-10,Small Business,Healthcare,USA,Business,399,36,3,2,79,14,,0.0
CUST_002583,2024-07-29,Mid-Market,Healthcare,USA,Basic,49,12,46,2,44,100,,0.0
CUST_002584,2020-10-29,Mid-Market,Finance,France,Basic,49,12,11,0,44,-13,2021-03-28,1.0
CUST_002585,2022-01-13,Small Business,Retail,UK,Business,399,36,6,2,60,85,,0.0
CUST_002586,2021-08-10,Small Business,Healthcare,USA,Professional,149,24,5,3,65,100,,0.0
CUST_002587,2022-09-13,Mid-Market,Other,USA,Business,399,12,10,0,97,-11,,0.0
CUST_002588,2020-12-10,Small Business,Retail,UK,Basic,49,36,9,2,17,-27,,0.0
CUST_002589,2022-03-24,Small Business,Healthcare,France,Enterprise,999,1,2,2,52,42,,0.0
CUST_002590,2022-03-11,Small Business,Retail,Germany,Business,399,24,9,3,81,32,,0.0
CUST_002591,2022-10-21,Small Business,Healthcare,USA,Basic,49,12,7,1,44,84,2023-10-28,1.0
CUST_002592,2023-03-16,Startup,Education,UK,Professional,149,12,2,0,64,-17,,0.0
CUST_002593,2023-08-03,Mid-Market,Retail,Australia,Basic,49,12,29,2,84,38,2024-12-28,1.0
CUST_002594,2024-08-04,Startup,Technology,USA,Professional,149,1,3,5,78,47,,0.0
CUST_002595,2022-12-12,Mid-Market,Technology,UK,Business,399,12,42,3,78,34,,0.0
CUST_002596,2023-08-20,Mid-Market,Real Estate,USA,Basic,49,1,33,0,60,13,,0.0
CUST_002597,2022-12-28,Mid-Market,Retail,USA,Business,399,1,27,1,67,28,,0.0
CUST_002598,2020-12-26,Mid-Market,Other,USA,Basic,49,12,29,2,68,100,,0.0
CUST_002599,2024-06-13,Mid-Market,Technology,Canada,Business,399,24,41,0,54,-37,,0.0
CUST_002600,2023-05-28,Mid-Market,Healthcare,USA,Professional,149,1,14,2,81,100,,0.0
CUST_002601,2022-10-06,Startup,Technology,USA,Business,399,12,1,2,38,10,2023-09-01,1.0
CUST_002602,2021-12-04,Mid-Market,Retail,USA,Basic,49,24,35,3,51,-15,,0.0
CUST_002603,2021-07-28,Small Business,Healthcare,USA,Professional,149,1,2,1,81,-13,,0.0
CUST_002604,2024-05-27,Enterprise,Technology,UK,Professional,149,36,263,2,25,24,,0.0
CUST_002605,2023-03-30,Startup,Retail,USA,Professional,149,24,3,1,67,35,,0.0
CUST_002606,2024-08-31,Small Business,Finance,USA,Professional,149,1,9,3,87,33,,0.0
CUST_002607,2023-01-17,Enterprise,Healthcare,France,Professional,149,36,64,2,49,14,,0.0
CUST_002608,2021-11-18,Startup,Finance,Canada,Enterprise,999,12,3,4,73,94,,0.0
CUST_002609,2022-02-19,Small Business,Manufacturing,UK,Basic,49,1,6,3,67,-15,2023-09-01,1.0
CUST_002610,2021-08-07,Startup,Technology,USA,Business,399,12,4,1,78,15,,0.0
CUST_002611,2024-11-15,Small Business,Healthcare,Canada,Professional,149,12,9,4,65,28,,0.0
CUST_002612,2021-08-11,Small Business,Healthcare,USA,Professional,149,12,8,2,87,28,,0.0
CUST_002613,2023-03-28,Startup,Manufacturing,USA,Professional,149,24,4,2,72,-14,,0.0
CUST_002614,2021-05-03,Small Business,Education,Germany,Business,399,1,7,3,82,33,,0.0
CUST_002615,2022-08-28,Enterprise,Healthcare,Other,Professional,149,36,133,4,81,45,,0.0
CUST_002616,2023-09-09,Startup,Healthcare,UK,Business,399,24,1,1,92,46,,0.0
CUST_002617,2024-06-21,Small Business,Real Estate,USA,Basic,49,24,3,2,45,47,,0.0
CUST_002618,2023-11-05,Small Business,Other,Australia,Business,399,1,4,4,40,0,,0.0
CUST_002619,2023-01-30,Enterprise,Manufacturing,USA,Basic,49,12,178,1,85,-14,,0.0
CUST_002620,2021-05-08,Small Business,Other,Australia,Professional,149,24,5,1,68,-6,,0.0
CUST_002621,2024-07-25,Startup,Retail,USA,Professional,149,24,3,2,100,-1,,0.0
CUST_002622,2024-06-25,Mid-Market,Manufacturing,USA,Professional,149,36,35,1,21,-63,,0.0
CUST_002623,2020-01-19,Small Business,Healthcare,UK,Professional,149,36,6,3,63,21,2021-12-21,1.0
CUST_002624,2024-01-17,Small Business,Finance,Other,Basic,49,12,6,1,64,24,,0.0
CUST_002625,2024-02-14,Startup,Technology,Australia,Professional,149,24,1,1,82,-11,,0.0
CUST_002626,2024-06-05,Small Business,Education,UK,Professional,149,1,6,0,100,49,,0.0
CUST_002627,2021-01-31,Mid-Market,Other,Germany,Basic,49,12,43,2,65,20,,0.0
CUST_002628,2022-09-27,Startup,Retail,Canada,Basic,49,1,1,0,73,48,,0.0
CUST_002629,2023-07-26,Small Business,Healthcare,Germany,Business,399,24,5,3,29,7,,0.0
CUST_002630,2022-04-30,Mid-Market,Technology,France,Business,399,36,32,3,70,8,,0.0
CUST_002631,2023-10-20,Enterprise,Healthcare,USA,Basic,49,1,398,2,70,62,,0.0
CUST_002632,2023-09-16,Small Business,Healthcare,USA,Basic,49,12,6,3,53,-30,,0.0
CUST_002633,2024-07-22,Mid-Market,Retail,Other,Basic,49,36,42,2,70,29,,0.0
CUST_002634,2023-09-29,Mid-Market,Other,Other,Business,399,12,17,3,69,46,,0.0
CUST_002635,2022-04-01,Startup,Technology,USA,Business,399,12,3,2,97,74,,0.0
CUST_002636,2021-03-30,Enterprise,Technology,USA,Basic,49,12,429,1,49,42,,0.0
CUST_002637,2024-06-12,Small Business,Retail,Other,Business,399,12,9,2,47,-10,,0.0
CUST_002638,2021-12-25,Mid-Market,Healthcare,UK,Basic,49,36,16,3,47,8,,0.0
CUST_002639,2024-08-05,Startup,Real Estate,Canada,Basic,49,12,3,4,56,-43,,0.0
CUST_002640,2022-12-24,Small Business,Healthcare,USA,Enterprise,999,1,6,0,33,3,,0.0
CUST_002641,2023-01-04,Enterprise,Healthcare,Australia,Business,399,1,198,2,59,72,,0.0
CUST_002642,2021-12-11,Small Business,Healthcare,USA,Business,399,1,6,0,65,82,2023-02-01,1.0
CUST_002643,2020-05-22,Mid-Market,Technology,USA,Professional,149,12,48,2,94,19,,0.0
CUST_002644,2022-07-05,Startup,Retail,USA,Basic,49,36,4,1,62,100,,0.0
CUST_002645,2022-04-07,Startup,Technology,Other,Business,399,24,4,0,90,4,,0.0
CUST_002646,2021-08-27,Small Business,Finance,Germany,Business,399,36,4,3,81,37,,0.0
CUST_002647,2024-02-05,Small Business,Finance,France,Basic,49,36,9,1,67,-53,,0.0
CUST_002648,2023-12-11,Mid-Market,Technology,USA,Professional,149,12,11,3,62,26,,0.0
CUST_002649,2020-10-31,Small Business,Technology,Other,Business,399,12,2,3,75,32,,0.0
CUST_002650,2022-01-05,Small Business,Finance,France,Enterprise,999,12,8,4,77,3,,0.0
CUST_002651,2024-02-29,Mid-Market,Manufacturing,France,Business,399,1,42,5,54,75,,0.0
CUST_002652,2020-10-17,Small Business,Other,Other,Business,399,12,9,1,76,-40,,0.0
CUST_002653,2020-04-11,Enterprise,Technology,USA,Basic,49,12,217,3,63,-41,2021-09-17,1.0
CUST_002654,2023-07-14,Small Business,Technology,Canada,Professional,149,12,6,3,75,34,2024-08-09,1.0
CUST_002655,2022-05-16,Enterprise,Technology,Other,Business,399,12,267,2,97,-58,,0.0
CUST_002656,2022-08-25,Small Business,Finance,France,Basic,49,12,9,2,57,59,,0.0
CUST_002657,2024-07-03,Mid-Market,Retail,Canada,Business,399,12,15,1,25,21,,0.0
CUST_002658,2022-08-31,Mid-Market,Education,USA,Enterprise,999,12,49,2,63,57,2023-11-04,1.0
CUST_002659,2022-04-21,Small Business,Manufacturing,Germany,Basic,49,1,3,2,43,33,,0.0
CUST_002660,2022-08-19,Startup,Technology,UK,Business,399,12,1,0,70,42,,0.0
CUST_002661,2022-07-30,Startup,Finance,USA,Business,399,12,3,3,44,26,,0.0
CUST_002662,2024-12-05,Mid-Market,Real Estate,Australia,Professional,149,24,25,2,62,77,,0.0
CUST_002663,2022-10-23,Mid-Market,Healthcare,USA,Business,399,1,19,5,97,72,,0.0
CUST_002664,2020-03-25,Startup,Finance,USA,Basic,49,12,1,2,100,45,,0.0
CUST_002665,2024-12-22,Small Business,Other,Germany,Business,399,12,5,3,72,41,,0.0
CUST_002666,2020-11-23,Mid-Market,Manufacturing,UK,Basic,49,1,20,1,46,58,,0.0
CUST_002667,2022-03-26,Startup,Manufacturing,USA,Business,399,12,3,1,82,24,,0.0
CUST_002668,2024-01-13,Startup,Healthcare,USA,Professional,149,12,4,0,55,44,,0.0
CUST_002669,2021-03-29,Startup,Finance,USA,Basic,49,12,2,2,35,2,,0.0
CUST_002670,2021-09-20,Startup,Technology,USA,Professional,149,1,4,1,100,-22,,0.0
CUST_002671,2023-05-29,Startup,Retail,USA,Basic,49,12,2,3,64,25,,0.0
CUST_002672,2023-03-23,Enterprise,Technology,USA,Basic,49,1,421,2,76,70,,0.0
CUST_002673,2021-10-26,Mid-Market,Education,USA,Basic,49,12,41,2,58,57,,0.0
CUST_002674,2020-01-12,Small Business,Education,UK,Business,399,24,6,6,75,-13,,0.0
CUST_002675,2023-03-02,Small Business,Finance,Other,Business,399,1,7,2,48,1,,0.0
CUST_002676,2020-10-30,Small Business,Technology,UK,Enterprise,999,12,2,7,62,14,2022-01-11,1.0
CUST_002677,2023-08-09,Small Business,Technology,Germany,Business,399,12,5,4,83,-26,,0.0
CUST_002678,2022-09-01,Small Business,Education,USA,Business,399,12,3,2,61,0,,0.0
CUST_002679,2023-08-16,Small Business,Retail,France,Basic,49,12,8,0,48,-20,,0.0
CUST_002680,2024-10-29,Enterprise,Manufacturing,Canada,Business,399,12,385,1,83,15,,0.0
CUST_002681,2022-02-21,Mid-Market,Healthcare,UK,Business,399,1,22,3,57,10,,0.0
CUST_002682,2020-02-12,Small Business,Finance,USA,Basic,49,1,5,1,57,63,,0.0
CUST_002683,2022-08-01,Small Business,Manufacturing,USA,Business,399,12,3,4,42,40,,0.0
CUST_002684,2020-12-08,Mid-Market,Finance,Canada,Professional,149,1,49,2,95,72,,0.0
CUST_002685,2023-09-11,Small Business,Retail,UK,Enterprise,999,1,4,0,86,-55,2024-06-25,1.0
CUST_002686,2021-05-12,Small Business,Education,Australia,Business,399,12,7,0,59,-13,,0.0
CUST_002687,2020-12-29,Small Business,Technology,USA,Enterprise,999,1,7,1,47,43,2022-05-23,1.0
CUST_002688,2022-06-09,Enterprise,Technology,USA,Basic,49,1,420,6,78,40,,0.0
CUST_002689,2021-03-02,Small Business,Finance,Canada,Basic,49,1,7,3,73,16,,0.0
CUST_002690,2022-10-01,Mid-Market,Technology,Australia,Enterprise,999,1,48,1,56,68,,0.0
CUST_002691,2020-01-21,Startup,Manufacturing,USA,Basic,49,24,1,4,63,28,,0.0
CUST_002692,2021-02-10,Mid-Market,Manufacturing,Canada,Professional,149,1,43,0,76,100,,0.0
CUST_002693,2021-09-10,Small Business,Real Estate,USA,Professional,149,24,7,1,69,34,,0.0
CUST_002694,2022-10-11,Enterprise,Retail,Canada,Business,399,12,407,3,72,4,,0.0
CUST_002695,2020-12-01,Small Business,Technology,France,Basic,49,12,8,3,70,92,,0.0
CUST_002696,2023-02-14,Small Business,Healthcare,Australia,Basic,49,1,6,1,79,30,,0.0
CUST_002697,2023-02-21,Mid-Market,Education,USA,Professional,149,36,42,1,53,54,2024-05-13,1.0
CUST_002698,2021-02-02,Small Business,Technology,USA,Professional,149,24,3,0,68,-8,,0.0
CUST_002699,2022-03-03,Mid-Market,Manufacturing,Canada,Basic,49,1,19,2,50,44,,0.0
CUST_002700,2021-12-15,Mid-Market,Education,USA,Business,399,1,12,1,52,27,,0.0
CUST_002701,2020-02-20,Small Business,Healthcare,Germany,Business,399,12,8,1,100,56,,0.0
CUST_002702,2024-12-11,Mid-Market,Healthcare,UK,Business,399,36,20,0,36,16,,0.0
CUST_002703,2020-11-19,Startup,Retail,USA,Basic,49,12,4,3,78,-36,2022-10-27,1.0
CUST_002704,2022-02-27,Small Business,Real Estate,France,Business,399,12,3,2,100,58,,0.0
CUST_002705,2020-05-20,Small Business,Technology,USA,Enterprise,999,1,8,1,100,29,,0.0
CUST_002706,2021-04-14,Enterprise,Other,Other,Professional,149,12,139,1,76,3,,0.0
CUST_002707,2022-02-25,Small Business,Retail,France,Basic,49,1,3,4,100,35,,0.0
CUST_002708,2024-12-30,Startup,Other,Germany,Enterprise,999,12,1,2,73,36,,0.0
CUST_002709,2023-09-19,Mid-Market,Technology,USA,Professional,149,1,28,0,59,47,,0.0
CUST_002710,2022-08-21,Startup,Technology,Other,Business,399,1,1,0,65,46,2024-07-03,1.0
CUST_002711,2022-10-04,Mid-Market,Education,France,Basic,49,12,45,4,83,85,,0.0
CUST_002712,2021-01-07,Startup,Real Estate,USA,Business,399,12,3,2,100,17,,0.0
CUST_002713,2024-05-06,Enterprise,Finance,USA,Enterprise,999,12,401,2,86,70,,0.0
CUST_002714,2021-05-08,Startup,Manufacturing,USA,Professional,149,24,1,3,63,14,,0.0
CUST_002715,2024-04-11,Small Business,Real Estate,Other,Basic,49,1,5,2,52,-31,,0.0
CUST_002716,2024-08-19,Mid-Market,Technology,Australia,Basic,49,12,30,0,26,81,,0.0
CUST_002717,2022-01-20,Mid-Market,Retail,Other,Basic,49,24,37,1,62,-3,,0.0
CUST_002718,2023-03-25,Small Business,Real Estate,France,Professional,149,24,8,2,44,62,,0.0
CUST_002719,2020-10-17,Startup,Healthcare,UK,Business,399,24,1,2,83,33,,0.0
CUST_002720,2024-07-29,Mid-Market,Healthcare,USA,Basic,49,1,15,4,59,38,,0.0
CUST_002721,2023-03-13,Mid-Market,Education,USA,Basic,49,1,39,1,84,74,,0.0
CUST_002722,2020-04-15,Small Business,Healthcare,USA,Professional,149,12,4,2,100,-57,,0.0
CUST_002723,2023-12-14,Small Business,Technology,UK,Professional,149,12,8,2,62,62,,0.0
CUST_002724,2021-10-31,Small Business,Other,Other,Professional,149,1,6,0,68,56,,0.0
CUST_002725,2024-08-08,Small Business,Retail,Other,Business,399,12,7,1,72,-5,,0.0
CUST_002726,2020-01-02,Mid-Market,Education,USA,Business,399,12,30,3,59,30,2021-06-11,1.0
CUST_002727,2021-08-11,Startup,Education,Germany,Basic,49,12,4,0,67,64,,0.0
CUST_002728,2021-10-05,Small Business,Technology,Canada,Professional,149,1,7,0,57,-12,2023-02-03,1.0
CUST_002729,2020-03-30,Mid-Market,Technology,UK,Professional,149,1,17,4,92,22,,0.0
CUST_002730,2023-09-30,Small Business,Healthcare,Germany,Basic,49,1,7,5,60,73,,0.0
CUST_002731,2020-12-15,Small Business,Healthcare,USA,Professional,149,12,6,3,40,-26,,0.0
CUST_002732,2024-01-22,Mid-Market,Retail,Other,Business,399,1,45,3,41,40,,0.0
CUST_002733,2023-07-10,Small Business,Retail,Germany,Basic,49,24,4,3,48,41,,0.0
CUST_002734,2023-10-06,Mid-Market,Finance,France,Basic,49,1,33,3,56,38,,0.0
CUST_002735,2023-02-05,Small Business,Technology,USA,Business,399,24,3,2,82,-19,,0.0
CUST_002736,2024-05-28,Startup,Healthcare,USA,Business,399,12,1,0,81,27,,0.0
CUST_002737,2022-11-28,Mid-Market,Finance,USA,Professional,149,1,11,2,82,30,,0.0
CUST_002738,2022-06-27,Small Business,Finance,France,Business,399,12,8,3,65,23,,0.0
CUST_002739,2020-06-07,Startup,Technology,Other,Enterprise,999,12,4,3,84,62,,0.0
CUST_002740,2024-05-25,Startup,Retail,UK,Basic,49,12,1,4,60,29,,0.0
CUST_002741,2022-08-16,Small Business,Technology,France,Basic,49,12,3,0,28,38,,0.0
CUST_002742,2020-11-07,Small Business,Healthcare,UK,Basic,49,12,3,1,83,-25,,0.0
CUST_002743,2023-06-18,Small Business,Manufacturing,USA,Business,399,12,7,1,51,-6,,0.0
CUST_002744,2021-03-20,Startup,Technology,Germany,Professional,149,12,4,6,60,3,,0.0
CUST_002745,2020-10-24,Startup,Retail,France,Enterprise,999,12,2,2,57,6,2021-09-05,1.0
CUST_002746,2022-08-09,Mid-Market,Healthcare,USA,Business,399,1,11,2,75,30,,0.0
CUST_002747,2020-02-05,Small Business,Technology,USA,Professional,149,24,8,0,68,-5,,0.0
CUST_002748,2023-01-12,Small Business,Technology,UK,Basic,49,24,3,1,60,-19,,0.0
CUST_002749,2024-01-15,Startup,Other,USA,Professional,149,36,4,3,96,34,,0.0
CUST_002750,2024-12-03,Small Business,Finance,Other,Basic,49,1,4,1,63,27,,0.0
CUST_002751,2023-11-09,Small Business,Other,Canada,Enterprise,999,24,9,1,60,41,,0.0
CUST_002752,2023-04-10,Startup,Finance,USA,Professional,149,24,3,1,81,100,,0.0
CUST_002753,2023-10-31,Enterprise,Finance,USA,Basic,49,12,104,0,88,-20,,0.0
CUST_002754,2024-09-04,Mid-Market,Healthcare,Other,Professional,149,12,20,4,82,31,,0.0
CUST_002755,2023-10-17,Small Business,Healthcare,Germany,Basic,49,36,6,3,53,28,,0.0
CUST_002756,2021-07-12,Mid-Market,Healthcare,Germany,Professional,149,36,18,2,72,34,2021-12-29,1.0
CUST_002757,2022-06-09,Enterprise,Healthcare,USA,Basic,49,12,170,2,66,100,,0.0
CUST_002758,2020-05-20,Enterprise,Finance,Australia,Professional,149,12,159,6,61,-74,,0.0
CUST_002759,2022-06-05,Small Business,Technology,UK,Professional,149,24,3,4,46,14,,0.0
CUST_002760,2023-02-15,Startup,Technology,Germany,Professional,149,1,2,2,69,29,2024-11-26,1.0
CUST_002761,2023-07-24,Small Business,Healthcare,Other,Business,399,1,9,2,86,50,,0.0
CUST_002762,2021-12-26,Small Business,Finance,USA,Basic,49,36,5,4,97,57,,0.0
CUST_002763,2023-05-28,Mid-Market,Retail,UK,Professional,149,24,49,2,88,-39,,0.0
CUST_002764,2022-11-15,Startup,Real Estate,USA,Professional,149,36,1,3,56,22,,0.0
CUST_002765,2021-06-04,Startup,Healthcare,UK,Professional,149,12,3,3,46,-8,2022-11-20,1.0
CUST_002766,2024-12-11,Small Business,Technology,USA,Enterprise,999,12,2,2,35,44,,0.0
CUST_002767,2020-01-10,Mid-Market,Healthcare,Other,Basic,49,36,33,0,86,36,,0.0
CUST_002768,2022-09-10,Enterprise,Real Estate,USA,Business,399,12,176,0,81,6,,0.0
CUST_002769,2021-01-12,Enterprise,Technology,Canada,Professional,149,24,186,0,53,100,,0.0
CUST_002770,2024-07-14,Small Business,Manufacturing,Australia,Professional,149,12,5,2,49,18,,0.0
CUST_002771,2024-07-18,Startup,Finance,Other,Business,399,1,4,1,90,16,,0.0
CUST_002772,2021-11-12,Startup,Technology,UK,Basic,49,1,1,2,84,-6,,0.0
CUST_002773,2021-08-06,Small Business,Healthcare,UK,Business,399,12,8,1,90,-89,,0.0
CUST_002774,2020-05-31,Startup,Technology,USA,Basic,49,12,1,1,76,32,,0.0
CUST_002775,2021-12-20,Startup,Real Estate,USA,Professional,149,1,2,0,77,-5,,0.0
CUST_002776,2022-12-08,Mid-Market,Finance,Canada,Business,399,12,19,3,23,37,,0.0
CUST_002777,2023-03-23,Small Business,Retail,USA,Basic,49,12,3,1,57,100,,0.0
CUST_002778,2022-05-08,Startup,Retail,USA,Business,399,24,3,2,100,38,,0.0
CUST_002779,2023-08-09,Mid-Market,Retail,USA,Basic,49,1,16,1,53,37,,0.0
CUST_002780,2024-05-22,Startup,Finance,Canada,Business,399,12,3,2,69,69,,0.0
CUST_002781,2020-02-19,Startup,Technology,UK,Professional,149,1,3,1,96,83,,0.0
CUST_002782,2021-10-25,Small Business,Healthcare,USA,Business,399,1,9,4,82,38,,0.0
CUST_002783,2021-06-14,Startup,Technology,USA,Enterprise,999,1,3,1,45,37,,0.0
CUST_002784,2024-06-23,Small Business,Manufacturing,Canada,Professional,149,12,4,1,41,7,,0.0
CUST_002785,2022-12-19,Small Business,Technology,Germany,Basic,49,1,4,4,97,52,,0.0
CUST_002786,2023-04-05,Mid-Market,Retail,UK,Business,399,1,25,3,79,53,2023-08-18,1.0
CUST_002787,2023-05-10,Enterprise,Technology,France,Basic,49,1,237,2,72,31,,0.0
CUST_002788,2022-05-06,Mid-Market,Other,USA,Professional,149,36,11,1,75,-17,,0.0
CUST_002789,2020-05-25,Small Business,Healthcare,USA,Enterprise,999,36,2,1,57,37,,0.0
CUST_002790,2022-07-03,Mid-Market,Healthcare,USA,Business,399,1,30,5,47,60,,0.0
CUST_002791,2024-08-26,Enterprise,Real Estate,UK,Basic,49,12,322,3,73,-8,,0.0
CUST_002792,2022-09-19,Mid-Market,Finance,Germany,Basic,49,36,16,4,52,40,,0.0
CUST_002793,2024-01-02,Small Business,Other,USA,Basic,49,1,8,1,53,60,,0.0
CUST_002794,2020-08-29,Startup,Technology,Canada,Professional,149,1,2,3,57,42,,0.0
CUST_002795,2021-08-03,Startup,Healthcare,UK,Basic,49,1,1,1,80,100,,0.0
CUST_002796,2021-11-17,Small Business,Retail,Other,Business,399,36,8,1,50,1,,0.0
CUST_002797,2024-05-03,Startup,Real Estate,Germany,Professional,149,24,1,5,49,-11,,0.0
CUST_002798,2021-04-27,Small Business,Healthcare,Germany,Enterprise,999,1,3,5,46,-6,,0.0
CUST_002799,2023-02-05,Small Business,Other,Canada,Business,399,1,7,2,61,7,,0.0
CUST_002800,2023-06-03,Small Business,Retail,Other,Enterprise,999,36,3,8,85,2,,0.0
CUST_002801,2021-11-03,Mid-Market,Education,Other,Basic,49,12,12,3,62,62,,0.0
CUST_002802,2021-09-22,Startup,Healthcare,UK,Professional,149,12,2,1,65,-46,2022-02-25,1.0
CUST_002803,2021-10-22,Small Business,Technology,UK,Basic,49,1,6,5,68,1,,0.0
CUST_002804,2021-10-23,Small Business,Real Estate,UK,Basic,49,24,2,2,58,68,,0.0
CUST_002805,2023-12-26,Small Business,Other,UK,Professional,149,1,9,2,46,22,,0.0
CUST_002806,2022-03-15,Mid-Market,Finance,UK,Business,399,24,36,3,56,-19,,0.0
CUST_002807,2024-08-05,Mid-Market,Technology,USA,Basic,49,1,44,2,53,10,,0.0
CUST_002808,2021-02-22,Small Business,Technology,Other,Basic,49,1,2,1,63,81,,0.0
CUST_002809,2022-09-14,Enterprise,Retail,UK,Basic,49,12,420,1,55,22,,0.0
CUST_002810,2024-01-18,Small Business,Technology,Australia,Business,399,24,2,3,69,42,,0.0
CUST_002811,2023-03-29,Small Business,Healthcare,UK,Enterprise,999,12,3,3,62,21,2024-02-17,1.0
CUST_002812,2024-03-26,Small Business,Healthcare,Germany,Basic,49,1,7,2,52,94,,0.0
CUST_002813,2021-10-11,Small Business,Manufacturing,USA,Professional,149,12,4,0,94,17,,0.0
CUST_002814,2022-08-26,Small Business,Technology,Canada,Enterprise,999,12,7,1,74,7,,0.0
CUST_002815,2021-08-12,Small Business,Finance,UK,Basic,49,24,5,2,60,58,,0.0
CUST_002816,2023-01-05,Small Business,Retail,USA,Business,399,12,6,3,54,53,2024-10-19,1.0
CUST_002817,2021-05-23,Startup,Retail,Australia,Basic,49,1,4,2,83,23,2022-05-02,1.0
CUST_002818,2021-03-16,Small Business,Finance,USA,Professional,149,12,6,0,47,37,,0.0
CUST_002819,2023-07-01,Startup,Healthcare,UK,Professional,149,12,3,2,93,57,,0.0
CUST_002820,2022-07-09,Mid-Market,Manufacturing,USA,Business,399,36,43,2,36,7,,0.0
CUST_002821,2022-02-08,Small Business,Education,Australia,Basic,49,12,4,3,100,62,,0.0
CUST_002822,2023-09-05,Startup,Manufacturing,USA,Basic,49,12,3,2,56,33,,0.0
CUST_002823,2020-09-19,Small Business,Other,Canada,Basic,49,12,6,1,39,41,,0.0
CUST_002824,2024-06-08,Mid-Market,Manufacturing,USA,Professional,149,12,33,1,51,7,,0.0
CUST_002825,2024-08-08,Small Business,Manufacturing,UK,Business,399,12,5,0,58,29,,0.0
CUST_002826,2024-04-26,Mid-Market,Technology,Australia,Business,399,12,12,2,53,-4,,0.0
CUST_002827,2023-10-29,Mid-Market,Finance,USA,Basic,49,24,11,2,72,8,,0.0
CUST_002828,2021-09-28,Startup,Finance,Germany,Business,399,12,4,1,70,75,,0.0
CUST_002829,2023-04-05,Small Business,Healthcare,USA,Basic,49,1,6,2,100,-12,,0.0
CUST_002830,2024-11-11,Mid-Market,Finance,UK,Professional,149,1,49,4,66,6,,0.0
CUST_002831,2021-04-03,Startup,Healthcare,UK,Business,399,12,1,3,38,-3,2021-07-14,1.0
CUST_002832,2022-09-25,Startup,Manufacturing,Canada,Basic,49,1,4,1,61,45,,0.0
CUST_002833,2023-07-27,Small Business,Finance,Canada,Basic,49,12,4,4,67,86,,0.0
CUST_002834,2021-11-30,Mid-Market,Finance,Canada,Basic,49,12,17,1,54,20,2023-04-15,1.0
CUST_002835,2020-10-28,Startup,Other,USA,Business,399,12,2,2,77,-49,,0.0
CUST_002836,2024-04-03,Small Business,Healthcare,UK,Professional,149,24,9,0,80,57,,0.0
CUST_002837,2024-05-22,Small Business,Healthcare,USA,Professional,149,12,5,6,52,25,,0.0
CUST_002838,2023-05-26,Startup,Healthcare,France,Business,399,36,2,3,57,48,,0.0
CUST_002839,2023-01-30,Small Business,Real Estate,Australia,Business,399,12,7,1,26,57,,0.0
CUST_002840,2021-07-07,Mid-Market,Finance,USA,Business,399,12,32,5,47,5,2022-09-29,1.0
CUST_002841,2020-10-14,Small Business,Retail,USA,Professional,149,1,4,0,59,-15,,0.0
CUST_002842,2023-04-05,Mid-Market,Technology,USA,Basic,49,12,27,5,67,-17,,0.0
CUST_002843,2021-09-12,Startup,Finance,Other,Basic,49,1,1,1,62,100,2022-01-15,1.0
CUST_002844,2022-10-02,Small Business,Healthcare,France,Business,399,12,8,1,48,9,,0.0
CUST_002845,2020-02-05,Enterprise,Manufacturing,USA,Business,399,12,270,1,87,11,,0.0
CUST_002846,2022-01-13,Small Business,Education,UK,Enterprise,999,12,7,2,85,52,,0.0
CUST_002847,2024-10-30,Mid-Market,Manufacturing,USA,Basic,49,1,22,0,87,27,,0.0
CUST_002848,2020-12-18,Mid-Market,Manufacturing,Canada,Basic,49,12,30,3,96,-60,,0.0
CUST_002849,2024-08-26,Small Business,Finance,Germany,Basic,49,12,3,0,45,-12,,0.0
CUST_002850,2020-03-13,Mid-Market,Manufacturing,UK,Basic,49,12,30,2,73,37,,0.0
CUST_002851,2021-10-09,Startup,Finance,Australia,Professional,149,36,1,1,83,-8,,0.0
CUST_002852,2023-10-08,Enterprise,Retail,UK,Enterprise,999,24,86,1,100,92,,0.0
CUST_002853,2022-12-29,Small Business,Healthcare,USA,Professional,149,1,7,1,94,-20,,0.0
CUST_002854,2021-02-28,Startup,Technology,Canada,Professional,149,12,4,2,59,-14,,0.0
CUST_002855,2022-09-25,Small Business,Finance,UK,Business,399,12,5,0,33,-11,2023-03-11,1.0
CUST_002856,2021-12-08,Small Business,Finance,Other,Basic,49,24,9,3,40,50,,0.0
CUST_002857,2024-12-09,Startup,Healthcare,USA,Business,399,24,2,3,78,-18,,0.0
CUST_002858,2021-07-14,Mid-Market,Manufacturing,UK,Professional,149,1,31,3,66,92,,0.0
CUST_002859,2022-04-07,Enterprise,Technology,Germany,Basic,49,24,112,2,51,80,,0.0
CUST_002860,2024-07-23,Small Business,Technology,UK,Professional,149,1,3,2,25,66,,0.0
CUST_002861,2022-08-13,Enterprise,Manufacturing,USA,Professional,149,24,195,1,82,-36,,0.0
CUST_002862,2021-05-31,Startup,Finance,Other,Basic,49,1,4,1,41,40,2023-01-19,1.0
CUST_002863,2021-03-03,Mid-Market,Manufacturing,USA,Basic,49,1,14,5,93,-56,,0.0
CUST_002864,2024-04-11,Startup,Retail,USA,Professional,149,24,1,2,45,86,,0.0
CUST_002865,2020-06-08,Startup,Other,Australia,Basic,49,12,3,1,56,42,,0.0
CUST_002866,2020-05-28,Mid-Market,Retail,USA,Basic,49,36,46,2,51,50,,0.0
CUST_002867,2022-02-14,Small Business,Technology,USA,Professional,149,1,7,2,77,12,,0.0
CUST_002868,2023-06-07,Enterprise,Healthcare,Canada,Professional,149,12,392,2,51,34,,0.0
CUST_002869,2024-10-01,Small Business,Technology,USA,Business,399,24,8,2,60,31,,0.0
CUST_002870,2024-05-04,Enterprise,Real Estate,Other,Enterprise,999,1,216,1,58,38,,0.0
CUST_002871,2020-03-07,Startup,Technology,UK,Business,399,1,3,1,47,53,,0.0
CUST_002872,2022-10-10,Startup,Healthcare,Canada,Professional,149,1,1,3,65,-30,2024-07-19,1.0
CUST_002873,2021-01-15,Mid-Market,Technology,USA,Business,399,36,13,1,70,36,,0.0
CUST_002874,2020-02-27,Mid-Market,Education,USA,Professional,149,24,43,1,79,83,,0.0
CUST_002875,2023-07-06,Startup,Healthcare,Canada,Basic,49,12,2,3,77,12,,0.0
CUST_002876,2020-12-07,Mid-Market,Other,UK,Basic,49,1,30,0,79,86,,0.0
CUST_002877,2023-02-27,Startup,Technology,France,Business,399,1,2,7,29,-32,,0.0
CUST_002878,2021-12-27,Small Business,Technology,USA,Business,399,12,5,4,64,100,,0.0
CUST_002879,2023-04-10,Small Business,Technology,Germany,Enterprise,999,36,2,4,47,-20,2023-10-14,1.0
CUST_002880,2022-02-08,Startup,Education,USA,Professional,149,12,1,3,65,34,,0.0
CUST_002881,2021-09-05,Small Business,Real Estate,Canada,Business,399,12,6,1,67,41,,0.0
CUST_002882,2023-05-17,Startup,Technology,Canada,Basic,49,12,2,1,69,32,,0.0
CUST_002883,2020-12-19,Startup,Technology,USA,Professional,149,36,4,4,32,0,,0.0
CUST_002884,2024-02-03,Mid-Market,Manufacturing,UK,Enterprise,999,12,34,3,100,74,,0.0
CUST_002885,2024-12-26,Enterprise,Technology,USA,Basic,49,36,321,2,100,-4,,0.0
CUST_002886,2020-04-25,Startup,Technology,UK,Basic,49,1,2,2,52,100,,0.0
CUST_002887,2023-07-11,Startup,Technology,Germany,Professional,149,24,1,3,42,-9,,0.0
CUST_002888,2021-10-23,Enterprise,Technology,USA,Business,399,12,377,2,100,71,,0.0
CUST_002889,2024-01-05,Startup,Healthcare,Other,Basic,49,12,4,2,87,-26,,0.0
CUST_002890,2024-04-20,Small Business,Technology,UK,Professional,149,12,7,3,79,1,,0.0
CUST_002891,2021-03-28,Mid-Market,Healthcare,Other,Basic,49,1,37,2,40,-95,,0.0
CUST_002892,2024-02-09,Startup,Education,USA,Professional,149,1,1,2,97,80,,0.0
CUST_002893,2020-10-13,Mid-Market,Healthcare,Other,Enterprise,999,36,17,0,47,53,,0.0
CUST_002894,2023-08-19,Startup,Manufacturing,USA,Basic,49,1,4,1,61,-54,2024-07-21,1.0
CUST_002895,2022-10-13,Mid-Market,Technology,UK,Basic,49,36,49,2,92,-19,,0.0
CUST_002896,2020-11-06,Small Business,Retail,Other,Professional,149,12,9,2,56,-49,,0.0
CUST_002897,2020-07-26,Mid-Market,Healthcare,USA,Professional,149,12,41,1,69,16,,0.0
CUST_002898,2021-09-09,Small Business,Manufacturing,USA,Basic,49,36,3,3,88,15,,0.0
CUST_002899,2021-03-21,Small Business,Technology,France,Professional,149,24,6,1,40,71,,0.0
CUST_002900,2021-10-31,Mid-Market,Real Estate,Canada,Enterprise,999,12,44,6,88,24,,0.0
CUST_002901,2021-09-24,Small Business,Technology,UK,Basic,49,1,7,2,97,99,,0.0
CUST_002902,2020-02-24,Small Business,Healthcare,USA,Basic,49,24,9,2,63,-21,,0.0
CUST_002903,2022-06-30,Enterprise,Other,Germany,Professional,149,24,178,3,89,16,,0.0
CUST_002904,2022-11-01,Startup,Retail,USA,Professional,149,24,2,1,49,5,,0.0
CUST_002905,2021-10-18,Mid-Market,Healthcare,Other,Basic,49,24,36,1,34,6,,0.0
CUST_002906,2023-11-24,Small Business,Other,Germany,Professional,149,1,6,2,25,61,,0.0
CUST_002907,2024-07-29,Small Business,Healthcare,Germany,Enterprise,999,24,6,2,75,55,,0.0
CUST_002908,2022-09-06,Small Business,Technology,USA,Basic,49,1,3,3,74,-29,,0.0
CUST_002909,2021-05-29,Mid-Market,Other,Australia,Professional,149,1,46,2,53,25,2022-02-02,1.0
CUST_002910,2024-08-06,Small Business,Healthcare,UK,Basic,49,1,5,0,88,36,,0.0
CUST_002911,2024-04-14,Small Business,Real Estate,Australia,Professional,149,1,6,2,52,84,,0.0
CUST_002912,2020-08-24,Small Business,Technology,USA,Professional,149,12,3,1,40,96,,0.0
CUST_002913,2023-07-26,Startup,Manufacturing,France,Professional,149,1,4,1,46,47,,0.0
CUST_002914,2020-12-13,Small Business,Finance,Canada,Professional,149,1,9,0,93,36,,0.0
CUST_002915,2021-09-18,Enterprise,Other,USA,Basic,49,1,344,0,81,48,,0.0
CUST_002916,2023-02-01,Mid-Market,Retail,UK,Business,399,12,29,0,61,-10,,0.0
CUST_002917,2021-09-21,Mid-Market,Technology,USA,Professional,149,12,10,3,59,7,2023-05-29,1.0
CUST_002918,2024-03-20,Mid-Market,Retail,USA,Basic,49,12,48,2,53,-8,,0.0
CUST_002919,2023-06-25,Small Business,Technology,USA,Enterprise,999,24,2,6,16,74,,0.0
CUST_002920,2020-12-29,Mid-Market,Education,UK,Basic,49,12,27,2,33,15,2021-12-19,1.0
CUST_002921,2020-11-16,Mid-Market,Real Estate,Canada,Business,399,12,41,1,62,20,,0.0
CUST_002922,2024-07-14,Enterprise,Finance,Canada,Professional,149,36,291,1,76,37,,0.0
CUST_002923,2020-10-12,Enterprise,Education,USA,Professional,149,1,402,3,58,48,,0.0
CUST_002924,2020-05-28,Mid-Market,Technology,France,Basic,49,12,10,1,33,100,2022-01-15,1.0
CUST_002925,2023-01-12,Mid-Market,Finance,Other,Basic,49,12,20,2,97,34,,0.0
CUST_002926,2021-02-09,Small Business,Healthcare,USA,Basic,49,24,5,4,37,25,,0.0
CUST_002927,2022-09-04,Small Business,Retail,USA,Business,399,24,8,2,65,78,,0.0
CUST_002928,2021-03-31,Mid-Market,Technology,UK,Business,399,1,14,0,68,27,,0.0
CUST_002929,2024-11-01,Small Business,Manufacturing,Germany,Business,399,24,9,3,100,-8,,0.0
CUST_002930,2022-03-10,Mid-Market,Technology,Germany,Business,399,24,19,4,46,-57,,0.0
CUST_002931,2023-03-30,Mid-Market,Retail,Canada,Enterprise,999,1,22,0,65,44,,0.0
CUST_002932,2022-10-09,Enterprise,Technology,USA,Professional,149,1,375,1,68,24,2024-03-18,1.0
CUST_002933,2022-02-22,Small Business,Education,Australia,Business,399,24,4,2,42,94,,0.0
CUST_002934,2021-04-04,Small Business,Technology,UK,Basic,49,1,7,2,71,21,,0.0
CUST_002935,2024-04-22,Mid-Market,Finance,USA,Business,399,1,11,0,56,-11,,0.0
CUST_002936,2024-03-03,Mid-Market,Healthcare,USA,Business,399,1,21,2,58,60,,0.0
CUST_002937,2022-01-07,Startup,Manufacturing,UK,Basic,49,1,2,1,50,33,,0.0
CUST_002938,2021-05-23,Mid-Market,Healthcare,Canada,Professional,149,1,22,1,88,64,,0.0
CUST_002939,2024-08-04,Mid-Market,Manufacturing,Germany,Enterprise,999,12,31,2,62,38,,0.0
CUST_002940,2021-04-25,Startup,Healthcare,Other,Basic,49,1,3,1,48,39,2021-11-16,1.0
CUST_002941,2024-08-13,Startup,Manufacturing,USA,Professional,149,36,3,1,21,36,,0.0
CUST_002942,2020-04-23,Small Business,Technology,Other,Basic,49,1,6,2,100,6,,0.0
CUST_002943,2022-01-18,Small Business,Healthcare,Germany,Professional,149,12,3,2,66,33,,0.0
CUST_002944,2024-05-20,Mid-Market,Finance,UK,Basic,49,36,48,2,90,32,,0.0
CUST_002945,2020-12-26,Enterprise,Technology,Australia,Basic,49,24,422,2,89,96,,0.0
CUST_002946,2020-12-06,Small Business,Technology,Germany,Basic,49,12,7,2,72,31,,0.0
CUST_002947,2022-02-08,Enterprise,Other,USA,Business,399,12,435,4,83,18,2022-10-24,1.0
CUST_002948,2022-01-30,Small Business,Other,Australia,Professional,149,12,8,2,90,73,,0.0
CUST_002949,2022-08-26,Startup,Manufacturing,Germany,Professional,149,36,3,1,44,-5,,0.0
CUST_002950,2021-03-24,Startup,Healthcare,Germany,Professional,149,1,4,3,82,51,,0.0
CUST_002951,2022-04-14,Mid-Market,Healthcare,Australia,Basic,49,12,18,4,70,-16,,0.0
CUST_002952,2023-04-18,Small Business,Retail,UK,Enterprise,999,24,3,3,47,-41,,0.0
CUST_002953,2024-09-21,Small Business,Technology,Germany,Business,399,12,2,2,82,75,,0.0
CUST_002954,2023-12-01,Startup,Other,Germany,Professional,149,24,4,2,45,15,,0.0
CUST_002955,2024-08-16,Mid-Market,Technology,UK,Professional,149,12,36,2,76,-56,,0.0
CUST_002956,2023-05-04,Enterprise,Other,USA,Professional,149,1,415,2,70,-2,,0.0
CUST_002957,2024-01-29,Mid-Market,Finance,France,Basic,49,12,27,3,52,22,,0.0
CUST_002958,2020-11-06,Mid-Market,Education,USA,Basic,49,12,27,4,100,100,,0.0
CUST_002959,2020-09-18,Mid-Market,Technology,Germany,Professional,149,24,46,2,82,-65,,0.0
CUST_002960,2023-12-13,Startup,Real Estate,Other,Enterprise,999,24,4,4,48,64,,0.0
CUST_002961,2021-02-09,Small Business,Healthcare,USA,Basic,49,24,9,3,90,8,,0.0
CUST_002962,2020-05-22,Mid-Market,Retail,USA,Professional,149,1,25,5,58,28,,0.0
CUST_002963,2020-12-07,Small Business,Education,USA,Basic,49,12,4,3,56,0,,0.0
CUST_002964,2023-09-01,Enterprise,Technology,Canada,Basic,49,12,361,3,84,70,,0.0
CUST_002965,2023-01-29,Startup,Finance,Other,Professional,149,12,2,0,78,40,,0.0
CUST_002966,2020-08-31,Startup,Finance,UK,Basic,49,12,2,1,60,-5,,0.0
CUST_002967,2021-05-04,Startup,Healthcare,USA,Enterprise,999,24,2,3,96,66,,0.0
CUST_002968,2020-01-12,Startup,Finance,Canada,Professional,149,12,3,0,49,87,,0.0
CUST_002969,2023-06-16,Mid-Market,Healthcare,Germany,Basic,49,12,29,1,93,75,,0.0
CUST_002970,2021-07-14,Enterprise,Healthcare,USA,Professional,149,24,241,1,49,100,,0.0
CUST_002971,2020-02-11,Small Business,Retail,Germany,Business,399,1,7,5,72,74,,0.0
CUST_002972,2021-11-08,Startup,Retail,USA,Basic,49,12,3,0,57,34,,0.0
CUST_002973,2021-08-16,Mid-Market,Technology,France,Professional,149,12,32,3,80,6,,0.0
CUST_002974,2023-12-23,Enterprise,Real Estate,USA,Business,399,36,124,0,24,67,,0.0
CUST_002975,2023-03-27,Startup,Real Estate,USA,Basic,49,1,1,2,44,3,,0.0
CUST_002976,2023-05-24,Enterprise,Finance,Australia,Enterprise,999,12,183,2,76,78,2024-02-02,1.0
CUST_002977,2024-08-20,Small Business,Finance,UK,Basic,49,36,7,3,82,22,,0.0
CUST_002978,2024-01-25,Small Business,Healthcare,USA,Basic,49,24,8,1,52,44,,0.0
CUST_002979,2020-05-13,Mid-Market,Manufacturing,Other,Professional,149,24,31,2,86,-16,,0.0
CUST_002980,2022-12-26,Enterprise,Manufacturing,Germany,Basic,49,12,159,3,51,19,2023-09-11,1.0
CUST_002981,2022-10-27,Startup,Technology,USA,Business,399,24,2,1,75,-9,,0.0
CUST_002982,2022-08-05,Small Business,Manufacturing,Canada,Professional,149,12,3,1,62,97,,0.0
CUST_002983,2024-03-29,Startup,Healthcare,Australia,Basic,49,12,3,2,34,18,,0.0
CUST_002984,2020-03-13,Mid-Market,Technology,Germany,Enterprise,999,1,31,5,100,27,,0.0
CUST_002985,2021-02-02,Enterprise,Manufacturing,USA,Business,399,24,109,3,53,-12,2022-12-03,1.0
CUST_002986,2023-11-29,Small Business,Retail,Canada,Professional,149,12,5,1,50,-31,,0.0
CUST_002987,2024-08-25,Small Business,Finance,Canada,Professional,149,12,7,1,57,-4,,0.0
CUST_002988,2021-07-31,Mid-Market,Finance,France,Basic,49,12,49,2,56,-4,,0.0
CUST_002989,2022-05-08,Startup,Other,USA,Business,399,1,4,1,69,-5,,0.0
CUST_002990,2020-05-09,Mid-Market,Retail,Germany,Business,399,1,25,3,55,-6,2021-05-19,1.0
CUST_002991,2022-07-19,Mid-Market,Retail,USA,Basic,49,12,48,2,54,59,,0.0
CUST_002992,2024-01-29,Enterprise,Technology,Germany,Professional,149,24,77,1,74,11,,0.0
CUST_002993,2023-05-14,Small Business,Technology,Other,Professional,149,1,8,3,65,53,,0.0
CUST_002994,2024-12-16,Small Business,Healthcare,USA,Basic,49,24,4,1,74,10,,0.0
CUST_002995,2024-11-26,Small Business,Finance,USA,Business,399,12,7,2,59,39,,0.0
CUST_002996,2020-09-22,Small Business,Education,Canada,Basic,49,12,6,2,71,56,,0.0
CUST_002997,2024-04-09,Startup,Healthcare,Germany,Basic,49,12,3,3,34,1,,0.0
CUST_002998,2022-03-03,Mid-Market,Healthcare,USA,Basic,49,24,27,4,86,79,,0.0
CUST_002999,2020-09-09,Enterprise,Healthcare,Germany,Professional,149,1,493,1,56,32,2021-06-26,1.0
CUST_003000,2022-04-01,Enterprise,Healthcare,Australia,Basic,49,12,56,3,60,-17,,0.0
CUST_003001,2023-08-05,Mid-Market,Other,Germany,Business,399,12,46,0,75,4,,0.0
CUST_003002,2020-06-12,Small Business,Retail,Germany,Business,399,36,5,0,69,15,,0.0
CUST_003003,2020-04-04,Small Business,Technology,USA,Basic,49,1,2,4,77,11,,0.0
CUST_003004,2024-12-10,Startup,Manufacturing,Other,Business,399,12,4,3,92,-67,,0.0
CUST_003005,2022-04-12,Mid-Market,Manufacturing,USA,Business,399,36,37,3,60,-15,,0.0
CUST_003006,2023-02-07,Mid-Market,Retail,USA,Basic,49,24,32,4,64,56,2024-02-22,1.0
CUST_003007,2020-12-01,Small Business,Technology,USA,Basic,49,1,9,3,100,20,,0.0
CUST_003008,2022-04-01,Enterprise,Finance,Germany,Basic,49,12,352,1,55,40,,0.0
CUST_003009,2020-08-25,Small Business,Technology,Australia,Basic,49,1,2,1,51,39,,0.0
CUST_003010,2021-01-15,Startup,Education,USA,Business,399,24,3,0,80,20,,0.0
CUST_003011,2023-12-30,Small Business,Retail,France,Professional,149,12,5,3,83,0,,0.0
CUST_003012,2022-06-17,Startup,Finance,France,Enterprise,999,24,1,2,81,6,,0.0
CUST_003013,2021-04-27,Small Business,Healthcare,Canada,Business,399,36,4,0,51,36,,0.0
CUST_003014,2022-06-20,Mid-Market,Technology,France,Basic,49,36,11,2,62,-13,,0.0
CUST_003015,2022-11-14,Small Business,Technology,USA,Business,399,24,8,1,64,45,,0.0
CUST_003016,2024-08-03,Mid-Market,Other,USA,Basic,49,1,18,1,59,85,,0.0
CUST_003017,2023-02-14,Enterprise,Technology,Australia,Basic,49,1,398,3,68,-60,,0.0
CUST_003018,2021-04-26,Small Business,Technology,UK,Professional,149,12,7,1,58,51,,0.0
CUST_003019,2023-11-16,Startup,Other,USA,Basic,49,12,1,1,95,22,,0.0
CUST_003020,2022-07-05,Mid-Market,Finance,Germany,Basic,49,1,29,0,45,50,,0.0
CUST_003021,2022-09-20,Small Business,Education,Australia,Business,399,12,5,0,99,7,,0.0
CUST_003022,2022-08-21,Startup,Technology,Canada,Business,399,36,4,1,40,85,,0.0
CUST_003023,2021-06-20,Startup,Retail,USA,Basic,49,24,4,2,100,22,,0.0
CUST_003024,2023-01-07,Small Business,Healthcare,UK,Basic,49,1,7,0,83,37,,0.0
CUST_003025,2024-05-22,Mid-Market,Education,France,Professional,149,12,22,1,51,46,,0.0
CUST_003026,2023-04-11,Startup,Technology,USA,Business,399,12,4,0,64,35,2024-08-15,1.0
CUST_003027,2022-11-01,Mid-Market,Finance,USA,Basic,49,24,36,4,79,37,,0.0
CUST_003028,2024-12-28,Small Business,Education,UK,Enterprise,999,12,5,3,79,41,,0.0
CUST_003029,2020-05-07,Enterprise,Finance,Canada,Business,399,36,295,3,62,10,,0.0
CUST_003030,2024-06-19,Small Business,Retail,USA,Professional,149,24,3,4,44,18,,0.0
CUST_003031,2020-04-01,Mid-Market,Technology,USA,Enterprise,999,36,17,4,86,71,,0.0
CUST_003032,2024-08-03,Small Business,Technology,USA,Enterprise,999,24,4,3,70,-31,,0.0
CUST_003033,2021-06-26,Mid-Market,Manufacturing,USA,Basic,49,24,34,2,93,-2,,0.0
CUST_003034,2022-04-25,Mid-Market,Manufacturing,USA,Basic,49,24,30,2,62,-38,2023-05-06,1.0
CUST_003035,2024-04-04,Small Business,Other,UK,Business,399,1,3,0,69,-37,,0.0
CUST_003036,2024-08-08,Startup,Manufacturing,Canada,Enterprise,999,1,1,2,93,-9,,0.0
CUST_003037,2022-09-15,Startup,Finance,UK,Business,399,24,1,1,69,20,,0.0
CUST_003038,2021-03-22,Mid-Market,Real Estate,UK,Professional,149,1,44,2,39,51,,0.0
CUST_003039,2021-01-24,Small Business,Technology,USA,Business,399,12,2,2,36,45,,0.0
CUST_003040,2021-11-02,Small Business,Finance,UK,Basic,49,24,2,2,30,54,2022-11-30,1.0
CUST_003041,2020-02-12,Mid-Market,Healthcare,USA,Enterprise,999,24,14,3,47,4,,0.0
CUST_003042,2020-09-10,Enterprise,Technology,USA,Professional,149,1,468,2,56,100,,0.0
CUST_003043,2023-02-27,Small Business,Manufacturing,USA,Enterprise,999,12,7,1,82,28,,0.0
CUST_003044,2022-12-19,Startup,Finance,Other,Professional,149,12,1,2,85,84,,0.0
CUST_003045,2021-10-24,Small Business,Retail,USA,Enterprise,999,12,7,2,23,13,,0.0
CUST_003046,2021-04-11,Small Business,Finance,Other,Basic,49,36,7,5,77,2,,0.0
CUST_003047,2020-10-13,Small Business,Finance,USA,Business,399,12,8,5,57,41,,0.0
CUST_003048,2022-10-07,Mid-Market,Technology,UK,Enterprise,999,36,33,1,71,-21,,0.0
CUST_003049,2024-03-20,Startup,Manufacturing,France,Professional,149,1,1,3,100,-21,,0.0
CUST_003050,2024-01-30,Small Business,Finance,USA,Business,399,12,9,1,48,79,,0.0
CUST_003051,2022-02-16,Mid-Market,Education,USA,Basic,49,24,47,0,74,34,,0.0
CUST_003052,2020-12-10,Startup,Technology,Other,Professional,149,12,4,3,86,17,,0.0
CUST_003053,2021-10-03,Mid-Market,Technology,UK,Business,399,1,14,1,66,83,2022-03-11,1.0
CUST_003054,2021-01-16,Startup,Retail,USA,Basic,49,36,1,0,52,0,2022-07-23,1.0
CUST_003055,2024-12-07,Small Business,Education,USA,Business,399,24,9,2,52,100,,0.0
CUST_003056,2021-11-20,Mid-Market,Finance,Other,Business,399,12,19,2,55,23,,0.0
CUST_003057,2023-06-30,Small Business,Manufacturing,Australia,Basic,49,12,7,2,69,0,,0.0
CUST_003058,2022-12-15,Small Business,Other,UK,Basic,49,1,5,1,51,70,,0.0
CUST_003059,2024-01-26,Enterprise,Other,USA,Professional,149,36,347,1,76,1,,0.0
CUST_003060,2021-04-01,Small Business,Manufacturing,Australia,Basic,49,24,5,3,73,32,,0.0
CUST_003061,2022-09-09,Small Business,Manufacturing,USA,Enterprise,999,1,6,0,30,100,2024-07-22,1.0
CUST_003062,2020-03-23,Small Business,Technology,UK,Business,399,1,6,5,87,16,,0.0
CUST_003063,2023-01-27,Enterprise,Education,Germany,Professional,149,24,424,5,100,29,,0.0
CUST_003064,2020-05-28,Small Business,Finance,USA,Basic,49,1,8,1,55,37,,0.0
CUST_003065,2023-09-14,Enterprise,Other,Canada,Business,399,36,268,1,83,78,,0.0
CUST_003066,2023-03-25,Small Business,Technology,Australia,Professional,149,36,8,0,91,20,,0.0
CUST_003067,2020-07-08,Enterprise,Finance,France,Basic,49,24,276,3,79,94,2022-07-06,1.0
CUST_003068,2024-02-26,Startup,Retail,USA,Professional,149,24,4,3,76,20,,0.0
CUST_003069,2022-06-01,Small Business,Finance,USA,Business,399,12,4,2,31,62,,0.0
CUST_003070,2020-09-19,Small Business,Technology,USA,Basic,49,1,6,2,59,7,,0.0
CUST_003071,2023-01-08,Small Business,Retail,USA,Professional,149,24,6,0,61,37,,0.0
CUST_003072,2021-02-03,Mid-Market,Manufacturing,UK,Enterprise,999,12,15,0,91,52,2022-10-20,1.0
CUST_003073,2022-02-02,Mid-Market,Retail,UK,Basic,49,12,36,2,39,29,,0.0
CUST_003074,2021-08-31,Startup,Technology,USA,Business,399,1,3,3,100,-5,,0.0
CUST_003075,2023-07-07,Startup,Manufacturing,USA,Professional,149,1,4,4,97,15,,0.0
CUST_003076,2024-11-30,Enterprise,Healthcare,USA,Basic,49,12,117,1,45,68,,0.0
CUST_003077,2024-06-26,Small Business,Technology,Canada,Basic,49,24,3,2,40,12,,0.0
CUST_003078,2024-04-24,Small Business,Manufacturing,Canada,Basic,49,12,7,1,86,100,,0.0
CUST_003079,2022-02-23,Small Business,Education,UK,Basic,49,12,9,5,59,35,,0.0
CUST_003080,2020-04-10,Enterprise,Finance,Germany,Basic,49,12,308,2,60,35,,0.0
CUST_003081,2023-10-14,Mid-Market,Finance,Germany,Basic,49,1,37,0,84,42,,0.0
CUST_003082,2023-11-04,Mid-Market,Healthcare,UK,Basic,49,24,37,3,41,35,2024-10-07,1.0
CUST_003083,2022-03-30,Startup,Finance,USA,Business,399,12,2,2,84,98,,0.0
CUST_003084,2023-05-29,Small Business,Technology,UK,Business,399,1,5,2,40,16,,0.0
CUST_003085,2022-03-30,Small Business,Other,USA,Business,399,1,4,0,39,47,2023-06-25,1.0
CUST_003086,2021-02-23,Startup,Education,USA,Professional,149,36,4,0,83,72,,0.0
CUST_003087,2020-05-03,Small Business,Retail,Other,Enterprise,999,12,8,1,78,97,,0.0
CUST_003088,2021-02-25,Startup,Finance,USA,Basic,49,1,1,3,21,45,2022-09-11,1.0
CUST_003089,2023-06-08,Small Business,Education,Canada,Basic,49,12,6,2,82,-22,,0.0
CUST_003090,2024-09-09,Mid-Market,Finance,UK,Basic,49,1,32,4,100,-26,,0.0
CUST_003091,2022-12-22,Startup,Healthcare,USA,Business,399,1,2,2,67,47,,0.0
CUST_003092,2024-02-17,Small Business,Technology,USA,Business,399,24,8,4,90,50,,0.0
CUST_003093,2024-07-09,Mid-Market,Retail,Canada,Professional,149,1,13,1,60,34,,0.0
CUST_003094,2024-09-22,Mid-Market,Real Estate,USA,Professional,149,24,39,5,86,19,,0.0
CUST_003095,2024-05-16,Enterprise,Technology,USA,Business,399,12,124,3,12,27,2024-09-11,1.0
CUST_003096,2022-02-06,Small Business,Technology,Other,Basic,49,1,3,2,52,26,,0.0
CUST_003097,2021-04-27,Startup,Finance,UK,Professional,149,24,4,1,100,25,,0.0
CUST_003098,2021-06-02,Startup,Education,USA,Professional,149,12,1,2,95,46,,0.0
CUST_003099,2020-06-03,Startup,Healthcare,USA,Basic,49,24,3,1,58,31,,0.0
CUST_003100,2020-04-01,Mid-Market,Healthcare,Canada,Basic,49,24,39,4,64,2,,0.0
CUST_003101,2022-09-08,Small Business,Retail,USA,Business,399,36,7,5,42,16,,0.0
CUST_003102,2024-03-29,Enterprise,Finance,USA,Professional,149,1,452,3,65,-24,,0.0
CUST_003103,2021-03-30,Startup,Technology,UK,Basic,49,1,2,0,30,-54,,0.0
CUST_003104,2024-10-30,Small Business,Technology,USA,Professional,149,12,9,2,75,32,,0.0
CUST_003105,2021-08-20,Small Business,Retail,Canada,Enterprise,999,1,6,4,53,40,,0.0
CUST_003106,2024-07-26,Small Business,Finance,Canada,Professional,149,12,3,3,79,-15,,0.0
CUST_003107,2021-05-24,Small Business,Other,USA,Basic,49,1,8,3,53,49,,0.0
CUST_003108,2023-04-21,Mid-Market,Manufacturing,USA,Professional,149,12,23,0,52,41,2024-11-11,1.0
CUST_003109,2021-01-20,Startup,Technology,UK,Professional,149,1,3,4,83,3,,0.0
CUST_003110,2024-05-16,Startup,Finance,Canada,Basic,49,24,1,3,56,26,,0.0
CUST_003111,2024-10-20,Mid-Market,Finance,USA,Basic,49,24,30,2,57,-22,,0.0
CUST_003112,2021-02-08,Small Business,Technology,USA,Professional,149,1,6,1,95,53,,0.0
CUST_003113,2020-09-02,Startup,Real Estate,Other,Professional,149,24,4,1,94,-49,,0.0
CUST_003114,2022-01-11,Enterprise,Education,USA,Basic,49,12,127,1,82,22,,0.0
CUST_003115,2024-06-02,Small Business,Technology,Other,Business,399,12,2,3,65,80,,0.0
CUST_003116,2021-10-22,Mid-Market,Healthcare,USA,Enterprise,999,1,27,1,100,28,,0.0
CUST_003117,2021-10-11,Small Business,Technology,USA,Enterprise,999,24,3,1,92,10,,0.0
CUST_003118,2024-02-03,Enterprise,Healthcare,UK,Business,399,12,145,2,52,-24,,0.0
CUST_003119,2023-12-17,Small Business,Retail,USA,Professional,149,1,9,1,79,100,,0.0
CUST_003120,2022-06-19,Mid-Market,Finance,USA,Business,399,36,39,2,45,-23,,0.0
CUST_003121,2020-03-05,Small Business,Other,USA,Business,399,1,6,0,74,79,,0.0
CUST_003122,2022-11-02,Startup,Technology,Other,Business,399,36,3,1,61,13,,0.0
CUST_003123,2020-07-31,Startup,Retail,USA,Basic,49,12,1,2,54,37,,0.0
CUST_003124,2020-08-29,Startup,Real Estate,Canada,Basic,49,24,4,0,74,24,,0.0
CUST_003125,2021-05-07,Small Business,Finance,Germany,Enterprise,999,12,6,0,48,-18,,0.0
CUST_003126,2023-05-21,Enterprise,Technology,Germany,Enterprise,999,24,188,5,60,-1,,0.0
CUST_003127,2024-09-12,Mid-Market,Technology,Germany,Professional,149,36,16,2,74,80,,0.0
CUST_003128,2020-12-03,Startup,Healthcare,USA,Enterprise,999,24,2,3,67,-55,2021-08-27,1.0
CUST_003129,2020-06-21,Small Business,Other,USA,Business,399,12,2,1,61,23,,0.0
CUST_003130,2021-11-02,Mid-Market,Real Estate,USA,Professional,149,24,46,1,59,99,,0.0
CUST_003131,2020-06-12,Small Business,Other,USA,Professional,149,24,8,2,59,48,,0.0
CUST_003132,2021-04-09,Mid-Market,Education,USA,Professional,149,1,35,0,97,48,,0.0
CUST_003133,2022-09-21,Mid-Market,Healthcare,USA,Professional,149,36,24,1,85,49,,0.0
CUST_003134,2021-05-11,Startup,Real Estate,Other,Enterprise,999,12,2,0,31,27,,0.0
CUST_003135,2021-11-30,Startup,Other,Other,Professional,149,1,2,3,44,13,2022-08-07,1.0
CUST_003136,2021-01-29,Small Business,Healthcare,USA,Business,399,12,5,0,40,76,,0.0
CUST_003137,2021-12-03,Startup,Healthcare,USA,Business,399,12,4,2,56,-16,,0.0
CUST_003138,2020-11-03,Small Business,Finance,USA,Basic,49,12,4,5,89,50,,0.0
CUST_003139,2024-11-26,Small Business,Technology,USA,Basic,49,12,5,1,48,-6,,0.0
CUST_003140,2020-07-01,Enterprise,Technology,USA,Business,399,1,482,2,74,4,,0.0
CUST_003141,2021-09-20,Mid-Market,Other,Other,Basic,49,12,24,1,87,76,,0.0
CUST_003142,2024-12-22,Small Business,Real Estate,USA,Business,399,36,5,6,21,17,,0.0
CUST_003143,2021-05-24,Startup,Technology,USA,Basic,49,12,3,0,54,4,2023-03-17,1.0
CUST_003144,2024-09-27,Small Business,Finance,USA,Professional,149,12,5,0,33,97,,0.0
CUST_003145,2021-06-29,Mid-Market,Education,Other,Basic,49,1,16,3,52,-10,,0.0
CUST_003146,2024-05-06,Mid-Market,Retail,Other,Basic,49,1,33,1,74,100,,0.0
CUST_003147,2021-09-15,Startup,Healthcare,Germany,Basic,49,12,3,2,30,39,2022-12-16,1.0
CUST_003148,2024-11-22,Mid-Market,Manufacturing,UK,Enterprise,999,1,43,3,65,76,,0.0
CUST_003149,2021-08-16,Small Business,Real Estate,USA,Professional,149,24,6,1,29,0,2022-03-09,1.0
CUST_003150,2022-01-13,Enterprise,Real Estate,USA,Enterprise,999,12,153,1,39,68,,0.0
CUST_003151,2023-06-04,Enterprise,Healthcare,UK,Enterprise,999,12,493,3,88,65,,0.0
CUST_003152,2024-11-03,Small Business,Technology,France,Enterprise,999,12,4,3,78,7,,0.0
CUST_003153,2024-10-22,Small Business,Real Estate,USA,Professional,149,36,5,1,39,14,,0.0
CUST_003154,2023-12-30,Mid-Market,Technology,USA,Business,399,1,19,1,64,-30,2024-05-05,1.0
CUST_003155,2023-12-16,Mid-Market,Manufacturing,Canada,Basic,49,12,42,3,60,-13,,0.0
CUST_003156,2021-07-07,Startup,Technology,USA,Basic,49,36,3,2,70,61,,0.0
CUST_003157,2020-01-21,Mid-Market,Healthcare,Canada,Business,399,36,40,1,82,23,,0.0
CUST_003158,2021-07-07,Small Business,Finance,USA,Basic,49,12,4,2,100,-24,,0.0
CUST_003159,2021-01-31,Startup,Technology,USA,Enterprise,999,12,4,2,58,48,,0.0
CUST_003160,2021-09-16,Mid-Market,Real Estate,UK,Business,399,1,22,3,100,84,2023-01-23,1.0
CUST_003161,2020-04-14,Startup,Technology,Other,Professional,149,1,2,1,47,72,2020-11-26,1.0
CUST_003162,2020-07-10,Mid-Market,Real Estate,USA,Basic,49,12,45,1,62,74,,0.0
CUST_003163,2020-01-17,Small Business,Real Estate,USA,Business,399,1,8,2,55,-46,,0.0
CUST_003164,2023-02-17,Small Business,Healthcare,USA,Professional,149,24,9,4,56,48,,0.0
CUST_003165,2021-01-27,Startup,Manufacturing,Canada,Business,399,12,2,4,69,-44,,0.0
CUST_003166,2021-02-28,Mid-Market,Healthcare,Australia,Professional,149,1,27,1,80,-19,,0.0
CUST_003167,2020-05-08,Small Business,Manufacturing,USA,Basic,49,1,5,3,72,68,,0.0
CUST_003168,2023-02-27,Startup,Retail,USA,Basic,49,12,1,2,80,45,,0.0
CUST_003169,2021-07-25,Small Business,Healthcare,Other,Basic,49,1,8,4,78,84,,0.0
CUST_003170,2024-05-02,Small Business,Finance,Germany,Basic,49,24,8,5,71,23,,0.0
CUST_003171,2020-01-29,Mid-Market,Manufacturing,Canada,Basic,49,36,20,2,62,79,,0.0
CUST_003172,2023-01-25,Small Business,Real Estate,USA,Basic,49,36,7,2,52,41,2024-04-30,1.0
CUST_003173,2022-10-30,Enterprise,Technology,USA,Business,399,24,390,3,55,-6,,0.0
CUST_003174,2020-08-29,Enterprise,Retail,Germany,Professional,149,24,55,3,92,68,,0.0
CUST_003175,2020-08-19,Small Business,Healthcare,UK,Basic,49,12,7,1,54,29,,0.0
CUST_003176,2022-02-27,Mid-Market,Education,UK,Professional,149,12,40,1,76,40,,0.0
CUST_003177,2023-07-31,Startup,Technology,USA,Professional,149,24,2,4,95,74,,0.0
CUST_003178,2021-12-15,Startup,Manufacturing,UK,Professional,149,1,4,0,75,100,,0.0
CUST_003179,2022-01-28,Small Business,Technology,France,Professional,149,1,5,1,70,16,,0.0
CUST_003180,2022-03-12,Startup,Retail,Other,Professional,149,24,4,3,99,54,,0.0
CUST_003181,2022-02-14,Small Business,Education,USA,Basic,49,36,6,3,68,25,,0.0
CUST_003182,2021-12-26,Mid-Market,Manufacturing,Canada,Professional,149,12,47,1,57,2,,0.0
CUST_003183,2020-07-18,Startup,Manufacturing,Canada,Basic,49,12,3,3,98,25,,0.0
CUST_003184,2022-08-02,Mid-Market,Finance,Australia,Professional,149,12,41,2,57,62,,0.0
CUST_003185,2020-03-19,Mid-Market,Real Estate,France,Business,399,12,39,2,66,61,,0.0
CUST_003186,2022-08-13,Startup,Retail,Other,Professional,149,12,3,0,55,-28,,0.0
CUST_003187,2022-05-05,Small Business,Real Estate,Other,Business,399,36,9,1,22,19,,0.0
CUST_003188,2023-04-11,Startup,Finance,USA,Business,399,12,2,2,33,97,2024-01-21,1.0
CUST_003189,2021-04-11,Mid-Market,Finance,Germany,Basic,49,1,32,1,43,-30,2022-02-08,1.0
CUST_003190,2021-08-03,Small Business,Technology,UK,Enterprise,999,24,6,2,65,-23,,0.0
CUST_003191,2023-12-10,Enterprise,Finance,USA,Basic,49,12,378,1,68,76,,0.0
CUST_003192,2022-07-28,Small Business,Technology,USA,Enterprise,999,24,3,0,72,19,2023-09-02,1.0
CUST_003193,2021-03-24,Startup,Real Estate,USA,Basic,49,12,1,2,51,-49,,0.0
CUST_003194,2020-03-27,Small Business,Manufacturing,France,Basic,49,24,6,0,50,22,2021-02-16,1.0
CUST_003195,2020-04-10,Mid-Market,Other,USA,Professional,149,1,20,2,100,6,,0.0
CUST_003196,2022-10-28,Enterprise,Technology,Australia,Enterprise,999,1,318,2,51,-3,,0.0
CUST_003197,2022-04-24,Mid-Market,Technology,Canada,Basic,49,12,23,2,74,100,,0.0
CUST_003198,2023-05-08,Small Business,Real Estate,Germany,Business,399,12,9,3,86,-41,,0.0
CUST_003199,2024-03-08,Startup,Healthcare,USA,Business,399,1,2,1,74,3,,0.0
CUST_003200,2020-03-27,Mid-Market,Finance,UK,Basic,49,12,45,2,59,37,,0.0
CUST_003201,2020-02-12,Small Business,Real Estate,UK,Professional,149,36,8,3,42,-33,2021-01-12,1.0
CUST_003202,2023-11-09,Startup,Finance,USA,Professional,149,1,3,3,41,78,,0.0
CUST_003203,2024-07-02,Small Business,Technology,Australia,Basic,49,24,7,2,56,-3,,0.0
CUST_003204,2023-12-29,Small Business,Real Estate,Canada,Business,399,24,3,2,62,-17,2024-10-10,1.0
CUST_003205,2021-02-11,Startup,Technology,USA,Enterprise,999,24,1,2,64,55,,0.0
CUST_003206,2024-02-15,Mid-Market,Real Estate,France,Business,399,36,23,4,50,53,,0.0
CUST_003207,2021-10-25,Mid-Market,Technology,USA,Enterprise,999,12,37,4,55,29,2022-05-24,1.0
CUST_003208,2022-11-06,Enterprise,Retail,UK,Basic,49,12,181,3,92,-8,,0.0
CUST_003209,2024-07-26,Startup,Technology,Canada,Basic,49,12,2,1,44,10,,0.0
CUST_003210,2020-05-27,Startup,Manufacturing,USA,Business,399,12,1,1,51,31,,0.0
CUST_003211,2020-10-03,Startup,Technology,Germany,Business,399,1,4,1,38,-4,,0.0
CUST_003212,2020-08-19,Enterprise,Education,Germany,Basic,49,12,124,0,100,86,,0.0
CUST_003213,2020-12-31,Small Business,Finance,Germany,Professional,149,1,9,3,25,100,,0.0
CUST_003214,2023-06-05,Mid-Market,Technology,USA,Business,399,24,36,1,57,-24,,0.0
CUST_003215,2024-08-01,Enterprise,Manufacturing,USA,Basic,49,36,193,1,100,96,,0.0
CUST_003216,2021-03-11,Small Business,Finance,USA,Basic,49,24,2,4,92,21,,0.0
CUST_003217,2021-02-02,Startup,Technology,Other,Business,399,1,2,1,71,-25,,0.0
CUST_003218,2023-05-19,Startup,Technology,USA,Enterprise,999,1,3,5,74,49,,0.0
CUST_003219,2023-11-15,Small Business,Finance,UK,Business,399,24,5,2,43,17,,0.0
CUST_003220,2021-05-13,Enterprise,Technology,Australia,Business,399,12,144,1,34,46,,0.0
CUST_003221,2021-06-23,Mid-Market,Technology,France,Basic,49,24,44,2,51,66,,0.0
CUST_003222,2021-07-16,Mid-Market,Healthcare,France,Business,399,24,22,6,54,56,,0.0
CUST_003223,2024-02-23,Startup,Retail,Other,Basic,49,12,4,1,75,0,,0.0
CUST_003224,2021-03-17,Startup,Finance,USA,Enterprise,999,1,4,4,63,99,,0.0
CUST_003225,2023-07-08,Small Business,Technology,USA,Professional,149,1,9,0,98,15,,0.0
CUST_003226,2022-02-11,Small Business,Other,USA,Professional,149,1,5,4,70,61,,0.0
CUST_003227,2020-12-15,Enterprise,Real Estate,USA,Business,399,12,480,2,32,59,,0.0
CUST_003228,2023-10-07,Mid-Market,Healthcare,Canada,Basic,49,36,34,2,36,44,,0.0
CUST_003229,2021-06-03,Small Business,Technology,USA,Enterprise,999,1,5,2,57,47,,0.0
CUST_003230,2023-09-05,Mid-Market,Other,Germany,Professional,149,1,19,2,50,-8,,0.0
CUST_003231,2020-05-17,Small Business,Finance,USA,Basic,49,12,6,3,64,16,,0.0
CUST_003232,2024-04-22,Startup,Healthcare,USA,Basic,49,12,1,0,80,-10,,0.0
CUST_003233,2024-07-04,Small Business,Finance,Germany,Business,399,24,5,3,77,67,,0.0
CUST_003234,2022-09-18,Enterprise,Education,USA,Business,399,1,463,1,43,10,2023-06-18,1.0
CUST_003235,2021-01-02,Mid-Market,Technology,Germany,Basic,49,36,49,2,88,13,2022-12-10,1.0
CUST_003236,2023-05-28,Small Business,Manufacturing,Other,Basic,49,36,2,0,58,8,2024-05-15,1.0
CUST_003237,2023-09-22,Small Business,Manufacturing,France,Enterprise,999,24,7,2,65,9,,0.0
CUST_003238,2023-05-31,Small Business,Finance,USA,Basic,49,1,8,2,46,24,,0.0
CUST_003239,2024-07-29,Small Business,Real Estate,Other,Professional,149,12,5,2,73,15,,0.0
CUST_003240,2024-11-26,Small Business,Technology,USA,Professional,149,24,6,1,72,37,,0.0
CUST_003241,2020-12-25,Startup,Retail,Germany,Business,399,24,2,1,94,22,,0.0
CUST_003242,2022-07-09,Mid-Market,Finance,USA,Professional,149,24,28,3,52,-23,,0.0
CUST_003243,2020-11-24,Startup,Finance,USA,Professional,149,12,1,2,66,61,,0.0
CUST_003244,2022-08-19,Mid-Market,Healthcare,Other,Enterprise,999,12,10,1,72,41,2023-11-09,1.0
CUST_003245,2021-04-07,Enterprise,Healthcare,USA,Basic,49,36,430,1,71,59,,0.0
CUST_003246,2022-08-03,Small Business,Technology,France,Basic,49,1,8,1,90,31,,0.0
CUST_003247,2022-08-20,Small Business,Healthcare,USA,Basic,49,1,2,4,49,48,,0.0
CUST_003248,2024-05-03,Startup,Healthcare,Australia,Enterprise,999,1,2,1,74,-17,,0.0
CUST_003249,2023-11-06,Small Business,Manufacturing,Other,Business,399,24,2,2,76,11,,0.0
CUST_003250,2022-04-15,Startup,Technology,UK,Basic,49,1,3,3,57,53,2023-04-10,1.0
CUST_003251,2024-06-01,Startup,Retail,Canada,Business,399,12,3,2,69,11,,0.0
CUST_003252,2024-06-28,Small Business,Technology,Canada,Professional,149,12,3,2,68,83,,0.0
CUST_003253,2020-06-17,Small Business,Technology,Other,Enterprise,999,1,2,0,74,88,,0.0
CUST_003254,2020-08-04,Small Business,Healthcare,USA,Basic,49,24,6,2,58,40,2022-02-21,1.0
CUST_003255,2021-01-12,Startup,Technology,Canada,Business,399,1,4,3,49,32,,0.0
CUST_003256,2020-04-28,Startup,Retail,USA,Professional,149,12,1,4,68,100,,0.0
CUST_003257,2020-07-08,Mid-Market,Healthcare,USA,Basic,49,12,10,1,78,-71,,0.0
CUST_003258,2022-02-05,Startup,Other,USA,Business,399,12,1,2,45,44,,0.0
CUST_003259,2021-01-04,Mid-Market,Other,Canada,Basic,49,1,19,1,82,70,,0.0
CUST_003260,2024-12-06,Small Business,Finance,Australia,Business,399,36,5,3,68,-38,,0.0
CUST_003261,2020-05-28,Mid-Market,Education,USA,Business,399,36,36,3,62,-3,,0.0
CUST_003262,2024-08-26,Small Business,Technology,Canada,Professional,149,12,4,4,63,68,,0.0
CUST_003263,2021-10-13,Startup,Finance,Canada,Basic,49,12,2,1,42,23,,0.0
CUST_003264,2024-02-20,Mid-Market,Manufacturing,UK,Enterprise,999,12,23,0,69,50,2024-10-24,1.0
CUST_003265,2022-02-08,Enterprise,Technology,Other,Basic,49,24,462,7,60,-48,,0.0
CUST_003266,2021-01-08,Mid-Market,Technology,USA,Professional,149,12,25,0,70,-28,,0.0
CUST_003267,2022-02-19,Small Business,Technology,USA,Business,399,1,9,2,62,9,,0.0
CUST_003268,2024-09-12,Mid-Market,Finance,USA,Enterprise,999,24,47,2,54,79,,0.0
CUST_003269,2020-06-08,Mid-Market,Finance,Australia,Professional,149,12,43,0,42,57,,0.0
CUST_003270,2020-12-16,Mid-Market,Healthcare,Other,Basic,49,12,35,1,30,-8,2021-08-17,1.0
CUST_003271,2023-08-04,Small Business,Finance,USA,Business,399,12,7,3,57,-3,,0.0
CUST_003272,2023-08-04,Mid-Market,Finance,USA,Basic,49,1,28,0,15,54,2024-12-29,1.0
CUST_003273,2022-06-10,Small Business,Manufacturing,UK,Basic,49,36,2,4,36,34,2023-03-01,1.0
CUST_003274,2023-06-03,Enterprise,Technology,Germany,Enterprise,999,24,159,2,82,46,,0.0
CUST_003275,2021-06-06,Small Business,Manufacturing,Canada,Professional,149,1,8,3,47,12,2021-10-25,1.0
CUST_003276,2021-06-05,Mid-Market,Manufacturing,Other,Basic,49,12,26,2,78,8,,0.0
CUST_003277,2022-02-21,Small Business,Manufacturing,France,Professional,149,12,5,3,76,28,,0.0
CUST_003278,2020-09-29,Mid-Market,Manufacturing,Australia,Basic,49,1,28,2,49,0,,0.0
CUST_003279,2022-07-24,Small Business,Finance,UK,Basic,49,12,2,1,84,0,,0.0
CUST_003280,2023-11-26,Startup,Technology,USA,Basic,49,12,1,2,91,-42,,0.0
CUST_003281,2020-07-01,Startup,Finance,Germany,Business,399,1,3,1,35,9,,0.0
CUST_003282,2024-08-15,Small Business,Other,UK,Business,399,12,2,3,82,-17,,0.0
CUST_003283,2021-05-02,Small Business,Retail,USA,Professional,149,1,7,1,52,3,,0.0
CUST_003284,2022-04-25,Startup,Technology,USA,Basic,49,12,3,1,33,23,,0.0
CUST_003285,2020-05-03,Small Business,Technology,UK,Business,399,12,7,4,69,61,,0.0
CUST_003286,2022-09-11,Mid-Market,Other,Canada,Professional,149,1,44,3,76,19,,0.0
CUST_003287,2024-07-07,Startup,Technology,Canada,Professional,149,12,2,4,63,33,,0.0
CUST_003288,2022-02-28,Small Business,Technology,USA,Business,399,12,2,1,100,13,,0.0
CUST_003289,2021-02-17,Mid-Market,Healthcare,Canada,Professional,149,12,43,1,79,35,,0.0
CUST_003290,2024-10-14,Mid-Market,Other,USA,Professional,149,12,42,3,63,25,,0.0
CUST_003291,2023-04-10,Mid-Market,Healthcare,Germany,Enterprise,999,12,17,2,68,-51,,0.0
CUST_003292,2023-08-04,Small Business,Finance,UK,Professional,149,12,7,3,100,21,,0.0
CUST_003293,2023-12-29,Mid-Market,Retail,Australia,Professional,149,12,29,3,74,25,,0.0
CUST_003294,2021-11-16,Mid-Market,Technology,France,Professional,149,24,27,2,92,41,2022-03-12,1.0
CUST_003295,2020-04-22,Mid-Market,Real Estate,Germany,Basic,49,1,36,2,84,-2,,0.0
CUST_003296,2022-06-06,Small Business,Finance,Germany,Business,399,36,6,2,42,14,2023-09-27,1.0
CUST_003297,2020-05-01,Small Business,Finance,Canada,Business,399,24,3,4,43,58,2021-09-01,1.0
CUST_003298,2024-04-16,Mid-Market,Real Estate,USA,Basic,49,12,31,1,64,0,,0.0
CUST_003299,2023-05-30,Enterprise,Other,Germany,Basic,49,24,399,1,62,5,,0.0
CUST_003300,2024-07-12,Mid-Market,Finance,UK,Enterprise,999,12,22,1,70,85,,0.0
CUST_003301,2020-02-08,Startup,Technology,UK,Professional,149,1,1,0,90,-9,,0.0
CUST_003302,2021-05-11,Small Business,Education,USA,Basic,49,24,8,4,81,-42,,0.0
CUST_003303,2022-02-18,Small Business,Finance,Other,Basic,49,36,4,3,35,63,,0.0
CUST_003304,2023-06-10,Enterprise,Other,USA,Professional,149,1,457,4,52,-32,,0.0
CUST_003305,2022-07-31,Small Business,Other,USA,Basic,49,12,7,1,97,21,,0.0
CUST_003306,2024-04-02,Small Business,Technology,Other,Basic,49,24,9,1,77,43,,0.0
CUST_003307,2020-05-28,Mid-Market,Other,France,Business,399,36,21,0,33,63,,0.0
CUST_003308,2023-11-21,Mid-Market,Healthcare,USA,Business,399,1,29,1,61,52,,0.0
CUST_003309,2022-10-18,Small Business,Retail,Other,Basic,49,1,9,3,27,-10,2024-09-27,1.0
CUST_003310,2021-10-22,Startup,Technology,USA,Basic,49,1,4,2,86,91,,0.0
CUST_003311,2024-07-19,Startup,Real Estate,Germany,Professional,149,12,3,1,75,15,,0.0
CUST_003312,2020-10-28,Small Business,Retail,Canada,Basic,49,36,9,2,61,-4,,0.0
CUST_003313,2023-10-15,Small Business,Retail,UK,Professional,149,12,6,4,63,66,,0.0
CUST_003314,2020-08-25,Mid-Market,Real Estate,Germany,Basic,49,36,14,0,76,-8,,0.0
CUST_003315,2021-10-08,Small Business,Finance,USA,Basic,49,24,6,1,89,44,,0.0
CUST_003316,2021-10-24,Small Business,Finance,USA,Professional,149,12,8,3,73,14,,0.0
CUST_003317,2020-08-23,Mid-Market,Real Estate,Germany,Enterprise,999,1,41,0,79,15,,0.0
CUST_003318,2024-10-25,Startup,Manufacturing,USA,Basic,49,12,2,1,72,100,,0.0
CUST_003319,2020-07-21,Mid-Market,Other,Other,Basic,49,1,44,1,92,34,,0.0
CUST_003320,2020-09-12,Mid-Market,Other,UK,Basic,49,12,21,1,100,-60,,0.0
CUST_003321,2021-08-20,Small Business,Healthcare,USA,Professional,149,1,8,5,51,-32,,0.0
CUST_003322,2021-10-23,Small Business,Finance,Germany,Business,399,1,4,0,61,39,,0.0
CUST_003323,2020-08-22,Small Business,Healthcare,USA,Professional,149,12,3,2,66,-27,,0.0
CUST_003324,2023-09-30,Mid-Market,Retail,USA,Business,399,12,19,2,51,4,2024-06-26,1.0
CUST_003325,2021-06-17,Startup,Healthcare,UK,Basic,49,1,1,2,57,62,,0.0
CUST_003326,2022-05-09,Small Business,Education,Other,Business,399,24,9,3,63,22,,0.0
CUST_003327,2024-12-25,Small Business,Technology,UK,Basic,49,12,8,1,65,58,,0.0
CUST_003328,2024-12-09,Startup,Technology,USA,Basic,49,12,3,0,56,79,,0.0
CUST_003329,2024-01-29,Small Business,Technology,UK,Basic,49,24,4,1,54,57,,0.0
CUST_003330,2022-02-08,Mid-Market,Technology,USA,Basic,49,24,23,4,66,-7,,0.0
CUST_003331,2021-06-24,Startup,Retail,USA,Professional,149,36,1,6,48,62,,0.0
CUST_003332,2020-07-31,Enterprise,Technology,Australia,Professional,149,1,151,2,72,61,,0.0
CUST_003333,2021-04-07,Enterprise,Technology,Other,Business,399,1,359,2,40,27,,0.0
CUST_003334,2021-03-11,Small Business,Technology,USA,Basic,49,1,8,4,64,-6,,0.0
CUST_003335,2020-10-09,Startup,Education,UK,Professional,149,12,3,2,98,30,,0.0
CUST_003336,2024-05-04,Mid-Market,Education,Other,Basic,49,12,22,2,60,35,,0.0
CUST_003337,2024-06-18,Small Business,Technology,USA,Professional,149,12,7,1,82,-17,,0.0
CUST_003338,2024-01-26,Mid-Market,Manufacturing,USA,Basic,49,1,20,2,42,64,,0.0
CUST_003339,2023-12-01,Small Business,Finance,Other,Basic,49,12,2,4,56,14,,0.0
CUST_003340,2020-03-28,Small Business,Technology,Germany,Professional,149,12,8,2,78,28,,0.0
CUST_003341,2022-12-03,Small Business,Retail,USA,Business,399,1,7,3,14,44,2024-05-03,1.0
CUST_003342,2021-04-05,Mid-Market,Technology,USA,Business,399,12,41,3,77,37,,0.0
CUST_003343,2020-10-04,Small Business,Manufacturing,USA,Basic,49,24,8,0,63,25,,0.0
CUST_003344,2024-09-02,Startup,Technology,UK,Basic,49,24,3,4,58,-9,,0.0
CUST_003345,2021-02-24,Small Business,Other,France,Basic,49,1,5,1,94,89,,0.0
CUST_003346,2024-09-20,Small Business,Technology,Canada,Professional,149,24,7,2,35,85,,0.0
CUST_003347,2023-10-08,Startup,Retail,Canada,Professional,149,1,4,2,72,73,,0.0
CUST_003348,2021-11-26,Enterprise,Real Estate,USA,Basic,49,12,368,1,81,30,,0.0
CUST_003349,2021-05-29,Small Business,Technology,USA,Professional,149,1,9,2,50,51,,0.0
CUST_003350,2021-12-03,Startup,Finance,USA,Professional,149,36,2,1,24,-13,2023-04-14,1.0
CUST_003351,2024-07-11,Enterprise,Healthcare,France,Professional,149,1,320,0,70,28,,0.0
CUST_003352,2020-01-19,Small Business,Retail,Canada,Basic,49,1,4,1,81,-38,,0.0
CUST_003353,2020-01-23,Mid-Market,Technology,USA,Professional,149,36,20,2,94,6,,0.0
CUST_003354,2021-02-16,Small Business,Technology,UK,Basic,49,12,5,3,32,51,2021-12-31,1.0
CUST_003355,2022-11-19,Small Business,Retail,France,Business,399,24,3,0,59,69,,0.0
CUST_003356,2020-04-17,Mid-Market,Finance,UK,Business,399,1,48,4,100,-7,,0.0
CUST_003357,2023-10-22,Small Business,Retail,USA,Basic,49,12,2,4,70,-2,,0.0
CUST_003358,2023-07-28,Mid-Market,Technology,USA,Basic,49,36,20,1,70,45,,0.0
CUST_003359,2023-02-25,Small Business,Healthcare,USA,Basic,49,12,3,3,76,-42,,0.0
CUST_003360,2023-06-06,Mid-Market,Retail,France,Professional,149,24,13,3,65,87,,0.0
CUST_003361,2023-02-08,Startup,Retail,Canada,Enterprise,999,36,2,5,59,-6,,0.0
CUST_003362,2020-05-15,Enterprise,Healthcare,Germany,Basic,49,12,105,1,61,23,,0.0
CUST_003363,2020-12-27,Startup,Healthcare,Australia,Business,399,12,2,2,93,55,,0.0
CUST_003364,2023-04-24,Small Business,Healthcare,Other,Professional,149,12,8,2,80,20,,0.0
CUST_003365,2024-08-06,Mid-Market,Technology,USA,Business,399,1,11,4,72,14,,0.0
CUST_003366,2024-05-26,Small Business,Healthcare,USA,Business,399,12,5,4,27,48,,0.0
CUST_003367,2020-05-08,Small Business,Technology,UK,Business,399,36,4,3,54,8,2020-10-31,1.0
CUST_003368,2023-07-08,Small Business,Retail,USA,Professional,149,12,8,1,100,40,,0.0
CUST_003369,2021-05-29,Mid-Market,Retail,France,Business,399,36,30,2,49,28,,0.0
CUST_003370,2021-03-24,Small Business,Healthcare,Australia,Basic,49,24,2,1,66,-19,,0.0
CUST_003371,2023-02-01,Mid-Market,Healthcare,Germany,Enterprise,999,36,11,2,63,79,,0.0
CUST_003372,2024-02-15,Enterprise,Technology,USA,Professional,149,36,207,2,36,14,,0.0
CUST_003373,2023-06-01,Small Business,Finance,USA,Professional,149,24,5,5,46,47,,0.0
CUST_003374,2022-05-23,Enterprise,Real Estate,USA,Enterprise,999,24,234,2,33,-3,,0.0
CUST_003375,2024-02-23,Mid-Market,Manufacturing,Australia,Business,399,24,30,3,31,-47,,0.0
CUST_003376,2021-04-17,Enterprise,Manufacturing,USA,Business,399,24,61,1,74,72,,0.0
CUST_003377,2022-10-30,Mid-Market,Education,USA,Basic,49,24,13,1,49,29,,0.0
CUST_003378,2023-11-29,Mid-Market,Healthcare,USA,Enterprise,999,24,49,4,100,36,,0.0
CUST_003379,2020-10-28,Startup,Technology,Other,Business,399,12,2,1,81,31,,0.0
CUST_003380,2020-08-18,Enterprise,Retail,Germany,Professional,149,12,475,5,64,100,,0.0
CUST_003381,2024-10-20,Small Business,Technology,Other,Enterprise,999,1,3,2,80,60,,0.0
CUST_003382,2022-07-11,Mid-Market,Retail,France,Basic,49,1,11,2,20,55,2023-12-15,1.0
CUST_003383,2022-12-25,Startup,Manufacturing,UK,Basic,49,12,2,1,62,6,2024-12-23,1.0
CUST_003384,2022-07-25,Enterprise,Education,USA,Professional,149,24,155,4,86,22,,0.0
CUST_003385,2020-04-21,Startup,Healthcare,USA,Basic,49,12,1,1,38,29,,0.0
CUST_003386,2022-11-02,Small Business,Finance,Canada,Business,399,1,7,1,78,53,,0.0
CUST_003387,2023-11-17,Enterprise,Retail,Australia,Basic,49,24,493,1,70,18,,0.0
CUST_003388,2021-05-14,Startup,Education,USA,Basic,49,36,3,2,33,15,2022-01-17,1.0
CUST_003389,2022-07-20,Small Business,Manufacturing,USA,Professional,149,24,3,2,96,61,,0.0
CUST_003390,2021-08-20,Mid-Market,Other,Canada,Professional,149,24,44,2,87,93,,0.0
CUST_003391,2020-08-21,Startup,Technology,USA,Basic,49,1,4,2,77,-57,2021-02-09,1.0
CUST_003392,2021-08-24,Startup,Finance,Canada,Basic,49,12,4,2,37,64,,0.0
CUST_003393,2020-11-09,Small Business,Healthcare,USA,Professional,149,12,8,1,47,18,,0.0
CUST_003394,2021-07-19,Mid-Market,Technology,USA,Business,399,1,22,3,62,53,,0.0
CUST_003395,2022-11-01,Startup,Real Estate,USA,Business,399,1,2,1,93,23,,0.0
CUST_003396,2020-07-27,Small Business,Other,Canada,Basic,49,36,8,1,60,14,,0.0
CUST_003397,2022-11-03,Startup,Technology,UK,Professional,149,24,3,4,68,33,,0.0
CUST_003398,2024-07-14,Small Business,Technology,USA,Basic,49,1,9,2,50,-27,,0.0
CUST_003399,2023-12-12,Mid-Market,Healthcare,Australia,Professional,149,12,21,1,100,-11,,0.0
CUST_003400,2023-12-31,Startup,Education,USA,Enterprise,999,12,3,2,44,11,,0.0
CUST_003401,2023-11-01,Mid-Market,Healthcare,USA,Professional,149,1,47,1,68,31,,0.0
CUST_003402,2022-11-09,Mid-Market,Technology,Canada,Professional,149,24,41,2,91,78,,0.0
CUST_003403,2021-08-09,Small Business,Technology,USA,Basic,49,1,7,2,53,61,2022-10-22,1.0
CUST_003404,2024-11-13,Small Business,Finance,UK,Enterprise,999,24,4,2,59,21,,0.0
CUST_003405,2024-10-24,Enterprise,Other,Other,Professional,149,24,489,3,47,-15,,0.0
CUST_003406,2022-10-11,Startup,Healthcare,Germany,Professional,149,12,1,0,37,31,2023-05-22,1.0
CUST_003407,2022-12-29,Small Business,Finance,Canada,Professional,149,24,3,2,39,48,,0.0
CUST_003408,2023-05-19,Small Business,Technology,Canada,Basic,49,1,6,2,96,10,,0.0
CUST_003409,2023-01-29,Startup,Finance,USA,Business,399,12,1,1,33,18,,0.0
CUST_003410,2021-11-28,Small Business,Manufacturing,UK,Basic,49,12,7,2,50,76,,0.0
CUST_003411,2020-05-11,Enterprise,Healthcare,USA,Business,399,12,402,4,38,36,,0.0
CUST_003412,2024-07-04,Mid-Market,Healthcare,Other,Professional,149,1,43,0,49,30,,0.0
CUST_003413,2023-11-05,Startup,Education,USA,Basic,49,12,2,2,59,27,,0.0
CUST_003414,2023-03-01,Enterprise,Technology,UK,Basic,49,12,57,2,68,82,2024-03-04,1.0
CUST_003415,2022-11-09,Small Business,Retail,Other,Business,399,12,8,4,93,-45,,0.0
CUST_003416,2021-06-19,Small Business,Healthcare,France,Basic,49,24,5,3,83,46,,0.0
CUST_003417,2022-10-10,Small Business,Healthcare,Other,Basic,49,12,6,0,79,-45,,0.0
CUST_003418,2020-08-14,Enterprise,Retail,Canada,Basic,49,24,179,1,80,10,,0.0
CUST_003419,2023-03-23,Small Business,Education,USA,Business,399,1,7,1,30,-38,,0.0
CUST_003420,2024-10-31,Small Business,Retail,France,Business,399,24,6,1,66,45,,0.0
CUST_003421,2024-02-01,Startup,Technology,USA,Business,399,12,4,5,91,-54,,0.0
CUST_003422,2022-04-01,Mid-Market,Finance,USA,Professional,149,1,27,1,100,-31,,0.0
CUST_003423,2022-05-20,Small Business,Finance,Germany,Professional,149,12,4,5,89,27,,0.0
CUST_003424,2021-02-08,Small Business,Finance,Canada,Basic,49,12,8,2,54,30,2022-02-14,1.0
CUST_003425,2020-07-20,Small Business,Manufacturing,Australia,Basic,49,1,9,3,79,92,,0.0
CUST_003426,2020-02-07,Small Business,Technology,Other,Business,399,24,4,3,48,96,,0.0
CUST_003427,2022-07-30,Mid-Market,Finance,Australia,Business,399,36,38,1,92,-26,,0.0
CUST_003428,2024-11-30,Mid-Market,Retail,USA,Business,399,12,31,0,46,5,,0.0
CUST_003429,2020-07-06,Small Business,Healthcare,Germany,Professional,149,12,6,4,44,11,,0.0
CUST_003430,2022-12-16,Small Business,Retail,France,Business,399,1,3,4,87,69,,0.0
CUST_003431,2022-07-29,Small Business,Technology,Other,Enterprise,999,36,2,4,65,14,,0.0
CUST_003432,2022-11-09,Mid-Market,Healthcare,USA,Basic,49,12,30,2,80,-46,,0.0
CUST_003433,2020-09-29,Mid-Market,Other,USA,Basic,49,1,20,3,81,61,,0.0
CUST_003434,2023-02-16,Enterprise,Healthcare,Australia,Professional,149,12,118,1,41,8,2024-06-23,1.0
CUST_003435,2021-08-05,Enterprise,Healthcare,USA,Basic,49,1,330,1,66,92,,0.0
CUST_003436,2021-05-30,Small Business,Retail,Canada,Business,399,1,6,2,49,45,,0.0
CUST_003437,2023-05-29,Startup,Other,USA,Basic,49,1,1,1,25,62,,0.0
CUST_003438,2021-06-09,Mid-Market,Other,UK,Professional,149,1,26,2,63,57,,0.0
CUST_003439,2024-03-18,Mid-Market,Retail,Germany,Professional,149,1,47,1,51,-10,,0.0
CUST_003440,2024-10-17,Mid-Market,Technology,USA,Professional,149,24,16,2,76,-53,,0.0
CUST_003441,2024-10-30,Small Business,Real Estate,Germany,Basic,49,36,4,1,87,95,,0.0
CUST_003442,2020-12-01,Enterprise,Retail,USA,Enterprise,999,12,230,2,50,56,,0.0
CUST_003443,2021-11-28,Startup,Healthcare,USA,Basic,49,12,3,1,42,-12,,0.0
CUST_003444,2022-12-14,Small Business,Education,USA,Business,399,12,7,1,63,-74,,0.0
CUST_003445,2021-05-14,Startup,Healthcare,Germany,Business,399,12,3,2,71,86,,0.0
CUST_003446,2022-06-18,Startup,Technology,USA,Basic,49,12,4,1,75,38,,0.0
CUST_003447,2022-02-04,Small Business,Education,Canada,Enterprise,999,12,4,1,100,78,,0.0
CUST_003448,2021-06-19,Small Business,Finance,Germany,Professional,149,12,2,5,88,47,2021-12-17,1.0
CUST_003449,2020-06-10,Mid-Market,Healthcare,Germany,Professional,149,12,30,2,64,4,,0.0
CUST_003450,2024-08-20,Small Business,Healthcare,Canada,Professional,149,12,2,3,100,5,,0.0
CUST_003451,2021-08-16,Startup,Retail,UK,Professional,149,12,2,2,82,26,,0.0
CUST_003452,2020-06-07,Enterprise,Technology,USA,Basic,49,24,439,0,84,27,,0.0
CUST_003453,2023-04-26,Startup,Healthcare,Canada,Business,399,24,1,2,100,-12,,0.0
CUST_003454,2020-02-29,Mid-Market,Retail,USA,Professional,149,36,42,1,74,24,2020-09-08,1.0
CUST_003455,2022-07-03,Startup,Real Estate,Australia,Basic,49,24,2,0,68,62,,0.0
CUST_003456,2023-09-04,Startup,Finance,France,Business,399,1,1,0,71,30,,0.0
CUST_003457,2020-07-29,Small Business,Manufacturing,USA,Business,399,24,9,2,64,54,,0.0
CUST_003458,2021-02-09,Small Business,Manufacturing,Canada,Professional,149,12,9,1,54,42,,0.0
CUST_003459,2021-10-25,Small Business,Retail,Other,Basic,49,12,8,0,41,77,,0.0
CUST_003460,2023-02-06,Startup,Technology,USA,Professional,149,12,2,0,87,49,,0.0
CUST_003461,2023-01-04,Startup,Real Estate,Germany,Basic,49,1,4,4,88,-7,,0.0
CUST_003462,2021-06-25,Startup,Finance,USA,Professional,149,36,1,3,54,-28,,0.0
CUST_003463,2023-08-30,Small Business,Technology,UK,Enterprise,999,24,2,2,66,100,,0.0
CUST_003464,2022-09-24,Small Business,Technology,Australia,Basic,49,12,4,1,52,-8,2023-01-15,1.0
CUST_003465,2023-02-14,Startup,Manufacturing,Canada,Basic,49,1,4,4,76,19,,0.0
CUST_003466,2022-07-15,Small Business,Technology,Canada,Business,399,24,3,6,76,27,,0.0
CUST_003467,2022-05-17,Startup,Technology,Other,Basic,49,12,4,2,58,5,,0.0
CUST_003468,2024-09-23,Small Business,Manufacturing,Germany,Basic,49,12,8,1,59,74,,0.0
CUST_003469,2020-01-19,Enterprise,Real Estate,Germany,Professional,149,12,104,1,60,31,,0.0
CUST_003470,2021-03-07,Small Business,Retail,Canada,Business,399,24,2,4,53,-32,2023-02-05,1.0
CUST_003471,2024-09-04,Small Business,Technology,Canada,Business,399,1,7,3,72,41,,0.0
CUST_003472,2022-01-09,Mid-Market,Technology,France,Business,399,24,35,1,22,23,2023-12-27,1.0
CUST_003473,2023-10-05,Mid-Market,Retail,Other,Professional,149,24,18,2,66,51,,0.0
CUST_003474,2020-07-01,Small Business,Technology,France,Business,399,12,7,1,99,100,,0.0
CUST_003475,2020-04-22,Enterprise,Retail,Germany,Basic,49,12,181,2,78,0,,0.0
CUST_003476,2023-04-21,Mid-Market,Technology,USA,Basic,49,1,12,0,45,-21,,0.0
CUST_003477,2021-04-25,Small Business,Real Estate,France,Basic,49,1,3,3,46,100,,0.0
CUST_003478,2023-03-15,Startup,Finance,Germany,Basic,49,1,2,1,54,-16,,0.0
CUST_003479,2022-04-10,Small Business,Technology,France,Basic,49,1,2,3,52,100,,0.0
CUST_003480,2024-07-09,Startup,Real Estate,USA,Professional,149,12,1,2,78,100,,0.0
CUST_003481,2023-02-10,Small Business,Healthcare,Other,Professional,149,1,4,3,49,16,,0.0
CUST_003482,2022-02-01,Mid-Market,Healthcare,USA,Basic,49,12,24,4,78,77,,0.0
CUST_003483,2021-04-20,Small Business,Education,USA,Business,399,12,2,0,62,-12,,0.0
CUST_003484,2022-02-01,Small Business,Healthcare,Germany,Business,399,12,6,1,71,52,,0.0
CUST_003485,2023-08-19,Small Business,Finance,Germany,Basic,49,24,7,1,78,68,,0.0
CUST_003486,2022-08-28,Enterprise,Healthcare,USA,Basic,49,12,66,2,74,-11,2023-03-18,1.0
CUST_003487,2022-10-16,Small Business,Technology,Germany,Basic,49,1,3,1,98,81,,0.0
CUST_003488,2023-02-15,Enterprise,Technology,USA,Basic,49,1,480,1,92,67,,0.0
CUST_003489,2020-06-09,Small Business,Manufacturing,USA,Business,399,24,3,2,49,99,,0.0
CUST_003490,2021-02-04,Mid-Market,Retail,USA,Basic,49,12,37,4,100,39,2022-06-10,1.0
CUST_003491,2020-07-16,Small Business,Healthcare,Australia,Basic,49,36,5,3,68,-64,,0.0
CUST_003492,2023-07-07,Small Business,Healthcare,USA,Basic,49,24,3,3,73,39,,0.0
CUST_003493,2021-10-21,Enterprise,Other,USA,Business,399,1,177,1,84,24,2023-05-25,1.0
CUST_003494,2024-11-10,Small Business,Other,Germany,Basic,49,12,4,3,45,75,,0.0
CUST_003495,2022-12-06,Small Business,Finance,UK,Business,399,12,5,4,100,-20,,0.0
CUST_003496,2021-02-02,Startup,Education,France,Basic,49,1,2,0,71,100,,0.0
CUST_003497,2024-09-29,Startup,Manufacturing,Australia,Business,399,1,1,2,93,38,,0.0
CUST_003498,2024-05-01,Small Business,Healthcare,Australia,Enterprise,999,12,8,3,64,90,,0.0
CUST_003499,2020-03-18,Small Business,Technology,USA,Professional,149,36,8,5,48,-37,,0.0
CUST_003500,2020-05-03,Mid-Market,Technology,UK,Business,399,12,27,3,79,21,,0.0
CUST_003501,2020-03-15,Mid-Market,Education,Germany,Business,399,12,33,3,47,100,,0.0
CUST_003502,2020-05-16,Mid-Market,Manufacturing,USA,Business,399,1,36,2,58,-2,,0.0
CUST_003503,2021-08-24,Small Business,Retail,USA,Business,399,12,9,0,15,-22,2022-07-21,1.0
CUST_003504,2023-11-24,Mid-Market,Technology,UK,Basic,49,24,10,0,94,31,,0.0
CUST_003505,2022-04-16,Enterprise,Retail,USA,Professional,149,12,261,1,57,70,,0.0
CUST_003506,2024-03-08,Small Business,Education,Other,Enterprise,999,24,2,1,61,15,,0.0
CUST_003507,2021-05-14,Small Business,Real Estate,France,Basic,49,12,8,2,68,24,2022-11-20,1.0
CUST_003508,2024-05-15,Small Business,Technology,USA,Enterprise,999,24,5,0,78,34,,0.0
CUST_003509,2020-05-17,Enterprise,Manufacturing,USA,Professional,149,1,495,1,41,18,,0.0
CUST_003510,2020-02-19,Small Business,Technology,Other,Professional,149,24,2,2,38,53,2021-03-27,1.0
CUST_003511,2024-11-29,Small Business,Manufacturing,USA,Business,399,24,4,0,89,-22,,0.0
CUST_003512,2022-08-30,Small Business,Retail,France,Business,399,24,3,2,56,-18,,0.0
CUST_003513,2024-06-30,Mid-Market,Technology,UK,Professional,149,1,10,3,74,44,,0.0
CUST_003514,2024-07-06,Small Business,Manufacturing,Australia,Basic,49,12,9,1,57,7,,0.0
CUST_003515,2020-09-10,Startup,Technology,Germany,Business,399,12,1,4,80,72,,0.0
CUST_003516,2024-07-11,Mid-Market,Education,USA,Enterprise,999,36,16,3,57,13,,0.0
CUST_003517,2021-12-10,Startup,Healthcare,USA,Professional,149,12,4,0,71,50,,0.0
CUST_003518,2021-07-16,Small Business,Manufacturing,Canada,Basic,49,24,6,1,77,53,,0.0
CUST_003519,2022-01-26,Mid-Market,Real Estate,Other,Basic,49,12,11,0,70,12,,0.0
CUST_003520,2023-12-20,Small Business,Healthcare,USA,Enterprise,999,12,7,1,74,28,,0.0
CUST_003521,2021-06-30,Enterprise,Finance,Canada,Basic,49,1,345,0,64,33,,0.0
CUST_003522,2023-08-18,Mid-Market,Finance,USA,Professional,149,1,40,1,37,-9,,0.0
CUST_003523,2022-07-10,Small Business,Technology,Australia,Basic,49,1,7,3,33,72,2024-01-05,1.0
CUST_003524,2021-08-03,Startup,Retail,France,Basic,49,1,4,1,41,11,,0.0
CUST_003525,2023-10-04,Startup,Manufacturing,USA,Basic,49,1,4,3,50,-6,2024-04-05,1.0
CUST_003526,2020-02-18,Small Business,Real Estate,USA,Basic,49,24,3,6,84,35,,0.0
CUST_003527,2022-07-05,Mid-Market,Real Estate,USA,Business,399,12,13,0,24,82,,0.0
CUST_003528,2023-01-02,Small Business,Finance,Canada,Basic,49,24,8,1,74,26,,0.0
CUST_003529,2021-12-04,Small Business,Manufacturing,UK,Basic,49,12,4,1,52,23,,0.0
CUST_003530,2020-09-17,Startup,Education,USA,Professional,149,24,4,4,74,36,,0.0
CUST_003531,2020-12-21,Startup,Finance,Other,Enterprise,999,12,1,0,96,20,,0.0
CUST_003532,2024-05-24,Startup,Technology,UK,Business,399,1,2,0,68,-3,,0.0
CUST_003533,2024-06-13,Small Business,Finance,Germany,Basic,49,12,4,2,83,35,,0.0
CUST_003534,2023-07-07,Small Business,Education,USA,Basic,49,12,3,0,51,19,,0.0
CUST_003535,2021-09-29,Mid-Market,Retail,USA,Professional,149,12,30,0,53,-25,2023-04-08,1.0
CUST_003536,2022-01-12,Startup,Manufacturing,UK,Business,399,24,4,3,87,20,,0.0
CUST_003537,2023-08-11,Mid-Market,Technology,Germany,Basic,49,24,16,3,100,18,,0.0
CUST_003538,2022-10-06,Enterprise,Other,UK,Basic,49,12,272,2,81,22,,0.0
CUST_003539,2022-07-19,Mid-Market,Finance,Australia,Business,399,24,11,4,28,-18,,0.0
CUST_003540,2021-10-02,Startup,Retail,UK,Professional,149,12,3,1,43,54,,0.0
CUST_003541,2022-03-02,Small Business,Technology,USA,Professional,149,1,3,0,57,75,,0.0
CUST_003542,2023-08-29,Small Business,Technology,Other,Basic,49,12,5,1,73,27,,0.0
CUST_003543,2021-09-03,Startup,Education,UK,Basic,49,24,1,6,53,18,2023-06-07,1.0
CUST_003544,2022-03-19,Startup,Other,USA,Basic,49,12,3,2,76,40,,0.0
CUST_003545,2023-04-20,Mid-Market,Healthcare,USA,Basic,49,36,18,3,43,40,2023-12-07,1.0
CUST_003546,2021-11-16,Mid-Market,Technology,France,Enterprise,999,1,32,4,85,4,,0.0
CUST_003547,2023-10-19,Startup,Healthcare,France,Basic,49,24,3,2,68,55,,0.0
CUST_003548,2020-07-06,Startup,Technology,USA,Professional,149,24,2,2,78,3,2020-10-23,1.0
CUST_003549,2024-05-11,Small Business,Technology,USA,Professional,149,24,3,2,27,-16,,0.0
CUST_003550,2024-04-15,Small Business,Manufacturing,Germany,Basic,49,12,4,1,71,21,,0.0
CUST_003551,2024-06-07,Mid-Market,Other,Other,Business,399,12,17,1,49,37,,0.0
CUST_003552,2024-08-14,Startup,Technology,USA,Business,399,12,3,0,65,20,,0.0
CUST_003553,2022-09-11,Small Business,Retail,Australia,Enterprise,999,12,5,3,56,58,,0.0
CUST_003554,2021-07-01,Small Business,Healthcare,USA,Basic,49,24,3,0,49,26,,0.0
CUST_003555,2021-12-25,Enterprise,Technology,USA,Basic,49,1,211,0,64,80,,0.0
CUST_003556,2022-07-14,Startup,Technology,USA,Basic,49,12,4,2,77,65,,0.0
CUST_003557,2023-12-02,Small Business,Retail,USA,Basic,49,1,4,0,92,-33,,0.0
CUST_003558,2022-05-25,Mid-Market,Technology,USA,Professional,149,12,27,2,54,11,,0.0
CUST_003559,2021-09-09,Small Business,Finance,Other,Business,399,24,3,3,86,-2,,0.0
CUST_003560,2021-02-17,Small Business,Technology,USA,Basic,49,1,7,1,90,51,,0.0
CUST_003561,2023-09-27,Small Business,Healthcare,USA,Enterprise,999,24,5,2,45,58,,0.0
CUST_003562,2023-05-28,Small Business,Technology,USA,Professional,149,1,5,0,70,56,,0.0
CUST_003563,2022-06-21,Small Business,Real Estate,France,Professional,149,12,6,0,81,-23,,0.0
CUST_003564,2020-06-11,Startup,Manufacturing,Other,Basic,49,12,2,2,60,19,,0.0
CUST_003565,2023-05-28,Enterprise,Real Estate,USA,Basic,49,1,142,3,63,69,,0.0
CUST_003566,2020-09-26,Mid-Market,Healthcare,UK,Business,399,1,23,0,75,44,,0.0
CUST_003567,2021-09-23,Mid-Market,Healthcare,USA,Basic,49,24,37,0,64,-67,,0.0
CUST_003568,2022-06-24,Small Business,Healthcare,UK,Business,399,12,3,2,63,100,,0.0
CUST_003569,2023-11-24,Small Business,Technology,USA,Professional,149,1,4,1,51,31,,0.0
CUST_003570,2023-04-20,Startup,Manufacturing,UK,Business,399,24,3,1,53,45,,0.0
CUST_003571,2024-06-29,Small Business,Healthcare,Germany,Business,399,1,9,2,52,30,,0.0
CUST_003572,2024-10-18,Small Business,Healthcare,Canada,Basic,49,24,2,2,57,8,,0.0
CUST_003573,2020-07-23,Startup,Retail,USA,Professional,149,12,4,0,63,-41,2022-05-21,1.0
CUST_003574,2021-08-04,Mid-Market,Finance,USA,Basic,49,1,17,1,53,11,2022-03-16,1.0
CUST_003575,2024-04-28,Startup,Other,Canada,Professional,149,1,2,4,47,48,,0.0
CUST_003576,2022-04-20,Small Business,Healthcare,Canada,Basic,49,12,9,5,47,21,,0.0
CUST_003577,2023-06-05,Small Business,Retail,USA,Professional,149,1,6,0,64,44,,0.0
CUST_003578,2024-09-15,Small Business,Healthcare,Australia,Basic,49,1,9,0,34,9,,0.0
CUST_003579,2024-06-30,Small Business,Other,UK,Enterprise,999,24,5,4,81,19,,0.0
CUST_003580,2021-08-18,Mid-Market,Finance,USA,Professional,149,12,46,0,90,47,,0.0
CUST_003581,2020-09-06,Small Business,Retail,USA,Enterprise,999,12,5,2,90,22,,0.0
CUST_003582,2022-05-24,Small Business,Technology,Other,Basic,49,12,6,3,58,13,2024-04-07,1.0
CUST_003583,2024-01-04,Startup,Manufacturing,USA,Professional,149,12,2,2,54,53,,0.0
CUST_003584,2024-04-05,Small Business,Healthcare,Other,Basic,49,12,4,1,53,26,,0.0
CUST_003585,2020-07-14,Startup,Finance,UK,Professional,149,12,3,3,45,-4,,0.0
CUST_003586,2021-11-20,Small Business,Real Estate,USA,Business,399,36,5,0,78,24,,0.0
CUST_003587,2024-03-22,Small Business,Other,Germany,Enterprise,999,12,7,0,26,14,,0.0
CUST_003588,2022-12-29,Startup,Finance,USA,Basic,49,12,4,2,54,-8,2024-05-13,1.0
CUST_003589,2021-09-30,Small Business,Education,USA,Enterprise,999,1,6,1,53,100,,0.0
CUST_003590,2023-11-23,Startup,Technology,USA,Business,399,1,3,0,56,2,,0.0
CUST_003591,2021-11-02,Small Business,Education,Australia,Enterprise,999,1,8,0,53,40,,0.0
CUST_003592,2024-11-18,Small Business,Retail,UK,Professional,149,12,5,1,67,19,,0.0
CUST_003593,2023-05-11,Enterprise,Finance,USA,Enterprise,999,12,102,2,77,78,,0.0
CUST_003594,2023-03-17,Small Business,Real Estate,USA,Business,399,1,8,0,71,81,,0.0
CUST_003595,2024-02-04,Mid-Market,Education,Canada,Basic,49,24,43,2,45,49,,0.0
CUST_003596,2024-08-05,Small Business,Healthcare,USA,Basic,49,12,2,1,29,61,,0.0
CUST_003597,2022-08-01,Mid-Market,Education,USA,Basic,49,36,33,0,99,-35,,0.0
CUST_003598,2020-07-17,Mid-Market,Technology,USA,Professional,149,12,45,3,83,78,,0.0
CUST_003599,2023-12-20,Mid-Market,Education,Canada,Business,399,24,37,3,100,57,,0.0
CUST_003600,2024-08-16,Mid-Market,Manufacturing,USA,Business,399,24,29,0,73,2,,0.0
CUST_003601,2021-05-06,Mid-Market,Technology,UK,Business,399,24,27,1,93,5,,0.0
CUST_003602,2022-06-14,Startup,Manufacturing,Germany,Professional,149,12,1,3,29,23,,0.0
CUST_003603,2020-05-21,Startup,Retail,Other,Basic,49,12,2,2,38,100,2020-11-03,1.0
CUST_003604,2023-08-29,Small Business,Retail,France,Basic,49,12,9,2,52,19,,0.0
CUST_003605,2020-06-13,Startup,Healthcare,UK,Business,399,12,4,2,67,1,,0.0
CUST_003606,2020-11-09,Mid-Market,Healthcare,Germany,Basic,49,1,34,1,51,2,,0.0
CUST_003607,2020-01-21,Startup,Manufacturing,Other,Basic,49,12,2,3,85,-46,,0.0
CUST_003608,2023-01-10,Mid-Market,Healthcare,UK,Professional,149,1,14,2,83,59,,0.0
CUST_003609,2024-05-23,Mid-Market,Finance,UK,Basic,49,1,40,3,84,60,,0.0
CUST_003610,2023-02-28,Small Business,Manufacturing,USA,Basic,49,1,2,3,78,-86,,0.0
CUST_003611,2024-06-10,Mid-Market,Technology,Australia,Basic,49,12,43,9,71,88,,0.0
CUST_003612,2024-10-19,Small Business,Retail,USA,Enterprise,999,1,6,2,97,22,,0.0
CUST_003613,2022-09-10,Small Business,Retail,USA,Basic,49,12,4,2,100,4,,0.0
CUST_003614,2020-10-31,Startup,Manufacturing,UK,Business,399,24,2,1,60,-33,,0.0
CUST_003615,2021-01-05,Small Business,Healthcare,Australia,Basic,49,12,5,1,47,-22,,0.0
CUST_003616,2022-05-02,Mid-Market,Finance,UK,Business,399,36,14,0,89,46,2022-08-19,1.0
CUST_003617,2021-01-18,Small Business,Healthcare,France,Professional,149,1,7,1,100,66,2022-08-03,1.0
CUST_003618,2021-03-20,Mid-Market,Education,Australia,Business,399,24,30,1,100,-12,,0.0
CUST_003619,2021-02-28,Small Business,Technology,UK,Business,399,1,2,2,77,-44,,0.0
CUST_003620,2020-06-09,Enterprise,Other,Canada,Professional,149,36,273,5,61,19,,0.0
CUST_003621,2023-04-16,Small Business,Retail,UK,Enterprise,999,1,8,2,42,-11,,0.0
CUST_003622,2021-09-20,Small Business,Real Estate,Other,Professional,149,24,4,2,63,33,,0.0
CUST_003623,2024-09-27,Small Business,Finance,Germany,Business,399,1,8,2,46,67,,0.0
CUST_003624,2022-06-13,Startup,Healthcare,Other,Professional,149,12,1,2,43,-10,,0.0
CUST_003625,2021-05-04,Startup,Real Estate,USA,Enterprise,999,1,4,1,84,47,,0.0
CUST_003626,2022-10-13,Small Business,Technology,USA,Business,399,12,5,2,55,76,,0.0
CUST_003627,2020-11-22,Small Business,Technology,USA,Basic,49,12,5,1,64,36,,0.0
CUST_003628,2021-08-20,Mid-Market,Healthcare,UK,Professional,149,36,28,3,96,48,,0.0
CUST_003629,2022-10-11,Small Business,Other,Australia,Business,399,12,9,3,23,0,,0.0
CUST_003630,2020-10-15,Mid-Market,Retail,USA,Business,399,12,33,3,45,81,2022-01-29,1.0
CUST_003631,2021-08-15,Mid-Market,Retail,USA,Enterprise,999,1,43,2,81,49,,0.0
CUST_003632,2024-08-14,Startup,Manufacturing,USA,Basic,49,12,2,3,55,-10,,0.0
CUST_003633,2024-05-15,Small Business,Finance,UK,Professional,149,1,3,0,54,100,,0.0
CUST_003634,2021-07-26,Small Business,Manufacturing,USA,Professional,149,24,7,2,71,-59,,0.0
CUST_003635,2023-10-09,Mid-Market,Healthcare,USA,Basic,49,1,40,5,61,74,,0.0
CUST_003636,2020-01-28,Small Business,Education,France,Professional,149,12,8,1,25,-18,,0.0
CUST_003637,2022-08-11,Enterprise,Healthcare,USA,Professional,149,12,95,4,52,31,,0.0
CUST_003638,2020-02-12,Enterprise,Healthcare,Canada,Basic,49,12,454,0,34,78,,0.0
CUST_003639,2024-08-31,Enterprise,Finance,UK,Basic,49,12,382,2,82,-24,,0.0
CUST_003640,2021-02-26,Small Business,Finance,Germany,Basic,49,1,2,1,37,44,,0.0
CUST_003641,2024-06-09,Small Business,Retail,USA,Business,399,1,5,2,37,-49,,0.0
CUST_003642,2020-06-25,Enterprise,Healthcare,Other,Professional,149,36,277,2,39,18,,0.0
CUST_003643,2021-06-12,Small Business,Technology,Canada,Basic,49,12,6,3,81,87,2022-12-01,1.0
CUST_003644,2024-06-21,Mid-Market,Finance,USA,Professional,149,24,33,3,52,21,,0.0
CUST_003645,2022-08-23,Small Business,Retail,USA,Basic,49,12,3,1,91,67,,0.0
CUST_003646,2024-02-26,Startup,Technology,USA,Enterprise,999,12,3,3,82,62,,0.0
CUST_003647,2020-07-16,Small Business,Retail,France,Basic,49,1,9,3,87,-21,,0.0
CUST_003648,2021-09-01,Startup,Healthcare,Canada,Business,399,12,1,4,58,-29,2022-02-25,1.0
CUST_003649,2024-05-19,Startup,Healthcare,USA,Professional,149,12,1,1,40,55,,0.0
CUST_003650,2022-04-21,Small Business,Healthcare,USA,Business,399,12,2,0,58,46,2023-02-04,1.0
CUST_003651,2022-05-02,Small Business,Other,Australia,Basic,49,36,8,2,6,-7,,0.0
CUST_003652,2024-03-20,Startup,Manufacturing,Australia,Basic,49,1,1,1,76,17,,0.0
CUST_003653,2024-03-17,Small Business,Healthcare,Canada,Business,399,24,2,4,70,39,,0.0
CUST_003654,2020-01-22,Mid-Market,Retail,UK,Basic,49,12,43,2,51,2,2021-05-24,1.0
CUST_003655,2023-02-09,Startup,Education,France,Business,399,1,1,2,54,67,2024-09-28,1.0
CUST_003656,2022-12-16,Small Business,Finance,Germany,Basic,49,1,8,4,87,29,2024-08-17,1.0
CUST_003657,2022-12-25,Mid-Market,Education,UK,Business,399,12,19,1,74,21,,0.0
CUST_003658,2022-04-21,Small Business,Technology,USA,Enterprise,999,12,9,2,94,14,,0.0
CUST_003659,2020-04-07,Startup,Education,France,Enterprise,999,1,1,2,47,48,,0.0
CUST_003660,2023-03-13,Small Business,Finance,USA,Professional,149,12,8,4,39,25,2023-10-07,1.0
CUST_003661,2021-03-10,Small Business,Technology,USA,Professional,149,1,6,1,72,-45,,0.0
CUST_003662,2021-09-28,Startup,Finance,Australia,Enterprise,999,12,1,0,80,100,,0.0
CUST_003663,2024-08-29,Small Business,Other,Canada,Business,399,1,7,2,71,-57,,0.0
CUST_003664,2023-01-14,Small Business,Education,Australia,Basic,49,24,2,1,56,85,,0.0
CUST_003665,2021-08-10,Small Business,Retail,UK,Professional,149,1,7,1,100,-4,,0.0
CUST_003666,2020-12-09,Small Business,Technology,Other,Basic,49,36,5,4,100,7,,0.0
CUST_003667,2023-08-10,Small Business,Finance,USA,Enterprise,999,1,7,1,50,100,,0.0
CUST_003668,2021-07-24,Small Business,Healthcare,Germany,Basic,49,12,9,1,52,-65,,0.0
CUST_003669,2024-07-31,Small Business,Technology,USA,Professional,149,1,7,1,49,25,,0.0
CUST_003670,2021-09-02,Startup,Finance,USA,Business,399,1,4,0,92,82,,0.0
CUST_003671,2024-09-23,Mid-Market,Real Estate,USA,Enterprise,999,24,44,2,83,5,,0.0
CUST_003672,2020-08-30,Mid-Market,Manufacturing,Germany,Business,399,12,20,4,79,44,,0.0
CUST_003673,2021-07-14,Small Business,Technology,USA,Basic,49,1,8,3,61,75,,0.0
CUST_003674,2022-08-17,Startup,Retail,UK,Professional,149,1,3,4,82,25,,0.0
CUST_003675,2020-02-01,Mid-Market,Other,USA,Enterprise,999,1,16,0,72,85,,0.0
CUST_003676,2021-01-25,Mid-Market,Manufacturing,USA,Business,399,36,14,4,61,28,,0.0
CUST_003677,2020-10-03,Enterprise,Manufacturing,Canada,Business,399,24,108,2,72,7,,0.0
CUST_003678,2021-06-15,Small Business,Other,Other,Business,399,12,9,3,96,48,,0.0
CUST_003679,2023-03-23,Mid-Market,Education,USA,Basic,49,12,39,1,80,75,,0.0
CUST_003680,2021-01-17,Small Business,Technology,Canada,Business,399,24,7,5,45,0,2022-05-31,1.0
CUST_003681,2022-12-27,Small Business,Healthcare,Other,Basic,49,12,8,2,48,19,,0.0
CUST_003682,2022-06-02,Startup,Other,Germany,Professional,149,24,2,1,80,-16,,0.0
CUST_003683,2020-08-01,Small Business,Finance,Germany,Business,399,12,4,3,51,14,,0.0
CUST_003684,2024-08-05,Mid-Market,Technology,USA,Basic,49,1,23,3,72,8,,0.0
CUST_003685,2021-01-10,Small Business,Finance,UK,Professional,149,24,7,2,52,40,,0.0
CUST_003686,2022-01-13,Startup,Manufacturing,USA,Basic,49,12,2,2,81,-42,,0.0
CUST_003687,2020-07-31,Small Business,Other,UK,Basic,49,12,2,2,43,21,,0.0
CUST_003688,2020-03-19,Startup,Healthcare,France,Business,399,1,1,1,71,60,,0.0
CUST_003689,2024-10-15,Startup,Finance,UK,Business,399,12,3,1,56,48,,0.0
CUST_003690,2021-09-19,Enterprise,Real Estate,USA,Basic,49,12,361,3,63,62,,0.0
CUST_003691,2021-08-26,Small Business,Healthcare,Other,Professional,149,12,8,4,67,58,2023-06-21,1.0
CUST_003692,2022-02-20,Mid-Market,Technology,UK,Professional,149,12,29,1,87,60,,0.0
CUST_003693,2023-11-05,Small Business,Other,Other,Basic,49,12,6,3,63,-11,,0.0
CUST_003694,2022-09-27,Mid-Market,Finance,Canada,Business,399,12,35,2,84,0,2024-08-24,1.0
CUST_003695,2021-11-10,Mid-Market,Finance,USA,Professional,149,36,30,1,47,63,,0.0
CUST_003696,2020-02-27,Startup,Retail,Canada,Business,399,24,1,3,32,-52,,0.0
CUST_003697,2024-12-24,Mid-Market,Technology,Canada,Basic,49,12,21,3,74,-42,,0.0
CUST_003698,2022-11-15,Startup,Other,USA,Basic,49,12,1,3,58,17,,0.0
CUST_003699,2022-05-30,Enterprise,Healthcare,UK,Basic,49,12,261,2,44,27,2023-02-26,1.0
CUST_003700,2021-03-22,Enterprise,Healthcare,UK,Basic,49,24,175,0,44,6,2022-09-29,1.0
CUST_003701,2020-03-06,Startup,Technology,Canada,Business,399,12,2,2,47,-44,2021-12-01,1.0
CUST_003702,2024-11-18,Small Business,Healthcare,USA,Basic,49,24,8,2,71,75,,0.0
CUST_003703,2023-07-01,Small Business,Education,Canada,Basic,49,1,7,3,57,3,,0.0
CUST_003704,2022-12-03,Mid-Market,Education,USA,Enterprise,999,1,11,2,36,-28,,0.0
CUST_003705,2023-01-25,Small Business,Other,UK,Professional,149,1,7,3,53,-78,,0.0
CUST_003706,2024-04-26,Small Business,Finance,USA,Basic,49,12,6,5,49,63,,0.0
CUST_003707,2022-10-08,Small Business,Manufacturing,USA,Enterprise,999,12,6,3,43,26,2024-02-19,1.0
CUST_003708,2020-08-14,Small Business,Finance,USA,Basic,49,1,5,2,84,-5,,0.0
CUST_003709,2022-02-12,Startup,Education,USA,Business,399,12,2,0,63,63,,0.0
CUST_003710,2021-11-09,Small Business,Manufacturing,UK,Basic,49,1,8,3,100,52,,0.0
CUST_003711,2023-12-30,Startup,Healthcare,Other,Professional,149,1,3,2,80,35,,0.0
CUST_003712,2024-12-19,Small Business,Healthcare,UK,Professional,149,12,5,4,81,29,,0.0
CUST_003713,2021-08-23,Small Business,Healthcare,Canada,Basic,49,24,4,2,68,12,,0.0
CUST_003714,2021-01-13,Enterprise,Retail,Other,Professional,149,12,448,3,93,50,,0.0
CUST_003715,2023-04-16,Small Business,Other,Other,Professional,149,24,4,3,89,-43,,0.0
CUST_003716,2023-12-21,Startup,Technology,Australia,Business,399,12,4,3,69,14,,0.0
CUST_003717,2021-12-09,Mid-Market,Technology,USA,Business,399,1,47,4,9,-29,,0.0
CUST_003718,2020-11-02,Mid-Market,Technology,Canada,Professional,149,1,19,0,24,40,,0.0
CUST_003719,2022-02-17,Mid-Market,Education,France,Professional,149,36,34,2,50,64,,0.0
CUST_003720,2021-05-18,Mid-Market,Healthcare,Australia,Professional,149,12,28,4,69,31,2021-11-14,1.0
CUST_003721,2020-09-24,Startup,Technology,Canada,Business,399,12,4,2,36,20,,0.0
CUST_003722,2024-05-28,Startup,Healthcare,USA,Professional,149,36,1,2,73,-30,,0.0
CUST_003723,2020-01-08,Small Business,Retail,Other,Professional,149,1,4,2,67,43,,0.0
CUST_003724,2021-05-22,Enterprise,Finance,UK,Professional,149,12,263,2,62,63,,0.0
CUST_003725,2021-04-20,Small Business,Manufacturing,USA,Enterprise,999,12,3,3,66,24,,0.0
CUST_003726,2023-08-13,Small Business,Healthcare,USA,Professional,149,24,7,3,16,5,2024-03-31,1.0
CUST_003727,2020-06-12,Startup,Finance,UK,Basic,49,12,3,2,96,-7,,0.0
CUST_003728,2021-04-29,Small Business,Technology,USA,Professional,149,24,7,3,57,76,,0.0
CUST_003729,2024-06-08,Mid-Market,Technology,USA,Business,399,12,40,3,68,100,,0.0
CUST_003730,2022-12-31,Small Business,Finance,Other,Business,399,24,5,1,67,27,,0.0
CUST_003731,2021-07-20,Startup,Healthcare,USA,Business,399,12,4,2,52,27,,0.0
CUST_003732,2022-06-23,Small Business,Retail,UK,Business,399,1,8,1,66,38,,0.0
CUST_003733,2021-07-12,Small Business,Technology,Australia,Basic,49,12,9,2,44,64,,0.0
CUST_003734,2020-08-25,Mid-Market,Technology,UK,Professional,149,24,13,3,63,63,,0.0
CUST_003735,2023-02-01,Small Business,Real Estate,USA,Business,399,12,6,3,66,83,,0.0
CUST_003736,2023-05-18,Startup,Retail,UK,Basic,49,1,2,0,59,37,,0.0
CUST_003737,2021-07-07,Mid-Market,Manufacturing,USA,Professional,149,1,15,7,66,100,2022-09-30,1.0
CUST_003738,2022-04-07,Small Business,Education,USA,Business,399,1,8,0,77,55,,0.0
CUST_003739,2021-04-12,Mid-Market,Finance,Germany,Business,399,36,37,3,88,26,,0.0
CUST_003740,2024-01-17,Mid-Market,Manufacturing,Other,Enterprise,999,1,22,2,100,79,,0.0
CUST_003741,2023-07-15,Enterprise,Finance,Germany,Enterprise,999,12,223,3,77,100,,0.0
CUST_003742,2021-01-20,Mid-Market,Technology,USA,Basic,49,12,19,2,59,5,,0.0
CUST_003743,2022-02-13,Small Business,Healthcare,UK,Enterprise,999,24,8,0,42,17,2023-04-02,1.0
CUST_003744,2022-04-27,Enterprise,Finance,USA,Basic,49,24,83,3,54,39,,0.0
CUST_003745,2021-01-21,Mid-Market,Healthcare,UK,Business,399,36,38,3,37,0,,0.0
CUST_003746,2022-05-26,Startup,Healthcare,USA,Basic,49,12,2,1,59,69,2022-11-15,1.0
CUST_003747,2020-09-15,Small Business,Healthcare,Australia,Basic,49,24,7,6,70,14,,0.0
CUST_003748,2020-10-09,Small Business,Technology,USA,Enterprise,999,1,4,2,72,11,,0.0
CUST_003749,2024-07-07,Small Business,Technology,USA,Basic,49,12,4,1,68,51,,0.0
CUST_003750,2020-02-09,Small Business,Technology,UK,Business,399,24,3,1,69,99,,0.0
CUST_003751,2021-04-30,Mid-Market,Technology,USA,Basic,49,12,23,1,71,-14,,0.0
CUST_003752,2022-07-17,Startup,Healthcare,Germany,Basic,49,24,3,3,89,-17,,0.0
CUST_003753,2020-08-07,Mid-Market,Retail,Other,Basic,49,12,12,1,46,33,2021-08-23,1.0
CUST_003754,2023-02-26,Small Business,Technology,USA,Professional,149,12,5,2,51,-28,,0.0
CUST_003755,2022-10-11,Mid-Market,Real Estate,USA,Basic,49,12,26,3,96,4,,0.0
CUST_003756,2022-10-20,Small Business,Education,Other,Basic,49,12,7,1,51,23,,0.0
CUST_003757,2024-03-23,Small Business,Finance,Germany,Business,399,1,4,1,91,69,,0.0
CUST_003758,2021-09-04,Small Business,Manufacturing,Other,Basic,49,1,5,3,90,-23,,0.0
CUST_003759,2022-07-16,Mid-Market,Healthcare,USA,Professional,149,24,28,1,53,20,,0.0
CUST_003760,2021-11-18,Small Business,Technology,USA,Enterprise,999,36,7,2,70,1,,0.0
CUST_003761,2024-06-30,Startup,Real Estate,USA,Professional,149,1,3,1,76,-6,,0.0
CUST_003762,2021-09-04,Startup,Technology,USA,Professional,149,12,4,5,100,36,,0.0
CUST_003763,2020-09-16,Enterprise,Other,Germany,Business,399,12,271,1,64,48,2022-03-10,1.0
CUST_003764,2022-09-16,Small Business,Retail,USA,Business,399,12,5,3,63,24,,0.0
CUST_003765,2022-08-23,Startup,Healthcare,UK,Business,399,12,3,2,80,45,,0.0
CUST_003766,2020-12-31,Small Business,Finance,USA,Enterprise,999,12,3,2,50,-14,,0.0
CUST_003767,2024-11-16,Small Business,Finance,France,Basic,49,12,9,1,65,49,,0.0
CUST_003768,2024-12-15,Startup,Technology,USA,Enterprise,999,24,2,3,21,54,,0.0
CUST_003769,2021-06-27,Startup,Healthcare,USA,Enterprise,999,12,1,1,100,55,,0.0
CUST_003770,2021-10-10,Small Business,Manufacturing,Canada,Business,399,12,8,3,97,-54,,0.0
CUST_003771,2024-03-27,Small Business,Finance,USA,Professional,149,12,6,4,64,58,,0.0
CUST_003772,2022-03-24,Mid-Market,Technology,UK,Business,399,12,10,1,46,48,2023-05-31,1.0
CUST_003773,2022-11-05,Small Business,Healthcare,UK,Basic,49,12,2,3,45,78,2024-08-30,1.0
CUST_003774,2023-02-26,Mid-Market,Real Estate,Australia,Business,399,12,17,0,76,-16,,0.0
CUST_003775,2021-07-28,Mid-Market,Finance,Canada,Basic,49,12,48,1,46,43,,0.0
CUST_003776,2023-02-06,Small Business,Finance,Canada,Business,399,12,2,0,40,15,,0.0
CUST_003777,2022-10-09,Mid-Market,Other,Other,Professional,149,12,17,0,37,-39,,0.0
CUST_003778,2024-04-05,Small Business,Healthcare,Other,Basic,49,12,3,1,67,33,,0.0
CUST_003779,2021-10-31,Small Business,Finance,Germany,Business,399,24,8,4,69,-44,,0.0
CUST_003780,2020-09-25,Small Business,Education,UK,Professional,149,12,8,2,100,19,2022-01-19,1.0
CUST_003781,2023-03-31,Small Business,Manufacturing,Canada,Business,399,12,4,2,51,23,,0.0
CUST_003782,2023-07-07,Startup,Healthcare,USA,Basic,49,24,2,2,76,4,,0.0
CUST_003783,2022-07-12,Enterprise,Technology,Other,Business,399,1,469,4,51,39,,0.0
CUST_003784,2023-01-30,Startup,Manufacturing,Germany,Professional,149,1,3,4,47,-26,2023-08-17,1.0
CUST_003785,2024-03-09,Startup,Healthcare,USA,Professional,149,12,1,2,74,-5,,0.0
CUST_003786,2024-10-24,Small Business,Real Estate,USA,Professional,149,1,9,5,85,97,,0.0
CUST_003787,2024-05-13,Small Business,Technology,USA,Business,399,12,5,3,61,7,,0.0
CUST_003788,2020-09-03,Startup,Healthcare,USA,Business,399,1,4,1,39,8,2022-05-18,1.0
CUST_003789,2024-07-21,Mid-Market,Technology,USA,Professional,149,24,26,2,80,-3,,0.0
CUST_003790,2024-12-23,Small Business,Manufacturing,UK,Professional,149,12,9,4,75,71,,0.0
CUST_003791,2024-04-09,Small Business,Real Estate,USA,Professional,149,12,4,2,77,45,,0.0
CUST_003792,2020-05-10,Mid-Market,Retail,Canada,Enterprise,999,12,18,5,100,-12,,0.0
CUST_003793,2020-12-18,Startup,Other,USA,Business,399,12,1,0,47,39,,0.0
CUST_003794,2020-07-14,Startup,Technology,USA,Professional,149,1,3,1,80,71,,0.0
CUST_003795,2024-12-21,Startup,Technology,UK,Basic,49,24,2,3,77,54,,0.0
CUST_003796,2022-07-18,Mid-Market,Education,Australia,Professional,149,1,40,2,64,64,,0.0
CUST_003797,2024-08-16,Enterprise,Real Estate,UK,Business,399,1,116,0,66,96,,0.0
CUST_003798,2023-11-06,Small Business,Education,UK,Basic,49,1,3,0,73,-20,,0.0
CUST_003799,2022-10-18,Enterprise,Education,Canada,Business,399,1,156,0,77,49,,0.0
CUST_003800,2021-10-06,Small Business,Healthcare,USA,Basic,49,24,6,3,49,0,2022-01-16,1.0
CUST_003801,2020-08-14,Small Business,Technology,USA,Basic,49,12,8,1,84,-2,,0.0
CUST_003802,2021-12-01,Small Business,Real Estate,USA,Basic,49,12,7,3,76,36,,0.0
CUST_003803,2024-02-08,Small Business,Healthcare,Canada,Business,399,36,2,0,53,-12,,0.0
CUST_003804,2024-02-09,Small Business,Healthcare,Germany,Enterprise,999,1,9,0,73,22,,0.0
CUST_003805,2020-09-21,Mid-Market,Manufacturing,Germany,Basic,49,12,16,3,74,82,,0.0
CUST_003806,2023-10-27,Mid-Market,Healthcare,USA,Professional,149,24,24,1,74,61,,0.0
CUST_003807,2024-02-18,Small Business,Education,France,Basic,49,24,7,4,64,-22,,0.0
CUST_003808,2023-12-28,Small Business,Technology,USA,Business,399,1,3,2,46,-32,,0.0
CUST_003809,2021-10-07,Startup,Education,USA,Business,399,12,4,1,48,20,,0.0
CUST_003810,2020-07-29,Startup,Retail,USA,Basic,49,1,1,1,98,5,,0.0
CUST_003811,2024-05-14,Startup,Retail,Canada,Basic,49,12,1,1,66,52,,0.0
CUST_003812,2023-11-01,Mid-Market,Finance,USA,Business,399,12,24,2,84,-12,,0.0
CUST_003813,2023-11-19,Enterprise,Healthcare,Canada,Business,399,24,264,1,66,39,,0.0
CUST_003814,2024-01-13,Mid-Market,Finance,Australia,Basic,49,1,15,0,44,45,,0.0
CUST_003815,2022-07-31,Small Business,Finance,USA,Professional,149,1,2,2,76,26,2023-06-17,1.0
CUST_003816,2023-10-19,Small Business,Retail,UK,Business,399,1,4,1,66,32,2024-10-29,1.0
CUST_003817,2021-04-01,Startup,Healthcare,USA,Professional,149,1,3,2,83,100,,0.0
CUST_003818,2021-12-25,Small Business,Technology,USA,Professional,149,1,5,2,61,23,,0.0
CUST_003819,2024-10-17,Startup,Technology,USA,Professional,149,36,2,0,54,63,,0.0
CUST_003820,2023-06-03,Startup,Manufacturing,Other,Professional,149,12,4,2,26,-15,2024-05-14,1.0
CUST_003821,2022-09-08,Enterprise,Technology,UK,Professional,149,1,283,1,79,5,2024-01-05,1.0
CUST_003822,2023-02-28,Small Business,Real Estate,France,Enterprise,999,12,9,3,71,-3,,0.0
CUST_003823,2021-08-10,Small Business,Manufacturing,USA,Basic,49,24,3,3,53,67,,0.0
CUST_003824,2021-04-20,Mid-Market,Manufacturing,France,Professional,149,24,32,3,73,48,,0.0
CUST_003825,2024-12-26,Small Business,Education,Australia,Basic,49,24,4,2,44,62,,0.0
CUST_003826,2022-09-12,Small Business,Technology,Germany,Basic,49,1,3,5,100,26,,0.0
CUST_003827,2023-07-24,Mid-Market,Education,Other,Business,399,24,45,2,28,-33,,0.0
CUST_003828,2020-06-04,Small Business,Finance,USA,Enterprise,999,12,8,3,55,49,,0.0
CUST_003829,2024-11-18,Small Business,Real Estate,UK,Basic,49,12,2,1,58,42,,0.0
CUST_003830,2023-05-26,Enterprise,Real Estate,Canada,Enterprise,999,36,63,2,58,74,,0.0
CUST_003831,2020-07-08,Small Business,Technology,Canada,Basic,49,24,4,4,63,52,2021-08-26,1.0
CUST_003832,2023-12-11,Mid-Market,Healthcare,Australia,Professional,149,24,13,1,64,36,,0.0
CUST_003833,2022-09-07,Small Business,Finance,USA,Basic,49,1,8,2,68,47,,0.0
CUST_003834,2024-08-25,Mid-Market,Manufacturing,USA,Professional,149,12,45,4,58,65,,0.0
CUST_003835,2024-09-11,Startup,Healthcare,USA,Professional,149,36,3,3,49,63,,0.0
CUST_003836,2021-06-29,Small Business,Healthcare,Australia,Professional,149,12,9,2,70,12,,0.0
CUST_003837,2020-02-10,Mid-Market,Healthcare,Other,Professional,149,1,11,1,100,-26,,0.0
CUST_003838,2020-11-02,Small Business,Finance,Canada,Professional,149,24,8,1,40,58,,0.0
CUST_003839,2022-07-31,Small Business,Other,UK,Professional,149,1,5,0,56,30,,0.0
CUST_003840,2020-12-03,Small Business,Manufacturing,Canada,Professional,149,24,4,2,76,21,,0.0
CUST_003841,2023-08-30,Small Business,Finance,Canada,Business,399,24,7,3,91,72,,0.0
CUST_003842,2023-01-03,Small Business,Technology,USA,Business,399,12,9,3,100,20,,0.0
CUST_003843,2022-08-10,Mid-Market,Technology,Germany,Basic,49,12,48,2,88,46,,0.0
CUST_003844,2020-10-05,Enterprise,Finance,UK,Basic,49,12,480,1,50,84,,0.0
CUST_003845,2023-04-14,Small Business,Education,UK,Business,399,24,9,4,82,48,,0.0
CUST_003846,2022-06-14,Small Business,Healthcare,USA,Basic,49,12,5,2,72,1,,0.0
CUST_003847,2024-08-12,Small Business,Finance,France,Business,399,12,5,0,45,17,,0.0
CUST_003848,2020-09-29,Startup,Real Estate,Australia,Professional,149,12,1,2,56,32,2020-12-29,1.0
CUST_003849,2022-04-16,Small Business,Real Estate,Canada,Professional,149,12,8,3,28,55,,0.0
CUST_003850,2021-09-11,Startup,Technology,Germany,Basic,49,12,4,2,30,50,2022-02-17,1.0
CUST_003851,2024-08-01,Mid-Market,Technology,UK,Enterprise,999,24,30,3,51,5,,0.0
CUST_003852,2022-05-11,Enterprise,Healthcare,Canada,Enterprise,999,36,248,2,67,50,,0.0
CUST_003853,2024-12-11,Startup,Manufacturing,USA,Enterprise,999,1,1,1,85,100,,0.0
CUST_003854,2022-07-19,Small Business,Other,France,Basic,49,1,5,2,58,42,,0.0
CUST_003855,2020-10-15,Startup,Technology,UK,Business,399,12,1,0,47,8,,0.0
CUST_003856,2021-12-24,Mid-Market,Technology,Germany,Professional,149,12,18,3,100,80,,0.0
CUST_003857,2022-06-11,Small Business,Real Estate,Canada,Business,399,12,7,0,42,1,2023-12-25,1.0
CUST_003858,2020-09-28,Startup,Manufacturing,Germany,Basic,49,36,3,3,45,85,,0.0
CUST_003859,2022-12-25,Enterprise,Other,France,Business,399,1,416,3,56,23,,0.0
CUST_003860,2021-04-27,Startup,Healthcare,UK,Enterprise,999,1,1,4,96,54,,0.0
CUST_003861,2022-07-24,Small Business,Finance,France,Basic,49,1,7,0,79,6,,0.0
CUST_003862,2020-09-04,Small Business,Technology,UK,Basic,49,24,7,0,53,48,2022-02-20,1.0
CUST_003863,2020-06-04,Small Business,Technology,Other,Basic,49,1,7,2,61,44,,0.0
CUST_003864,2022-12-06,Startup,Retail,France,Basic,49,12,3,3,63,71,,0.0
CUST_003865,2021-03-29,Enterprise,Healthcare,USA,Professional,149,12,50,2,30,16,,0.0
CUST_003866,2020-07-19,Mid-Market,Technology,France,Business,399,12,40,2,72,81,,0.0
CUST_003867,2024-08-10,Startup,Real Estate,Canada,Basic,49,1,3,1,65,47,,0.0
CUST_003868,2020-05-03,Startup,Technology,Other,Professional,149,12,3,2,61,-54,,0.0
CUST_003869,2020-01-01,Enterprise,Manufacturing,Germany,Professional,149,12,166,0,70,42,2020-06-21,1.0
CUST_003870,2022-08-25,Small Business,Healthcare,USA,Basic,49,36,4,1,80,-66,,0.0
CUST_003871,2024-11-17,Small Business,Education,USA,Professional,149,24,9,2,64,-23,,0.0
CUST_003872,2022-05-04,Small Business,Technology,UK,Basic,49,12,3,4,61,17,,0.0
CUST_003873,2021-10-01,Mid-Market,Manufacturing,Australia,Professional,149,36,48,1,80,-40,,0.0
CUST_003874,2020-07-09,Small Business,Technology,Germany,Basic,49,1,4,1,41,-1,2021-08-01,1.0
CUST_003875,2024-05-21,Mid-Market,Finance,USA,Business,399,24,42,2,39,25,,0.0
CUST_003876,2021-05-30,Startup,Manufacturing,Germany,Basic,49,12,4,3,61,25,,0.0
CUST_003877,2021-03-17,Startup,Technology,Canada,Enterprise,999,12,3,2,80,-7,,0.0
CUST_003878,2020-05-22,Small Business,Healthcare,USA,Business,399,1,5,1,63,34,,0.0
CUST_003879,2023-04-29,Mid-Market,Real Estate,USA,Basic,49,12,21,3,85,84,,0.0
CUST_003880,2021-06-16,Mid-Market,Real Estate,USA,Professional,149,1,38,3,60,25,2023-04-28,1.0
CUST_003881,2020-08-14,Small Business,Technology,USA,Basic,49,12,9,1,97,8,,0.0
CUST_003882,2023-08-29,Small Business,Technology,USA,Business,399,1,9,3,61,45,,0.0
CUST_003883,2024-07-10,Small Business,Technology,USA,Professional,149,24,6,2,78,-11,,0.0
CUST_003884,2022-08-06,Small Business,Technology,Australia,Business,399,12,2,3,79,72,,0.0
CUST_003885,2023-08-18,Small Business,Other,USA,Basic,49,24,7,2,73,77,,0.0
CUST_003886,2024-08-04,Mid-Market,Retail,USA,Basic,49,24,38,0,67,100,,0.0
CUST_003887,2021-04-04,Enterprise,Finance,USA,Professional,149,1,210,5,60,49,2022-09-25,1.0
CUST_003888,2023-11-25,Enterprise,Other,UK,Basic,49,1,55,0,73,-12,,0.0
CUST_003889,2021-07-04,Mid-Market,Retail,UK,Professional,149,12,28,4,86,70,,0.0
CUST_003890,2021-01-27,Small Business,Retail,USA,Basic,49,36,8,4,90,-33,,0.0
CUST_003891,2024-11-22,Startup,Healthcare,Canada,Business,399,12,3,4,52,78,,0.0
CUST_003892,2022-04-24,Startup,Healthcare,Germany,Business,399,24,4,4,48,35,,0.0
CUST_003893,2023-05-15,Mid-Market,Retail,USA,Basic,49,24,22,0,43,10,,0.0
CUST_003894,2020-07-28,Mid-Market,Technology,Canada,Professional,149,36,11,2,40,13,2022-01-10,1.0
CUST_003895,2023-02-12,Mid-Market,Healthcare,UK,Professional,149,12,39,1,73,22,,0.0
CUST_003896,2024-10-26,Mid-Market,Technology,USA,Business,399,12,31,0,76,75,,0.0
CUST_003897,2021-10-07,Small Business,Technology,Germany,Professional,149,24,6,0,90,-43,,0.0
CUST_003898,2023-06-28,Small Business,Finance,France,Basic,49,24,5,2,66,46,,0.0
CUST_003899,2020-08-06,Mid-Market,Retail,Canada,Basic,49,12,16,3,58,62,2021-07-02,1.0
CUST_003900,2021-02-10,Mid-Market,Healthcare,USA,Professional,149,12,10,2,100,-13,,0.0
CUST_003901,2024-01-06,Enterprise,Healthcare,Other,Enterprise,999,12,172,1,58,99,,0.0
CUST_003902,2024-06-14,Mid-Market,Retail,UK,Business,399,12,13,1,38,78,,0.0
CUST_003903,2023-10-09,Small Business,Technology,USA,Basic,49,24,6,3,51,2,,0.0
CUST_003904,2022-06-06,Mid-Market,Finance,UK,Business,399,12,17,1,46,39,2024-04-10,1.0
CUST_003905,2021-07-11,Small Business,Manufacturing,Germany,Enterprise,999,1,9,3,84,-8,,0.0
CUST_003906,2021-07-03,Small Business,Technology,Australia,Basic,49,1,8,2,49,14,2023-01-28,1.0
CUST_003907,2020-05-21,Startup,Manufacturing,USA,Business,399,24,4,1,94,-32,2021-03-19,1.0
CUST_003908,2021-09-03,Startup,Manufacturing,USA,Professional,149,12,2,3,65,32,,0.0
CUST_003909,2021-05-15,Small Business,Technology,Canada,Business,399,12,2,3,70,-20,,0.0
CUST_003910,2022-04-19,Enterprise,Technology,Other,Professional,149,1,464,4,83,-9,,0.0
CUST_003911,2021-12-02,Small Business,Other,USA,Enterprise,999,12,5,5,86,47,2022-07-01,1.0
CUST_003912,2024-04-19,Startup,Technology,France,Basic,49,1,1,2,59,42,,0.0
CUST_003913,2024-08-09,Enterprise,Education,UK,Business,399,12,471,3,87,-6,,0.0
CUST_003914,2024-04-14,Small Business,Retail,France,Basic,49,12,4,1,69,-29,,0.0
CUST_003915,2024-03-10,Startup,Healthcare,UK,Professional,149,12,2,2,74,52,,0.0
CUST_003916,2021-08-18,Small Business,Technology,USA,Enterprise,999,36,7,1,32,57,,0.0
CUST_003917,2020-10-07,Enterprise,Finance,Germany,Business,399,1,394,1,78,71,,0.0
CUST_003918,2021-02-27,Enterprise,Finance,Other,Basic,49,1,76,1,45,71,,0.0
CUST_003919,2022-05-05,Small Business,Manufacturing,USA,Professional,149,1,6,4,92,44,,0.0
CUST_003920,2020-09-26,Mid-Market,Real Estate,UK,Basic,49,1,45,6,100,23,,0.0
CUST_003921,2020-06-02,Small Business,Education,USA,Basic,49,1,5,0,38,7,,0.0
CUST_003922,2021-09-05,Small Business,Healthcare,USA,Business,399,24,2,2,94,54,,0.0
CUST_003923,2024-10-16,Mid-Market,Real Estate,France,Professional,149,12,23,3,75,-7,,0.0
CUST_003924,2021-10-23,Startup,Education,USA,Professional,149,36,3,2,54,47,,0.0
CUST_003925,2020-03-23,Small Business,Real Estate,France,Business,399,1,3,4,31,-37,,0.0
CUST_003926,2024-07-03,Mid-Market,Finance,UK,Professional,149,12,44,4,2,54,,0.0
CUST_003927,2022-08-04,Startup,Manufacturing,Other,Basic,49,36,3,1,88,39,,0.0
CUST_003928,2022-06-17,Startup,Retail,USA,Professional,149,1,2,0,89,-4,,0.0
CUST_003929,2023-12-20,Small Business,Healthcare,USA,Enterprise,999,12,6,2,53,26,2024-12-17,1.0
CUST_003930,2023-07-22,Startup,Other,USA,Business,399,24,2,4,48,25,,0.0
CUST_003931,2024-10-02,Small Business,Technology,Australia,Professional,149,12,9,1,65,97,,0.0
CUST_003932,2020-10-10,Startup,Technology,UK,Basic,49,12,1,2,63,19,2022-07-10,1.0
CUST_003933,2022-09-06,Small Business,Real Estate,USA,Professional,149,12,5,5,84,41,,0.0
CUST_003934,2020-06-21,Small Business,Technology,Australia,Business,399,24,5,3,64,50,,0.0
CUST_003935,2023-09-12,Startup,Real Estate,Australia,Basic,49,12,1,2,84,19,,0.0
CUST_003936,2024-10-07,Small Business,Manufacturing,France,Professional,149,1,9,1,51,90,,0.0
CUST_003937,2022-12-22,Mid-Market,Technology,USA,Enterprise,999,36,23,1,69,34,,0.0
CUST_003938,2023-01-01,Small Business,Finance,USA,Professional,149,12,6,4,78,-59,,0.0
CUST_003939,2022-02-01,Small Business,Manufacturing,Germany,Professional,149,12,7,2,58,31,,0.0
CUST_003940,2024-07-17,Mid-Market,Retail,UK,Professional,149,24,14,3,63,100,,0.0
CUST_003941,2023-10-30,Startup,Other,USA,Basic,49,12,1,0,100,10,,0.0
CUST_003942,2021-09-24,Mid-Market,Real Estate,USA,Basic,49,1,11,0,92,46,,0.0
CUST_003943,2024-03-11,Mid-Market,Healthcare,Other,Enterprise,999,12,48,0,41,3,,0.0
CUST_003944,2022-02-25,Startup,Technology,USA,Basic,49,24,4,2,70,23,,0.0
CUST_003945,2022-07-31,Small Business,Other,Germany,Basic,49,12,5,1,25,76,2023-02-19,1.0
CUST_003946,2022-10-08,Enterprise,Finance,UK,Professional,149,36,106,0,74,60,,0.0
CUST_003947,2021-02-01,Small Business,Technology,Germany,Business,399,1,9,4,47,43,2021-12-29,1.0
CUST_003948,2023-02-17,Small Business,Education,Germany,Business,399,1,6,2,60,34,,0.0
CUST_003949,2022-07-22,Enterprise,Real Estate,UK,Basic,49,12,375,2,76,24,,0.0
CUST_003950,2023-12-31,Startup,Retail,USA,Business,399,12,1,0,70,40,,0.0
CUST_003951,2021-11-06,Small Business,Finance,France,Professional,149,1,8,5,48,75,2022-05-13,1.0
CUST_003952,2022-07-24,Small Business,Retail,USA,Professional,149,24,5,3,38,30,,0.0
CUST_003953,2021-04-09,Small Business,Manufacturing,France,Business,399,1,7,3,73,42,2023-03-24,1.0
CUST_003954,2020-10-12,Small Business,Real Estate,Germany,Basic,49,1,4,2,50,-15,,0.0
CUST_003955,2020-09-21,Mid-Market,Other,Canada,Enterprise,999,36,20,1,59,-3,,0.0
CUST_003956,2020-11-15,Mid-Market,Finance,USA,Professional,149,12,37,3,40,85,,0.0
CUST_003957,2021-11-03,Small Business,Education,USA,Professional,149,36,9,3,19,63,,0.0
CUST_003958,2023-10-31,Startup,Other,Germany,Professional,149,1,3,3,77,50,,0.0
CUST_003959,2022-03-30,Enterprise,Technology,USA,Basic,49,1,367,3,55,74,,0.0
CUST_003960,2020-03-29,Small Business,Technology,Other,Professional,149,24,5,2,49,42,,0.0
CUST_003961,2024-08-04,Startup,Real Estate,Other,Basic,49,24,4,3,92,41,,0.0
CUST_003962,2023-05-11,Mid-Market,Technology,USA,Basic,49,12,16,1,81,15,,0.0
CUST_003963,2022-03-31,Enterprise,Technology,USA,Business,399,1,73,0,72,40,,0.0
CUST_003964,2024-10-28,Mid-Market,Technology,UK,Business,399,12,18,5,66,-12,,0.0
CUST_003965,2022-09-27,Small Business,Healthcare,Other,Basic,49,1,3,1,38,-6,2023-09-22,1.0
CUST_003966,2020-11-29,Mid-Market,Technology,UK,Professional,149,24,43,2,76,-2,,0.0
CUST_003967,2020-08-09,Small Business,Healthcare,USA,Professional,149,1,2,4,90,95,2022-01-02,1.0
CUST_003968,2020-02-10,Small Business,Other,Germany,Professional,149,24,3,1,64,29,,0.0
CUST_003969,2024-09-27,Small Business,Manufacturing,USA,Basic,49,12,2,0,88,44,,0.0
CUST_003970,2020-03-08,Mid-Market,Manufacturing,USA,Business,399,12,49,1,47,5,,0.0
CUST_003971,2022-09-14,Small Business,Technology,USA,Basic,49,24,7,2,35,23,,0.0
CUST_003972,2024-12-04,Startup,Manufacturing,Canada,Enterprise,999,1,3,0,52,10,,0.0
CUST_003973,2021-05-28,Startup,Manufacturing,USA,Professional,149,24,1,2,69,-19,,0.0
CUST_003974,2024-07-18,Startup,Retail,UK,Business,399,1,2,5,65,-1,,0.0
CUST_003975,2024-07-03,Small Business,Technology,Australia,Basic,49,12,3,3,59,-34,2024-11-16,1.0
CUST_003976,2024-06-09,Small Business,Finance,UK,Business,399,12,5,2,75,38,,0.0
CUST_003977,2024-07-13,Mid-Market,Education,Germany,Basic,49,24,24,7,62,68,,0.0
CUST_003978,2023-02-24,Mid-Market,Manufacturing,USA,Business,399,1,43,0,36,15,,0.0
CUST_003979,2023-07-02,Mid-Market,Manufacturing,UK,Professional,149,12,29,2,75,49,,0.0
CUST_003980,2021-11-25,Small Business,Retail,USA,Professional,149,12,6,1,51,18,2023-08-18,1.0
CUST_003981,2022-11-05,Mid-Market,Finance,Canada,Basic,49,12,24,2,67,64,2023-05-15,1.0
CUST_003982,2021-04-21,Mid-Market,Manufacturing,USA,Basic,49,1,37,0,57,24,,0.0
CUST_003983,2022-12-21,Startup,Technology,USA,Business,399,12,1,2,36,88,,0.0
CUST_003984,2022-05-30,Mid-Market,Manufacturing,USA,Professional,149,1,12,1,71,14,,0.0
CUST_003985,2021-03-07,Mid-Market,Other,USA,Professional,149,12,47,1,51,96,,0.0
CUST_003986,2024-08-20,Enterprise,Education,UK,Basic,49,24,483,2,46,-24,,0.0
CUST_003987,2020-09-24,Small Business,Healthcare,Canada,Basic,49,24,9,0,56,35,,0.0
CUST_003988,2022-11-24,Small Business,Healthcare,USA,Business,399,12,7,0,72,7,,0.0
CUST_003989,2022-02-17,Small Business,Retail,Germany,Business,399,12,4,2,65,48,,0.0
CUST_003990,2024-05-18,Small Business,Real Estate,UK,Basic,49,1,9,0,43,-19,,0.0
CUST_003991,2021-05-08,Startup,Retail,UK,Professional,149,12,1,2,57,-9,,0.0
CUST_003992,2024-05-04,Startup,Finance,Australia,Business,399,36,3,2,74,2,,0.0
CUST_003993,2024-02-01,Startup,Technology,USA,Business,399,12,3,3,64,-1,,0.0
CUST_003994,2024-11-25,Startup,Manufacturing,USA,Basic,49,12,2,4,45,18,,0.0
CUST_003995,2021-10-22,Small Business,Manufacturing,Canada,Business,399,24,5,4,79,-39,,0.0
CUST_003996,2023-09-10,Mid-Market,Other,Other,Professional,149,12,25,2,93,47,,0.0
CUST_003997,2023-08-20,Enterprise,Healthcare,UK,Business,399,12,86,0,54,57,,0.0
CUST_003998,2023-07-23,Enterprise,Manufacturing,Australia,Professional,149,1,353,0,63,-51,,0.0
CUST_003999,2024-09-03,Small Business,Finance,France,Professional,149,12,4,1,74,67,,0.0
CUST_004000,2022-10-09,Startup,Retail,UK,Professional,149,1,2,5,60,-11,,0.0
CUST_004001,2023-05-09,Small Business,Education,Canada,Professional,149,12,6,3,75,9,,0.0
CUST_004002,2024-01-08,Enterprise,Technology,UK,Professional,149,12,373,3,38,28,,0.0
CUST_004003,2023-09-09,Small Business,Healthcare,UK,Business,399,24,8,3,64,14,,0.0
CUST_004004,2022-11-24,Startup,Education,UK,Professional,149,1,4,1,83,-11,,0.0
CUST_004005,2022-09-03,Small Business,Retail,Germany,Basic,49,12,2,3,42,2,,0.0
CUST_004006,2021-04-26,Startup,Technology,UK,Basic,49,12,3,2,61,25,,0.0
CUST_004007,2021-12-28,Startup,Finance,USA,Business,399,1,3,1,39,15,,0.0
CUST_004008,2021-04-24,Startup,Retail,France,Business,399,12,2,2,63,7,,0.0
CUST_004009,2022-12-24,Startup,Real Estate,Germany,Business,399,1,3,0,81,12,,0.0
CUST_004010,2022-10-28,Small Business,Technology,Other,Basic,49,1,8,3,58,50,,0.0
CUST_004011,2023-08-17,Mid-Market,Education,UK,Professional,149,1,49,0,80,28,,0.0
CUST_004012,2020-12-08,Enterprise,Technology,USA,Basic,49,12,410,1,85,-32,2022-05-26,1.0
CUST_004013,2023-12-25,Small Business,Technology,USA,Enterprise,999,36,3,0,29,32,2024-03-25,1.0
CUST_004014,2023-12-18,Mid-Market,Technology,France,Basic,49,1,38,4,50,69,,0.0
CUST_004015,2020-11-27,Startup,Real Estate,USA,Professional,149,24,1,1,38,38,,0.0
CUST_004016,2021-03-13,Mid-Market,Technology,Other,Business,399,12,45,0,67,86,,0.0
CUST_004017,2024-05-30,Startup,Education,USA,Business,399,12,4,0,86,-36,,0.0
CUST_004018,2020-06-22,Small Business,Finance,Australia,Basic,49,12,7,2,70,12,2021-06-30,1.0
CUST_004019,2021-07-12,Mid-Market,Other,France,Basic,49,36,31,1,72,100,,0.0
CUST_004020,2021-06-10,Startup,Education,Australia,Professional,149,24,2,2,56,49,,0.0
CUST_004021,2021-10-20,Small Business,Manufacturing,USA,Professional,149,36,7,1,78,-25,,0.0
CUST_004022,2020-01-26,Small Business,Real Estate,Canada,Basic,49,24,7,2,68,49,,0.0
CUST_004023,2022-03-30,Mid-Market,Retail,USA,Business,399,1,48,3,89,21,,0.0
CUST_004024,2021-08-27,Small Business,Education,USA,Professional,149,36,2,3,68,62,,0.0
CUST_004025,2021-02-09,Mid-Market,Healthcare,USA,Business,399,36,48,4,35,20,,0.0
CUST_004026,2020-08-19,Small Business,Technology,Germany,Basic,49,1,4,2,40,66,2022-03-04,1.0
CUST_004027,2021-06-16,Small Business,Retail,USA,Basic,49,36,9,4,42,23,2022-07-17,1.0
CUST_004028,2024-04-22,Small Business,Finance,Other,Business,399,12,7,3,53,41,,0.0
CUST_004029,2024-12-16,Small Business,Finance,USA,Business,399,36,3,1,95,84,,0.0
CUST_004030,2021-05-19,Small Business,Finance,USA,Business,399,36,6,3,88,37,,0.0
CUST_004031,2024-08-19,Mid-Market,Healthcare,USA,Business,399,24,31,1,73,-16,,0.0
CUST_004032,2020-06-27,Startup,Retail,France,Basic,49,24,4,4,80,-9,,0.0
CUST_004033,2020-05-11,Mid-Market,Technology,USA,Basic,49,1,17,3,79,79,,0.0
CUST_004034,2024-01-18,Small Business,Other,Australia,Basic,49,1,2,1,85,-57,,0.0
CUST_004035,2020-12-13,Small Business,Real Estate,UK,Enterprise,999,1,6,1,44,0,,0.0
CUST_004036,2021-06-23,Startup,Other,Other,Professional,149,1,3,2,90,100,,0.0
CUST_004037,2022-02-10,Small Business,Healthcare,USA,Basic,49,12,4,1,66,15,,0.0
CUST_004038,2023-11-30,Small Business,Finance,UK,Basic,49,12,9,2,71,42,,0.0
CUST_004039,2020-03-16,Small Business,Other,Germany,Business,399,12,3,0,87,-1,,0.0
CUST_004040,2021-08-01,Small Business,Real Estate,Australia,Business,399,24,3,0,70,47,,0.0
CUST_004041,2022-05-03,Mid-Market,Education,UK,Enterprise,999,24,12,1,47,60,2023-12-03,1.0
CUST_004042,2024-02-24,Small Business,Finance,Australia,Professional,149,12,6,2,61,15,,0.0
CUST_004043,2020-07-12,Small Business,Retail,USA,Professional,149,12,9,0,79,33,,0.0
CUST_004044,2023-03-31,Startup,Education,Germany,Basic,49,1,2,0,53,-15,,0.0
CUST_004045,2020-12-12,Small Business,Healthcare,USA,Basic,49,1,9,2,53,8,,0.0
CUST_004046,2022-08-08,Small Business,Retail,USA,Basic,49,12,6,1,71,30,,0.0
CUST_004047,2023-10-16,Mid-Market,Education,USA,Basic,49,24,30,4,68,100,,0.0
CUST_004048,2024-11-27,Startup,Manufacturing,Australia,Professional,149,12,2,2,52,-27,,0.0
CUST_004049,2024-05-26,Startup,Finance,Other,Enterprise,999,24,2,4,91,51,,0.0
CUST_004050,2023-01-15,Mid-Market,Retail,USA,Basic,49,12,36,0,69,68,,0.0
CUST_004051,2023-07-09,Mid-Market,Other,Australia,Enterprise,999,1,12,4,22,17,,0.0
CUST_004052,2020-08-01,Small Business,Retail,UK,Basic,49,24,5,0,73,56,,0.0
CUST_004053,2024-08-15,Mid-Market,Education,Germany,Professional,149,1,29,4,78,72,,0.0
CUST_004054,2024-10-11,Mid-Market,Manufacturing,USA,Professional,149,12,16,3,79,100,,0.0
CUST_004055,2021-07-26,Mid-Market,Manufacturing,Canada,Professional,149,24,10,0,56,100,,0.0
CUST_004056,2022-02-18,Mid-Market,Manufacturing,USA,Basic,49,1,19,2,46,-55,,0.0
CUST_004057,2020-09-18,Small Business,Finance,USA,Business,399,12,7,1,65,9,,0.0
CUST_004058,2021-12-30,Small Business,Finance,Canada,Business,399,12,5,1,68,47,,0.0
CUST_004059,2020-10-09,Mid-Market,Finance,France,Business,399,24,16,4,80,35,,0.0
CUST_004060,2024-07-29,Mid-Market,Technology,Canada,Basic,49,1,19,5,71,61,,0.0
CUST_004061,2024-01-30,Mid-Market,Technology,Other,Business,399,24,31,2,87,41,,0.0
CUST_004062,2023-11-04,Small Business,Technology,France,Professional,149,1,5,3,88,41,,0.0
CUST_004063,2020-12-27,Mid-Market,Real Estate,USA,Enterprise,999,12,38,1,65,35,,0.0
CUST_004064,2024-01-12,Small Business,Healthcare,USA,Professional,149,12,5,4,45,45,,0.0
CUST_004065,2021-03-16,Small Business,Technology,Germany,Enterprise,999,1,2,1,85,53,,0.0
CUST_004066,2020-04-02,Enterprise,Technology,Other,Business,399,12,276,0,76,50,,0.0
CUST_004067,2024-07-02,Enterprise,Manufacturing,Other,Business,399,1,374,2,45,-69,,0.0
CUST_004068,2022-01-22,Enterprise,Technology,France,Basic,49,12,293,1,60,-16,,0.0
CUST_004069,2022-05-16,Small Business,Finance,Canada,Professional,149,1,2,1,44,33,2023-08-06,1.0
CUST_004070,2023-12-18,Startup,Technology,France,Professional,149,24,1,3,26,52,,0.0
CUST_004071,2020-05-21,Enterprise,Education,USA,Basic,49,1,300,1,45,49,2021-11-27,1.0
CUST_004072,2023-08-07,Startup,Other,USA,Basic,49,24,4,1,22,-41,2024-08-16,1.0
CUST_004073,2023-12-26,Mid-Market,Other,Germany,Enterprise,999,24,30,1,74,-2,,0.0
CUST_004074,2022-01-18,Startup,Finance,Australia,Professional,149,12,4,1,66,41,2022-07-19,1.0
CUST_004075,2024-09-08,Small Business,Retail,Other,Basic,49,12,7,4,48,57,,0.0
CUST_004076,2021-10-14,Small Business,Retail,USA,Professional,149,12,3,2,79,41,,0.0
CUST_004077,2021-12-01,Small Business,Healthcare,France,Basic,49,36,2,1,36,33,,0.0
CUST_004078,2022-09-24,Small Business,Finance,Australia,Professional,149,12,9,2,89,45,,0.0
CUST_004079,2020-02-18,Startup,Technology,Canada,Professional,149,36,3,3,55,57,,0.0
CUST_004080,2023-08-18,Startup,Education,USA,Professional,149,12,2,1,73,-45,,0.0
CUST_004081,2022-05-30,Small Business,Technology,Canada,Business,399,24,2,1,44,7,,0.0
CUST_004082,2023-04-28,Mid-Market,Finance,Canada,Basic,49,12,31,1,67,48,,0.0
CUST_004083,2023-03-05,Mid-Market,Finance,Canada,Business,399,24,40,2,62,19,,0.0
CUST_004084,2021-07-08,Startup,Retail,Canada,Enterprise,999,1,3,3,59,32,,0.0
CUST_004085,2021-02-07,Small Business,Education,Australia,Basic,49,12,3,0,55,7,,0.0
CUST_004086,2022-06-10,Small Business,Manufacturing,USA,Business,399,12,5,4,73,10,,0.0
CUST_004087,2022-05-14,Small Business,Retail,USA,Professional,149,12,2,1,47,37,,0.0
CUST_004088,2021-08-24,Startup,Finance,Canada,Professional,149,12,3,3,25,-17,2023-03-28,1.0
CUST_004089,2020-12-06,Small Business,Technology,USA,Basic,49,12,3,1,63,38,,0.0
CUST_004090,2024-11-15,Startup,Finance,Other,Professional,149,1,1,2,86,1,,0.0
CUST_004091,2021-12-04,Startup,Other,USA,Enterprise,999,12,2,2,31,-44,2023-05-30,1.0
CUST_004092,2020-11-13,Small Business,Other,UK,Basic,49,12,7,1,66,65,,0.0
CUST_004093,2021-09-09,Mid-Market,Manufacturing,Australia,Basic,49,12,13,0,64,94,2022-01-25,1.0
CUST_004094,2023-10-18,Startup,Technology,USA,Basic,49,24,2,3,75,38,,0.0
CUST_004095,2021-01-16,Small Business,Technology,France,Professional,149,1,7,2,66,39,2021-05-06,1.0
CUST_004096,2020-08-20,Startup,Finance,Canada,Enterprise,999,1,3,1,51,11,,0.0
CUST_004097,2024-12-05,Enterprise,Real Estate,USA,Professional,149,12,194,2,32,87,,0.0
CUST_004098,2023-09-29,Enterprise,Manufacturing,Other,Basic,49,24,395,3,66,95,,0.0
CUST_004099,2024-04-21,Startup,Real Estate,USA,Professional,149,12,1,3,51,38,2024-11-16,1.0
CUST_004100,2022-03-27,Small Business,Retail,UK,Professional,149,24,6,2,47,81,2024-01-04,1.0
CUST_004101,2021-07-06,Small Business,Technology,USA,Basic,49,12,9,2,66,33,,0.0
CUST_004102,2024-04-01,Startup,Technology,USA,Professional,149,24,1,3,43,28,,0.0
CUST_004103,2022-05-05,Small Business,Technology,Australia,Basic,49,12,4,2,67,35,,0.0
CUST_004104,2024-12-17,Small Business,Retail,France,Business,399,24,5,3,75,15,,0.0
CUST_004105,2022-03-29,Enterprise,Technology,USA,Professional,149,12,271,2,34,100,,0.0
CUST_004106,2024-05-13,Startup,Manufacturing,Canada,Business,399,12,1,0,84,74,,0.0
CUST_004107,2020-07-01,Startup,Manufacturing,France,Enterprise,999,1,1,1,64,-4,,0.0
CUST_004108,2022-11-30,Mid-Market,Healthcare,Australia,Enterprise,999,36,46,2,85,43,,0.0
CUST_004109,2024-04-23,Startup,Technology,UK,Basic,49,24,2,2,58,36,,0.0
CUST_004110,2021-01-31,Startup,Technology,Australia,Enterprise,999,24,3,4,100,54,,0.0
CUST_004111,2024-09-23,Small Business,Manufacturing,UK,Business,399,1,3,1,94,25,,0.0
CUST_004112,2022-02-17,Small Business,Finance,Germany,Business,399,1,6,1,64,-1,,0.0
CUST_004113,2024-02-26,Small Business,Healthcare,Other,Basic,49,12,2,2,61,-9,,0.0
CUST_004114,2024-08-09,Mid-Market,Real Estate,USA,Basic,49,12,22,0,16,14,,0.0
CUST_004115,2022-06-25,Small Business,Retail,USA,Enterprise,999,24,3,3,60,51,,0.0
CUST_004116,2023-09-18,Startup,Finance,USA,Basic,49,12,1,5,70,54,,0.0
CUST_004117,2020-05-06,Small Business,Manufacturing,USA,Basic,49,1,4,0,64,96,2021-10-29,1.0
CUST_004118,2024-04-30,Small Business,Education,USA,Professional,149,12,8,0,68,-76,,0.0
CUST_004119,2024-04-29,Mid-Market,Manufacturing,Germany,Enterprise,999,24,25,2,74,97,,0.0
CUST_004120,2020-01-01,Enterprise,Finance,UK,Professional,149,12,198,2,59,-54,,0.0
CUST_004121,2023-04-06,Small Business,Healthcare,USA,Enterprise,999,36,4,1,69,53,,0.0
CUST_004122,2024-07-01,Enterprise,Education,USA,Basic,49,1,379,5,52,44,,0.0
CUST_004123,2020-01-19,Small Business,Finance,USA,Basic,49,24,9,2,40,-9,,0.0
CUST_004124,2023-09-17,Small Business,Manufacturing,UK,Professional,149,12,4,3,98,39,,0.0
CUST_004125,2021-08-06,Startup,Real Estate,Canada,Professional,149,1,3,3,41,5,2023-05-20,1.0
CUST_004126,2021-03-31,Mid-Market,Real Estate,USA,Professional,149,24,33,1,59,81,,0.0
CUST_004127,2022-08-14,Small Business,Healthcare,Other,Basic,49,12,7,4,79,-17,,0.0
CUST_004128,2023-02-06,Small Business,Technology,UK,Basic,49,12,2,2,59,50,,0.0
CUST_004129,2023-07-15,Enterprise,Healthcare,Other,Basic,49,12,289,2,76,64,,0.0
CUST_004130,2021-03-20,Enterprise,Manufacturing,USA,Business,399,1,128,3,86,-36,,0.0
CUST_004131,2023-06-17,Mid-Market,Healthcare,France,Professional,149,24,29,4,66,-14,,0.0
CUST_004132,2023-08-17,Startup,Technology,Canada,Basic,49,12,4,4,74,-1,,0.0
CUST_004133,2021-08-24,Mid-Market,Technology,France,Basic,49,24,18,3,76,-34,,0.0
CUST_004134,2020-04-12,Small Business,Healthcare,Canada,Professional,149,12,9,2,48,68,,0.0
CUST_004135,2022-09-14,Startup,Technology,Other,Enterprise,999,1,2,2,37,46,,0.0
CUST_004136,2023-06-27,Startup,Technology,Canada,Professional,149,12,2,1,100,55,,0.0
CUST_004137,2024-01-16,Mid-Market,Manufacturing,France,Basic,49,36,13,1,73,61,,0.0
CUST_004138,2021-06-03,Startup,Technology,Australia,Professional,149,36,3,1,47,38,,0.0
CUST_004139,2023-03-22,Enterprise,Technology,Germany,Business,399,12,171,1,100,-34,,0.0
CUST_004140,2022-05-08,Small Business,Education,UK,Professional,149,1,5,2,35,15,,0.0
CUST_004141,2020-06-22,Startup,Education,USA,Basic,49,24,4,2,47,69,,0.0
CUST_004142,2023-09-28,Small Business,Healthcare,Australia,Business,399,24,3,0,55,16,2024-12-24,1.0
CUST_004143,2024-08-20,Small Business,Technology,UK,Professional,149,24,5,1,84,34,,0.0
CUST_004144,2022-10-01,Mid-Market,Manufacturing,Canada,Basic,49,1,25,1,57,69,,0.0
CUST_004145,2021-03-06,Small Business,Healthcare,USA,Basic,49,1,6,2,62,76,2022-01-23,1.0
CUST_004146,2021-12-27,Small Business,Technology,UK,Professional,149,12,9,1,40,100,,0.0
CUST_004147,2024-09-08,Mid-Market,Technology,Germany,Business,399,1,32,2,61,31,,0.0
CUST_004148,2024-09-06,Startup,Technology,Canada,Enterprise,999,24,2,0,59,16,,0.0
CUST_004149,2022-04-29,Startup,Retail,UK,Professional,149,12,2,5,33,27,,0.0
CUST_004150,2024-08-08,Startup,Real Estate,USA,Business,399,24,4,1,58,8,,0.0
CUST_004151,2023-09-09,Small Business,Education,USA,Basic,49,1,5,1,47,27,,0.0
CUST_004152,2022-09-16,Small Business,Finance,Germany,Business,399,12,3,5,93,5,,0.0
CUST_004153,2024-08-23,Startup,Finance,USA,Professional,149,12,1,1,70,71,,0.0
CUST_004154,2021-09-30,Startup,Retail,Canada,Professional,149,12,4,1,94,0,,0.0
CUST_004155,2021-02-23,Small Business,Finance,Canada,Basic,49,12,7,6,26,99,2022-01-10,1.0
CUST_004156,2021-08-16,Mid-Market,Technology,Other,Basic,49,12,43,2,44,-90,2022-07-02,1.0
CUST_004157,2021-04-29,Enterprise,Manufacturing,USA,Business,399,24,54,1,50,28,2023-01-01,1.0
CUST_004158,2024-08-09,Small Business,Real Estate,USA,Basic,49,1,9,3,48,66,,0.0
CUST_004159,2024-11-09,Small Business,Healthcare,UK,Basic,49,24,5,1,71,-13,,0.0
CUST_004160,2021-02-15,Startup,Education,UK,Basic,49,36,1,0,59,-5,2022-08-18,1.0
CUST_004161,2022-07-24,Mid-Market,Finance,USA,Basic,49,24,38,2,44,52,,0.0
CUST_004162,2023-01-12,Mid-Market,Finance,France,Professional,149,24,27,0,100,57,,0.0
CUST_004163,2023-02-10,Small Business,Technology,UK,Professional,149,1,6,3,68,-4,,0.0
CUST_004164,2024-10-26,Small Business,Manufacturing,USA,Basic,49,12,8,2,24,25,,0.0
CUST_004165,2020-11-27,Mid-Market,Education,USA,Professional,149,24,17,0,79,86,,0.0
CUST_004166,2023-11-02,Small Business,Retail,Australia,Business,399,12,3,2,100,37,,0.0
CUST_004167,2024-11-13,Small Business,Technology,USA,Enterprise,999,12,3,0,79,-14,,0.0
CUST_004168,2021-10-16,Small Business,Technology,USA,Professional,149,36,9,3,44,-29,,0.0
CUST_004169,2020-02-10,Small Business,Retail,USA,Professional,149,12,3,4,56,45,,0.0
CUST_004170,2024-11-28,Mid-Market,Finance,Canada,Basic,49,36,42,6,81,66,,0.0
CUST_004171,2022-08-16,Small Business,Finance,France,Professional,149,12,7,2,46,73,,0.0
CUST_004172,2024-12-25,Startup,Other,USA,Business,399,24,4,3,61,86,,0.0
CUST_004173,2020-04-14,Enterprise,Manufacturing,USA,Professional,149,24,245,2,46,39,,0.0
CUST_004174,2020-07-20,Startup,Finance,USA,Basic,49,12,3,1,76,30,,0.0
CUST_004175,2021-03-25,Small Business,Technology,Canada,Professional,149,1,8,4,81,42,,0.0
CUST_004176,2023-07-13,Startup,Technology,USA,Enterprise,999,1,2,3,91,53,,0.0
CUST_004177,2022-06-28,Startup,Manufacturing,Australia,Business,399,12,1,3,85,6,,0.0
CUST_004178,2020-07-28,Mid-Market,Education,USA,Business,399,36,44,3,93,39,,0.0
CUST_004179,2021-07-16,Small Business,Manufacturing,USA,Basic,49,12,6,1,97,-8,,0.0
CUST_004180,2023-02-15,Mid-Market,Finance,USA,Basic,49,1,17,1,37,-100,2023-08-16,1.0
CUST_004181,2021-12-13,Startup,Technology,Australia,Business,399,12,1,1,49,18,,0.0
CUST_004182,2023-11-01,Small Business,Other,Germany,Basic,49,12,7,1,46,58,,0.0
CUST_004183,2024-04-23,Small Business,Other,Other,Professional,149,12,5,0,68,-38,,0.0
CUST_004184,2024-04-12,Small Business,Finance,USA,Professional,149,36,5,1,52,59,2024-12-12,1.0
CUST_004185,2022-02-09,Startup,Technology,USA,Professional,149,12,2,4,57,52,,0.0
CUST_004186,2023-01-12,Mid-Market,Finance,Canada,Professional,149,12,43,5,86,-1,,0.0
CUST_004187,2021-03-29,Small Business,Real Estate,UK,Business,399,12,8,3,76,99,,0.0
CUST_004188,2021-10-28,Small Business,Manufacturing,Canada,Basic,49,24,2,1,55,8,2023-03-18,1.0
CUST_004189,2021-09-20,Small Business,Manufacturing,USA,Business,399,12,5,1,80,-30,,0.0
CUST_004190,2024-03-17,Small Business,Technology,USA,Business,399,12,4,3,70,48,,0.0
CUST_004191,2024-06-16,Small Business,Technology,USA,Enterprise,999,12,8,1,70,70,,0.0
CUST_004192,2024-08-28,Mid-Market,Technology,Germany,Professional,149,24,30,2,78,94,,0.0
CUST_004193,2021-01-21,Startup,Real Estate,UK,Professional,149,1,1,4,15,32,,0.0
CUST_004194,2023-10-05,Mid-Market,Finance,France,Enterprise,999,1,12,0,47,67,,0.0
CUST_004195,2020-10-22,Small Business,Education,USA,Professional,149,1,5,3,44,8,,0.0
CUST_004196,2020-09-14,Mid-Market,Technology,France,Professional,149,36,43,2,65,53,2022-03-02,1.0
CUST_004197,2023-01-09,Enterprise,Real Estate,UK,Basic,49,1,455,2,80,99,,0.0
CUST_004198,2020-09-24,Mid-Market,Education,USA,Basic,49,24,44,2,54,100,,0.0
CUST_004199,2021-02-22,Small Business,Technology,Other,Professional,149,12,7,2,46,5,,0.0
CUST_004200,2020-08-22,Small Business,Real Estate,UK,Business,399,12,5,4,21,88,,0.0
CUST_004201,2023-08-27,Enterprise,Healthcare,Canada,Business,399,24,495,1,72,-7,,0.0
CUST_004202,2022-09-12,Enterprise,Technology,Germany,Basic,49,12,93,1,41,5,,0.0
CUST_004203,2023-10-12,Startup,Healthcare,USA,Business,399,12,2,2,71,12,,0.0
CUST_004204,2023-05-21,Enterprise,Real Estate,Germany,Professional,149,1,244,3,47,66,,0.0
CUST_004205,2021-07-27,Startup,Real Estate,Australia,Professional,149,12,4,1,76,34,,0.0
CUST_004206,2020-02-18,Mid-Market,Healthcare,USA,Enterprise,999,36,12,4,72,-27,,0.0
CUST_004207,2023-02-24,Small Business,Manufacturing,Germany,Basic,49,36,3,1,29,49,,0.0
CUST_004208,2020-08-10,Mid-Market,Manufacturing,France,Business,399,24,40,6,82,83,,0.0
CUST_004209,2022-07-09,Startup,Education,USA,Professional,149,36,2,1,70,35,,0.0
CUST_004210,2023-07-26,Small Business,Healthcare,USA,Business,399,36,2,2,86,65,,0.0
CUST_004211,2023-12-02,Small Business,Finance,USA,Professional,149,24,4,0,37,0,,0.0
CUST_004212,2024-03-08,Enterprise,Retail,Canada,Basic,49,12,184,3,42,68,2024-06-09,1.0
CUST_004213,2023-08-10,Small Business,Technology,France,Professional,149,12,8,1,57,1,,0.0
CUST_004214,2024-12-24,Small Business,Healthcare,Canada,Professional,149,36,7,2,61,34,,0.0
CUST_004215,2020-10-03,Enterprise,Manufacturing,USA,Basic,49,12,320,1,59,-4,,0.0
CUST_004216,2024-01-01,Enterprise,Healthcare,UK,Business,399,24,312,0,25,-16,,0.0
CUST_004217,2023-02-04,Startup,Other,Australia,Professional,149,1,3,2,70,-11,,0.0
CUST_004218,2024-08-08,Mid-Market,Technology,USA,Business,399,1,28,1,59,13,,0.0
CUST_004219,2021-02-23,Small Business,Other,Australia,Professional,149,12,4,2,57,36,,0.0
CUST_004220,2021-09-02,Small Business,Technology,France,Professional,149,1,7,3,65,-1,,0.0
CUST_004221,2023-12-23,Startup,Technology,USA,Enterprise,999,36,3,3,69,100,2024-10-20,1.0
CUST_004222,2021-01-09,Startup,Healthcare,USA,Enterprise,999,1,2,5,62,19,,0.0
CUST_004223,2020-03-13,Startup,Education,UK,Basic,49,12,1,2,45,-21,,0.0
CUST_004224,2024-07-15,Mid-Market,Manufacturing,Germany,Business,399,1,19,3,37,-57,,0.0
CUST_004225,2022-11-19,Startup,Technology,Australia,Professional,149,1,3,3,82,100,,0.0
CUST_004226,2023-04-26,Mid-Market,Technology,Canada,Basic,49,1,11,2,45,48,,0.0
CUST_004227,2023-10-19,Small Business,Retail,USA,Professional,149,36,2,0,40,-10,,0.0
CUST_004228,2024-12-28,Small Business,Finance,USA,Enterprise,999,24,2,5,65,16,,0.0
CUST_004229,2024-01-14,Enterprise,Education,France,Enterprise,999,12,279,3,74,1,,0.0
CUST_004230,2020-07-13,Startup,Technology,USA,Basic,49,36,1,3,90,63,,0.0
CUST_004231,2023-03-25,Enterprise,Retail,Germany,Business,399,36,438,1,47,100,2024-12-12,1.0
CUST_004232,2023-04-10,Small Business,Manufacturing,USA,Business,399,12,5,1,50,-5,,0.0
CUST_004233,2022-04-26,Startup,Other,USA,Professional,149,12,4,2,69,59,,0.0
CUST_004234,2022-11-30,Startup,Manufacturing,USA,Business,399,12,2,1,77,31,,0.0
CUST_004235,2022-12-22,Mid-Market,Technology,USA,Professional,149,1,12,3,53,10,,0.0
CUST_004236,2020-01-23,Small Business,Technology,Canada,Basic,49,1,5,0,78,17,,0.0
CUST_004237,2020-12-25,Startup,Retail,USA,Business,399,12,4,1,52,-13,2022-07-02,1.0
CUST_004238,2023-01-03,Mid-Market,Finance,Other,Basic,49,1,30,6,67,42,,0.0
CUST_004239,2021-07-13,Small Business,Real Estate,Canada,Basic,49,24,8,1,38,44,2022-04-11,1.0
CUST_004240,2021-11-02,Mid-Market,Manufacturing,UK,Basic,49,24,26,3,73,54,,0.0
CUST_004241,2023-02-15,Small Business,Finance,UK,Business,399,1,5,3,75,38,,0.0
CUST_004242,2024-06-23,Startup,Finance,Canada,Professional,149,24,2,0,68,-9,2024-09-21,1.0
CUST_004243,2023-11-04,Small Business,Finance,USA,Professional,149,24,9,1,27,56,,0.0
CUST_004244,2021-11-09,Small Business,Technology,Other,Professional,149,12,7,1,57,-3,,0.0
CUST_004245,2023-08-06,Small Business,Technology,Canada,Basic,49,12,8,3,72,27,,0.0
CUST_004246,2021-03-15,Small Business,Retail,USA,Business,399,1,7,3,49,-8,,0.0
CUST_004247,2024-08-18,Enterprise,Technology,Canada,Professional,149,1,498,1,89,68,,0.0
CUST_004248,2022-07-21,Mid-Market,Technology,UK,Professional,149,12,42,5,100,1,,0.0
CUST_004249,2020-01-07,Small Business,Technology,USA,Basic,49,12,6,0,47,100,,0.0
CUST_004250,2023-05-04,Small Business,Technology,Other,Basic,49,1,3,0,77,9,,0.0
CUST_004251,2021-02-24,Small Business,Technology,USA,Enterprise,999,12,9,0,61,52,2022-07-11,1.0
CUST_004252,2024-05-10,Mid-Market,Manufacturing,Canada,Professional,149,36,29,0,73,54,,0.0
CUST_004253,2022-04-12,Small Business,Finance,Other,Business,399,24,6,4,62,-21,,0.0
CUST_004254,2023-05-01,Mid-Market,Retail,USA,Basic,49,24,36,3,61,-48,,0.0
CUST_004255,2021-07-12,Startup,Retail,USA,Professional,149,24,3,2,55,-10,,0.0
CUST_004256,2023-03-17,Small Business,Other,USA,Enterprise,999,24,4,2,75,37,,0.0
CUST_004257,2024-12-15,Enterprise,Technology,USA,Basic,49,1,120,4,34,-8,,0.0
CUST_004258,2024-08-19,Enterprise,Finance,USA,Professional,149,36,468,1,50,-2,,0.0
CUST_004259,2023-05-10,Startup,Technology,France,Enterprise,999,24,1,4,66,95,,0.0
CUST_004260,2024-01-07,Mid-Market,Finance,Australia,Business,399,1,19,1,53,8,,0.0
CUST_004261,2022-07-02,Startup,Real Estate,Germany,Basic,49,12,3,0,89,66,,0.0
CUST_004262,2023-12-13,Enterprise,Manufacturing,USA,Professional,149,12,355,0,75,17,,0.0
CUST_004263,2023-12-21,Startup,Retail,France,Basic,49,1,2,1,43,21,,0.0
CUST_004264,2022-10-03,Startup,Finance,UK,Business,399,1,2,3,59,11,,0.0
CUST_004265,2024-02-11,Small Business,Manufacturing,USA,Professional,149,1,5,3,80,22,,0.0
CUST_004266,2024-02-07,Enterprise,Technology,UK,Enterprise,999,24,279,5,71,-26,,0.0
CUST_004267,2020-05-05,Mid-Market,Retail,USA,Basic,49,1,25,2,62,-5,,0.0
CUST_004268,2021-01-29,Small Business,Retail,Other,Professional,149,12,5,0,61,0,,0.0
CUST_004269,2022-03-27,Small Business,Healthcare,Canada,Basic,49,1,4,2,88,55,,0.0
CUST_004270,2022-05-30,Mid-Market,Technology,Germany,Professional,149,24,39,2,38,90,,0.0
CUST_004271,2021-07-29,Enterprise,Education,Germany,Basic,49,36,361,0,100,81,,0.0
CUST_004272,2020-11-20,Small Business,Technology,Germany,Basic,49,12,8,2,69,17,,0.0
CUST_004273,2023-11-16,Small Business,Technology,USA,Business,399,1,6,3,99,-10,,0.0
CUST_004274,2022-07-18,Mid-Market,Finance,UK,Basic,49,12,40,0,64,25,,0.0
CUST_004275,2024-09-07,Enterprise,Healthcare,France,Professional,149,24,70,0,100,45,,0.0
CUST_004276,2024-07-09,Startup,Manufacturing,USA,Enterprise,999,24,4,1,52,28,,0.0
CUST_004277,2024-01-03,Small Business,Retail,Other,Enterprise,999,24,3,1,66,60,,0.0
CUST_004278,2023-05-12,Startup,Education,UK,Basic,49,1,3,4,81,-14,2024-02-10,1.0
CUST_004279,2024-02-18,Small Business,Healthcare,USA,Enterprise,999,1,7,4,80,29,,0.0
CUST_004280,2022-04-12,Enterprise,Manufacturing,UK,Basic,49,1,410,3,47,26,,0.0
CUST_004281,2022-11-20,Mid-Market,Real Estate,France,Professional,149,36,19,1,36,21,,0.0
CUST_004282,2023-11-12,Mid-Market,Healthcare,UK,Business,399,12,28,2,48,2,,0.0
CUST_004283,2024-07-06,Startup,Healthcare,Canada,Business,399,24,1,1,60,-29,,0.0
CUST_004284,2023-12-28,Small Business,Real Estate,UK,Business,399,24,7,2,62,-27,,0.0
CUST_004285,2022-04-16,Mid-Market,Technology,Canada,Business,399,24,36,2,67,100,,0.0
CUST_004286,2022-07-14,Startup,Healthcare,USA,Basic,49,1,1,3,79,-22,,0.0
CUST_004287,2023-10-31,Mid-Market,Technology,USA,Professional,149,1,20,0,62,6,,0.0
CUST_004288,2023-09-29,Startup,Technology,USA,Professional,149,36,3,2,25,2,,0.0
CUST_004289,2021-03-18,Startup,Technology,USA,Professional,149,36,1,0,84,10,,0.0
CUST_004290,2024-05-21,Mid-Market,Finance,USA,Basic,49,12,25,2,88,100,,0.0
CUST_004291,2020-03-15,Mid-Market,Manufacturing,Canada,Basic,49,24,13,1,71,47,,0.0
CUST_004292,2021-07-10,Small Business,Healthcare,UK,Business,399,1,8,4,59,8,,0.0
CUST_004293,2024-11-30,Small Business,Education,USA,Business,399,1,2,3,70,27,,0.0
CUST_004294,2024-08-16,Small Business,Finance,USA,Professional,149,12,2,1,88,60,,0.0
CUST_004295,2023-03-24,Startup,Other,USA,Professional,149,24,1,1,42,77,,0.0
CUST_004296,2023-12-24,Small Business,Other,USA,Business,399,12,3,3,52,47,,0.0
CUST_004297,2020-12-28,Mid-Market,Education,USA,Professional,149,12,45,1,52,100,,0.0
CUST_004298,2021-03-23,Mid-Market,Other,UK,Enterprise,999,1,39,0,42,-1,2021-08-20,1.0
CUST_004299,2023-06-11,Small Business,Manufacturing,USA,Basic,49,12,6,1,100,18,,0.0
CUST_004300,2024-05-05,Mid-Market,Real Estate,Canada,Professional,149,36,29,2,67,37,,0.0
CUST_004301,2020-09-18,Startup,Technology,Germany,Enterprise,999,1,1,1,42,44,2021-11-23,1.0
CUST_004302,2020-05-04,Mid-Market,Healthcare,USA,Enterprise,999,24,21,5,37,3,,0.0
CUST_004303,2022-06-29,Mid-Market,Manufacturing,USA,Professional,149,24,17,2,81,72,,0.0
CUST_004304,2020-09-01,Enterprise,Finance,USA,Basic,49,24,485,2,87,53,,0.0
CUST_004305,2021-06-25,Small Business,Education,USA,Business,399,36,7,0,84,8,2021-10-23,1.0
CUST_004306,2021-04-29,Mid-Market,Real Estate,USA,Professional,149,12,16,4,100,14,,0.0
CUST_004307,2020-05-01,Startup,Healthcare,France,Business,399,12,2,2,56,70,,0.0
CUST_004308,2020-05-04,Small Business,Education,USA,Professional,149,1,6,2,39,6,,0.0
CUST_004309,2024-04-21,Startup,Technology,Other,Basic,49,12,2,3,100,-7,,0.0
CUST_004310,2020-06-18,Small Business,Healthcare,USA,Basic,49,12,6,2,51,-17,2022-04-29,1.0
CUST_004311,2020-05-03,Enterprise,Finance,France,Professional,149,1,365,3,77,-47,,0.0
CUST_004312,2022-11-24,Startup,Technology,Germany,Basic,49,36,2,4,48,13,,0.0
CUST_004313,2023-01-15,Enterprise,Retail,USA,Basic,49,24,413,2,86,-72,,0.0
CUST_004314,2021-10-07,Small Business,Retail,USA,Professional,149,1,7,2,39,0,2023-05-06,1.0
CUST_004315,2024-09-27,Mid-Market,Technology,Canada,Professional,149,1,14,3,100,100,,0.0
CUST_004316,2022-02-24,Startup,Education,Australia,Basic,49,1,1,1,72,-1,,0.0
CUST_004317,2020-07-19,Startup,Retail,USA,Basic,49,12,4,3,38,59,,0.0
CUST_004318,2021-01-03,Small Business,Healthcare,USA,Enterprise,999,24,7,5,22,38,,0.0
CUST_004319,2022-03-07,Small Business,Technology,USA,Basic,49,12,3,0,63,87,2022-09-08,1.0
CUST_004320,2020-03-17,Startup,Real Estate,USA,Professional,149,1,1,2,87,0,,0.0
CUST_004321,2020-02-28,Enterprise,Education,Other,Basic,49,1,253,4,55,31,,0.0
CUST_004322,2021-03-06,Startup,Technology,Germany,Business,399,12,3,1,90,19,,0.0
CUST_004323,2021-09-29,Mid-Market,Technology,USA,Professional,149,12,11,2,44,33,,0.0
CUST_004324,2024-03-03,Startup,Education,USA,Basic,49,1,3,2,80,-15,,0.0
CUST_004325,2020-04-18,Small Business,Retail,USA,Basic,49,1,2,2,59,4,,0.0
CUST_004326,2024-10-25,Startup,Technology,Australia,Business,399,1,2,3,79,-25,,0.0
CUST_004327,2022-10-04,Small Business,Retail,Other,Business,399,12,3,1,48,-16,,0.0
CUST_004328,2023-07-25,Small Business,Finance,USA,Professional,149,12,7,4,53,34,,0.0
CUST_004329,2020-03-08,Small Business,Education,UK,Basic,49,24,3,3,37,100,2021-07-27,1.0
CUST_004330,2022-12-28,Enterprise,Technology,Other,Professional,149,12,416,0,88,71,,0.0
CUST_004331,2023-04-03,Small Business,Finance,USA,Professional,149,12,5,1,55,40,,0.0
CUST_004332,2024-02-21,Small Business,Technology,USA,Business,399,1,9,1,55,7,,0.0
CUST_004333,2020-10-31,Startup,Other,USA,Basic,49,1,3,2,54,-29,,0.0
CUST_004334,2021-11-04,Small Business,Education,USA,Professional,149,12,4,3,75,-26,,0.0
CUST_004335,2020-12-30,Enterprise,Manufacturing,USA,Basic,49,1,92,4,20,28,2021-04-04,1.0
CUST_004336,2022-03-31,Mid-Market,Manufacturing,Other,Professional,149,12,45,1,39,100,,0.0
CUST_004337,2023-11-03,Small Business,Finance,Canada,Professional,149,1,9,2,92,56,,0.0
CUST_004338,2020-12-08,Mid-Market,Real Estate,USA,Enterprise,999,1,18,1,69,38,,0.0
CUST_004339,2022-08-04,Mid-Market,Technology,USA,Professional,149,1,21,2,52,100,,0.0
CUST_004340,2022-06-17,Startup,Education,Germany,Professional,149,24,3,0,82,34,2023-03-16,1.0
CUST_004341,2024-04-26,Small Business,Technology,USA,Basic,49,12,4,5,69,51,,0.0
CUST_004342,2023-10-09,Small Business,Healthcare,USA,Basic,49,1,2,0,92,100,,0.0
CUST_004343,2023-12-10,Mid-Market,Finance,USA,Basic,49,1,13,1,52,68,2024-03-26,1.0
CUST_004344,2023-02-06,Small Business,Education,Germany,Basic,49,12,7,1,49,49,,0.0
CUST_004345,2024-05-05,Mid-Market,Education,USA,Basic,49,24,19,2,37,-65,,0.0
CUST_004346,2022-01-31,Small Business,Retail,USA,Enterprise,999,1,6,1,86,88,,0.0
CUST_004347,2024-02-29,Enterprise,Finance,UK,Professional,149,24,326,1,86,-22,,0.0
CUST_004348,2020-12-06,Startup,Other,USA,Basic,49,12,1,1,78,-39,,0.0
CUST_004349,2022-07-30,Small Business,Technology,Other,Basic,49,12,9,0,45,41,,0.0
CUST_004350,2021-01-17,Small Business,Education,Canada,Professional,149,12,9,3,36,53,2022-07-15,1.0
CUST_004351,2022-09-30,Small Business,Retail,USA,Basic,49,24,3,2,82,-12,2024-07-30,1.0
CUST_004352,2024-04-05,Small Business,Healthcare,USA,Basic,49,12,9,2,69,-30,,0.0
CUST_004353,2020-10-26,Mid-Market,Technology,Canada,Professional,149,1,15,4,46,-58,,0.0
CUST_004354,2020-05-18,Startup,Finance,USA,Enterprise,999,12,4,5,77,9,,0.0
CUST_004355,2020-12-24,Mid-Market,Healthcare,France,Professional,149,1,41,1,100,17,,0.0
CUST_004356,2022-04-15,Startup,Technology,UK,Professional,149,36,3,0,58,-26,,0.0
CUST_004357,2024-03-02,Startup,Technology,UK,Business,399,1,2,3,63,100,,0.0
CUST_004358,2023-11-09,Mid-Market,Healthcare,Other,Basic,49,12,12,5,83,1,,0.0
CUST_004359,2024-06-15,Startup,Retail,USA,Basic,49,1,3,3,89,6,,0.0
CUST_004360,2023-07-27,Small Business,Education,UK,Professional,149,1,8,2,66,69,2023-11-08,1.0
CUST_004361,2024-07-18,Mid-Market,Technology,Germany,Business,399,12,29,1,29,-7,,0.0
CUST_004362,2021-04-27,Startup,Finance,France,Professional,149,12,3,4,86,100,,0.0
CUST_004363,2022-06-27,Small Business,Healthcare,Canada,Basic,49,12,7,4,51,69,,0.0
CUST_004364,2023-02-08,Small Business,Finance,Germany,Enterprise,999,1,9,1,73,16,,0.0
CUST_004365,2022-05-15,Small Business,Education,USA,Basic,49,24,7,3,87,87,,0.0
CUST_004366,2020-05-18,Mid-Market,Retail,UK,Business,399,1,31,1,78,88,,0.0
CUST_004367,2022-09-22,Startup,Education,USA,Business,399,12,2,1,67,12,,0.0
CUST_004368,2021-03-10,Mid-Market,Finance,Germany,Basic,49,12,13,1,64,-9,2023-02-17,1.0
CUST_004369,2021-05-23,Mid-Market,Retail,USA,Business,399,12,46,2,50,12,,0.0
CUST_004370,2020-09-29,Small Business,Finance,USA,Business,399,1,8,1,70,50,,0.0
CUST_004371,2023-01-27,Small Business,Education,Other,Enterprise,999,24,6,3,43,8,,0.0
CUST_004372,2024-11-22,Small Business,Real Estate,USA,Basic,49,12,5,1,81,17,,0.0
CUST_004373,2020-04-13,Mid-Market,Retail,USA,Enterprise,999,1,17,1,83,9,,0.0
CUST_004374,2023-05-22,Mid-Market,Education,USA,Basic,49,12,28,2,63,3,,0.0
CUST_004375,2024-11-19,Mid-Market,Technology,USA,Business,399,1,26,2,51,42,,0.0
CUST_004376,2024-08-14,Startup,Real Estate,UK,Professional,149,12,2,3,30,8,,0.0
CUST_004377,2022-01-31,Mid-Market,Technology,USA,Basic,49,24,25,3,48,90,,0.0
CUST_004378,2022-02-25,Startup,Healthcare,USA,Basic,49,36,1,2,50,28,2022-06-27,1.0
CUST_004379,2020-06-13,Startup,Technology,USA,Professional,149,12,1,2,66,-12,,0.0
CUST_004380,2022-09-25,Startup,Other,USA,Professional,149,1,4,3,47,32,,0.0
CUST_004381,2021-06-03,Startup,Real Estate,USA,Basic,49,1,2,6,82,58,,0.0
CUST_004382,2023-07-31,Mid-Market,Real Estate,UK,Basic,49,12,21,2,93,25,,0.0
CUST_004383,2021-05-31,Mid-Market,Education,USA,Professional,149,12,44,2,67,-1,,0.0
CUST_004384,2021-10-18,Small Business,Finance,USA,Professional,149,1,4,1,37,-10,,0.0
CUST_004385,2021-09-04,Mid-Market,Real Estate,Australia,Professional,149,24,28,2,20,42,,0.0
CUST_004386,2020-06-12,Small Business,Other,Australia,Business,399,1,9,3,66,45,2021-07-04,1.0
CUST_004387,2024-08-09,Small Business,Finance,USA,Professional,149,12,2,2,57,71,,0.0
CUST_004388,2020-03-04,Startup,Technology,USA,Basic,49,1,4,3,44,-11,,0.0
CUST_004389,2023-01-19,Enterprise,Retail,UK,Professional,149,24,86,4,59,33,,0.0
CUST_004390,2023-02-14,Startup,Other,Canada,Business,399,1,1,1,100,-3,,0.0
CUST_004391,2020-09-23,Mid-Market,Real Estate,Other,Basic,49,1,48,2,100,36,,0.0
CUST_004392,2024-09-04,Small Business,Real Estate,USA,Professional,149,12,3,2,100,-27,,0.0
CUST_004393,2024-05-01,Small Business,Other,Canada,Professional,149,24,3,2,56,79,,0.0
CUST_004394,2023-03-09,Startup,Real Estate,Australia,Enterprise,999,12,2,4,59,-52,,0.0
CUST_004395,2020-09-02,Small Business,Education,UK,Professional,149,1,7,3,84,-10,,0.0
CUST_004396,2024-08-11,Startup,Manufacturing,USA,Business,399,24,2,1,66,36,,0.0
CUST_004397,2024-11-16,Startup,Healthcare,USA,Basic,49,1,1,5,76,-7,,0.0
CUST_004398,2021-01-29,Startup,Retail,USA,Business,399,12,3,3,39,-5,,0.0
CUST_004399,2024-02-19,Enterprise,Finance,USA,Basic,49,12,331,6,73,56,,0.0
CUST_004400,2021-04-20,Startup,Real Estate,France,Professional,149,12,3,4,35,-84,,0.0
CUST_004401,2024-03-20,Startup,Finance,USA,Professional,149,1,4,0,17,-45,,0.0
CUST_004402,2022-09-03,Mid-Market,Technology,USA,Enterprise,999,24,30,1,57,-16,,0.0
CUST_004403,2023-04-22,Mid-Market,Technology,Australia,Basic,49,12,17,2,84,-16,,0.0
CUST_004404,2022-11-09,Mid-Market,Manufacturing,UK,Basic,49,36,42,1,72,61,,0.0
CUST_004405,2021-07-11,Enterprise,Finance,USA,Business,399,24,112,2,61,47,,0.0
CUST_004406,2022-10-14,Small Business,Healthcare,USA,Professional,149,36,6,0,22,34,,0.0
CUST_004407,2024-03-27,Startup,Technology,USA,Basic,49,12,1,2,32,79,,0.0
CUST_004408,2024-05-24,Small Business,Finance,USA,Basic,49,1,7,4,59,-94,,0.0
CUST_004409,2024-04-01,Small Business,Technology,Australia,Professional,149,24,7,2,58,32,,0.0
CUST_004410,2022-06-01,Startup,Healthcare,USA,Professional,149,24,1,1,63,100,,0.0
CUST_004411,2020-05-26,Mid-Market,Healthcare,Canada,Business,399,24,29,1,100,42,,0.0
CUST_004412,2021-10-27,Startup,Finance,USA,Basic,49,12,3,2,67,-11,,0.0
CUST_004413,2023-08-20,Small Business,Finance,Other,Business,399,12,8,2,91,55,,0.0
CUST_004414,2021-09-11,Small Business,Healthcare,Canada,Professional,149,24,5,0,50,30,,0.0
CUST_004415,2024-11-06,Mid-Market,Real Estate,Other,Basic,49,24,21,1,20,33,,0.0
CUST_004416,2022-03-30,Small Business,Healthcare,USA,Professional,149,1,4,3,86,-5,,0.0
CUST_004417,2022-05-13,Enterprise,Technology,France,Business,399,12,106,2,91,89,2023-05-01,1.0
CUST_004418,2021-08-04,Startup,Technology,Australia,Basic,49,12,3,5,94,88,,0.0
CUST_004419,2022-10-19,Mid-Market,Healthcare,Germany,Business,399,1,38,3,46,23,,0.0
CUST_004420,2021-11-25,Startup,Technology,USA,Business,399,36,3,2,53,12,,0.0
CUST_004421,2024-11-20,Small Business,Technology,USA,Basic,49,12,3,2,53,64,,0.0
CUST_004422,2023-06-05,Mid-Market,Retail,USA,Basic,49,12,19,2,75,-15,,0.0
CUST_004423,2023-01-30,Small Business,Retail,USA,Basic,49,24,5,0,46,-3,,0.0
CUST_004424,2024-05-29,Mid-Market,Finance,Germany,Business,399,1,13,3,71,57,,0.0
CUST_004425,2023-12-11,Startup,Manufacturing,Canada,Basic,49,24,1,3,83,27,,0.0
CUST_004426,2023-05-24,Startup,Technology,UK,Business,399,24,3,1,79,82,,0.0
CUST_004427,2021-02-10,Startup,Other,USA,Professional,149,24,4,3,44,-5,2021-09-12,1.0
CUST_004428,2021-02-02,Enterprise,Technology,USA,Business,399,12,495,3,84,-12,,0.0
CUST_004429,2021-12-15,Small Business,Manufacturing,USA,Professional,149,1,7,3,66,56,,0.0
CUST_004430,2021-12-04,Small Business,Technology,UK,Basic,49,12,2,4,53,-29,,0.0
CUST_004431,2022-01-30,Startup,Real Estate,Germany,Enterprise,999,12,4,3,85,58,,0.0
CUST_004432,2021-05-13,Enterprise,Finance,USA,Business,399,12,349,3,66,31,,0.0
CUST_004433,2024-11-12,Small Business,Technology,Germany,Professional,149,12,7,1,93,-6,,0.0
CUST_004434,2024-01-28,Small Business,Retail,UK,Professional,149,12,6,2,86,-16,,0.0
CUST_004435,2024-09-10,Mid-Market,Technology,Australia,Professional,149,12,30,4,78,6,,0.0
CUST_004436,2022-08-31,Mid-Market,Education,USA,Professional,149,24,34,2,64,-28,,0.0
CUST_004437,2024-10-20,Small Business,Retail,UK,Professional,149,24,3,3,36,100,,0.0
CUST_004438,2020-03-22,Startup,Technology,USA,Basic,49,12,4,2,35,27,,0.0
CUST_004439,2021-08-26,Startup,Healthcare,USA,Enterprise,999,24,2,0,100,39,,0.0
CUST_004440,2024-09-06,Small Business,Technology,UK,Professional,149,1,5,1,75,-23,,0.0
CUST_004441,2024-11-09,Small Business,Manufacturing,Germany,Basic,49,24,5,2,91,-6,,0.0
CUST_004442,2022-02-10,Mid-Market,Healthcare,USA,Professional,149,12,42,1,68,62,,0.0
CUST_004443,2022-06-21,Startup,Retail,USA,Basic,49,12,4,0,62,-15,,0.0
CUST_004444,2020-12-30,Startup,Other,Canada,Basic,49,12,3,1,66,6,,0.0
CUST_004445,2020-06-11,Startup,Healthcare,USA,Professional,149,12,2,1,69,41,,0.0
CUST_004446,2022-12-07,Startup,Other,UK,Professional,149,1,1,2,65,12,,0.0
CUST_004447,2021-05-25,Mid-Market,Retail,Australia,Enterprise,999,1,35,5,97,3,,0.0
CUST_004448,2023-09-14,Startup,Technology,UK,Enterprise,999,1,1,0,82,-22,,0.0
CUST_004449,2020-04-25,Small Business,Finance,Germany,Basic,49,12,3,2,72,63,,0.0
CUST_004450,2022-07-29,Mid-Market,Manufacturing,Germany,Professional,149,1,45,2,82,83,,0.0
CUST_004451,2020-12-02,Small Business,Finance,France,Business,399,1,4,3,84,100,,0.0
CUST_004452,2022-05-30,Enterprise,Technology,Canada,Basic,49,1,113,2,72,18,2023-04-30,1.0
CUST_004453,2022-01-06,Enterprise,Technology,USA,Business,399,1,137,3,77,44,,0.0
CUST_004454,2022-04-19,Small Business,Education,USA,Business,399,24,2,1,79,72,,0.0
CUST_004455,2020-05-26,Small Business,Retail,Other,Business,399,12,5,0,78,34,,0.0
CUST_004456,2024-05-17,Startup,Retail,USA,Basic,49,36,3,1,64,70,,0.0
CUST_004457,2023-09-08,Mid-Market,Technology,Canada,Enterprise,999,12,22,3,81,49,,0.0
CUST_004458,2021-03-18,Mid-Market,Education,Australia,Business,399,24,39,4,43,57,,0.0
CUST_004459,2022-04-16,Mid-Market,Other,Canada,Business,399,12,41,1,68,-4,,0.0
CUST_004460,2022-11-02,Enterprise,Technology,USA,Professional,149,12,467,1,65,-43,2024-03-02,1.0
CUST_004461,2022-07-31,Enterprise,Technology,USA,Business,399,12,457,2,80,58,,0.0
CUST_004462,2024-02-26,Small Business,Real Estate,USA,Basic,49,12,5,1,51,27,,0.0
CUST_004463,2024-09-20,Small Business,Education,USA,Basic,49,12,2,0,54,28,,0.0
CUST_004464,2020-10-13,Startup,Retail,Other,Professional,149,24,3,2,48,-42,2021-06-02,1.0
CUST_004465,2021-12-20,Startup,Other,Germany,Enterprise,999,24,4,1,77,83,,0.0
CUST_004466,2023-02-11,Small Business,Retail,Germany,Business,399,12,4,1,31,13,,0.0
CUST_004467,2021-04-24,Enterprise,Technology,UK,Business,399,36,337,0,46,-59,,0.0
CUST_004468,2020-01-22,Mid-Market,Manufacturing,USA,Professional,149,36,39,1,24,100,,0.0
CUST_004469,2023-10-04,Startup,Retail,USA,Basic,49,12,4,2,51,24,,0.0
CUST_004470,2024-10-15,Small Business,Other,USA,Business,399,24,6,4,65,51,,0.0
CUST_004471,2021-11-13,Startup,Technology,UK,Professional,149,1,4,4,89,100,,0.0
CUST_004472,2024-05-08,Startup,Retail,UK,Business,399,1,3,2,91,8,,0.0
CUST_004473,2022-06-24,Startup,Education,UK,Professional,149,1,1,2,37,31,2024-03-22,1.0
CUST_004474,2020-11-15,Startup,Healthcare,UK,Business,399,24,1,2,57,3,,0.0
CUST_004475,2020-05-05,Small Business,Healthcare,Other,Business,399,1,6,1,73,78,,0.0
CUST_004476,2020-10-03,Mid-Market,Real Estate,USA,Professional,149,1,25,2,58,-23,,0.0
CUST_004477,2023-05-12,Startup,Finance,Canada,Basic,49,1,1,3,48,84,2024-03-18,1.0
CUST_004478,2020-07-12,Small Business,Retail,USA,Basic,49,12,6,2,29,66,2020-11-19,1.0
CUST_004479,2024-08-31,Enterprise,Real Estate,UK,Enterprise,999,12,327,4,42,-4,,0.0
CUST_004480,2024-08-14,Small Business,Technology,USA,Business,399,1,5,1,90,21,,0.0
CUST_004481,2024-04-19,Small Business,Other,Canada,Business,399,12,5,2,87,100,,0.0
CUST_004482,2021-11-26,Startup,Manufacturing,USA,Basic,49,1,1,2,100,-52,,0.0
CUST_004483,2023-08-02,Small Business,Finance,USA,Business,399,1,5,2,82,31,,0.0
CUST_004484,2020-02-26,Mid-Market,Finance,France,Professional,149,24,21,3,45,12,,0.0
CUST_004485,2024-10-23,Startup,Other,USA,Basic,49,36,1,1,74,8,,0.0
CUST_004486,2023-08-19,Startup,Technology,USA,Enterprise,999,12,3,1,76,-68,,0.0
CUST_004487,2023-04-01,Small Business,Healthcare,UK,Professional,149,12,9,3,78,26,,0.0
CUST_004488,2020-01-19,Mid-Market,Healthcare,UK,Basic,49,36,16,1,61,-47,2020-05-06,1.0
CUST_004489,2023-10-25,Small Business,Healthcare,Germany,Professional,149,12,3,2,59,40,,0.0
CUST_004490,2020-09-20,Small Business,Finance,Canada,Basic,49,24,8,2,74,43,,0.0
CUST_004491,2022-03-04,Enterprise,Other,USA,Professional,149,12,247,3,48,90,,0.0
CUST_004492,2020-04-22,Mid-Market,Real Estate,USA,Basic,49,1,48,7,86,85,2021-11-08,1.0
CUST_004493,2024-02-20,Small Business,Healthcare,France,Business,399,12,8,5,43,28,2024-06-28,1.0
CUST_004494,2023-09-12,Small Business,Finance,USA,Professional,149,12,2,2,41,68,,0.0
CUST_004495,2021-06-25,Small Business,Retail,Australia,Professional,149,12,5,1,57,75,,0.0
CUST_004496,2021-10-08,Mid-Market,Technology,USA,Professional,149,1,39,2,76,34,,0.0
CUST_004497,2021-08-01,Small Business,Education,Germany,Business,399,24,8,1,85,13,,0.0
CUST_004498,2022-12-24,Startup,Real Estate,Other,Basic,49,1,2,1,74,91,,0.0
CUST_004499,2023-08-08,Mid-Market,Real Estate,Germany,Enterprise,999,12,41,1,52,37,,0.0
CUST_004500,2020-01-25,Enterprise,Healthcare,UK,Professional,149,12,481,3,61,-47,2020-11-22,1.0
CUST_004501,2024-04-21,Small Business,Finance,Canada,Basic,49,12,2,3,56,44,,0.0
CUST_004502,2020-01-01,Startup,Technology,UK,Professional,149,1,4,0,86,0,,0.0
CUST_004503,2022-06-29,Small Business,Healthcare,Canada,Professional,149,12,7,2,69,100,,0.0
CUST_004504,2024-04-21,Mid-Market,Finance,USA,Business,399,1,29,3,92,-5,,0.0
CUST_004505,2020-05-20,Mid-Market,Real Estate,Germany,Basic,49,12,19,3,80,13,,0.0
CUST_004506,2024-11-02,Startup,Real Estate,USA,Basic,49,12,4,2,59,69,,0.0
CUST_004507,2021-10-09,Mid-Market,Other,USA,Basic,49,36,32,2,62,100,,0.0
CUST_004508,2020-07-06,Small Business,Real Estate,Canada,Basic,49,36,8,1,66,23,,0.0
CUST_004509,2023-02-25,Small Business,Technology,USA,Business,399,24,5,4,63,-8,,0.0
CUST_004510,2020-07-19,Mid-Market,Retail,France,Professional,149,36,41,1,80,-8,2021-01-18,1.0
CUST_004511,2023-02-24,Startup,Technology,Australia,Basic,49,1,2,1,73,-37,,0.0
CUST_004512,2020-09-13,Small Business,Healthcare,Other,Basic,49,36,4,0,54,37,,0.0
CUST_004513,2024-08-26,Small Business,Retail,Germany,Professional,149,1,6,2,100,44,,0.0
CUST_004514,2021-06-30,Mid-Market,Manufacturing,UK,Business,399,12,15,1,69,-25,,0.0
CUST_004515,2020-07-12,Enterprise,Retail,USA,Business,399,1,214,1,45,17,,0.0
CUST_004516,2021-12-03,Small Business,Technology,UK,Basic,49,36,2,3,77,16,,0.0
CUST_004517,2023-02-01,Small Business,Technology,USA,Basic,49,12,6,2,43,1,,0.0
CUST_004518,2024-04-07,Mid-Market,Technology,USA,Professional,149,12,33,4,71,54,,0.0
CUST_004519,2023-07-12,Enterprise,Technology,Germany,Enterprise,999,36,475,0,63,7,,0.0
CUST_004520,2022-03-12,Enterprise,Technology,USA,Professional,149,12,297,2,66,89,,0.0
CUST_004521,2022-07-30,Startup,Manufacturing,USA,Basic,49,12,3,1,48,-38,,0.0
CUST_004522,2023-11-08,Startup,Education,Germany,Professional,149,1,3,3,62,24,,0.0
CUST_004523,2023-07-07,Startup,Finance,USA,Professional,149,24,3,1,62,-48,,0.0
CUST_004524,2021-02-17,Mid-Market,Manufacturing,USA,Business,399,36,15,2,64,52,,0.0
CUST_004525,2023-10-13,Startup,Technology,USA,Basic,49,36,2,2,100,19,,0.0
CUST_004526,2023-01-03,Mid-Market,Other,Germany,Professional,149,1,21,1,53,20,,0.0
CUST_004527,2023-10-10,Small Business,Healthcare,Canada,Professional,149,1,2,1,69,7,,0.0
CUST_004528,2024-05-26,Startup,Education,Germany,Basic,49,12,3,3,38,73,2024-11-27,1.0
CUST_004529,2024-11-29,Mid-Market,Other,USA,Professional,149,12,49,2,23,72,,0.0
CUST_004530,2022-06-28,Small Business,Real Estate,Germany,Professional,149,12,6,1,58,45,,0.0
CUST_004531,2020-07-06,Mid-Market,Technology,Canada,Business,399,12,19,2,93,12,,0.0
CUST_004532,2024-09-04,Mid-Market,Retail,USA,Basic,49,24,20,1,39,37,,0.0
CUST_004533,2023-08-06,Small Business,Technology,UK,Enterprise,999,36,4,1,79,41,,0.0
CUST_004534,2020-02-14,Small Business,Technology,Canada,Basic,49,1,2,2,88,20,,0.0
CUST_004535,2024-05-15,Startup,Technology,UK,Basic,49,1,4,0,93,100,,0.0
CUST_004536,2020-03-23,Small Business,Real Estate,Canada,Business,399,1,9,4,78,1,2021-03-14,1.0
CUST_004537,2023-02-20,Small Business,Real Estate,USA,Business,399,12,6,4,49,29,,0.0
CUST_004538,2020-12-23,Enterprise,Technology,UK,Basic,49,12,186,1,40,12,,0.0
CUST_004539,2024-03-31,Mid-Market,Finance,UK,Enterprise,999,12,45,3,27,100,,0.0
CUST_004540,2022-12-25,Startup,Other,UK,Basic,49,36,4,0,100,3,,0.0
CUST_004541,2022-07-24,Enterprise,Finance,UK,Professional,149,12,357,1,82,67,,0.0
CUST_004542,2024-08-07,Small Business,Healthcare,Australia,Basic,49,12,6,1,77,-4,,0.0
CUST_004543,2021-01-09,Mid-Market,Finance,France,Professional,149,24,34,3,17,34,,0.0
CUST_004544,2020-06-10,Small Business,Education,Canada,Professional,149,24,3,2,77,100,,0.0
CUST_004545,2024-11-04,Small Business,Finance,Germany,Professional,149,12,6,0,69,-29,,0.0
CUST_004546,2023-11-04,Mid-Market,Education,USA,Professional,149,24,37,0,71,-7,,0.0
CUST_004547,2024-08-06,Mid-Market,Finance,Germany,Professional,149,12,21,4,56,100,,0.0
CUST_004548,2023-10-13,Small Business,Healthcare,UK,Enterprise,999,24,2,1,68,74,,0.0
CUST_004549,2023-04-26,Small Business,Healthcare,USA,Basic,49,12,2,1,44,-46,2024-09-02,1.0
CUST_004550,2020-11-17,Mid-Market,Technology,USA,Basic,49,1,32,0,66,7,,0.0
CUST_004551,2021-03-25,Small Business,Finance,USA,Business,399,24,3,2,39,15,2022-03-06,1.0
CUST_004552,2024-02-06,Mid-Market,Technology,USA,Basic,49,12,33,1,85,58,,0.0
CUST_004553,2022-11-02,Startup,Education,USA,Professional,149,12,4,4,81,56,,0.0
CUST_004554,2020-07-02,Small Business,Finance,USA,Professional,149,24,3,1,79,41,,0.0
CUST_004555,2020-04-20,Mid-Market,Manufacturing,Germany,Basic,49,12,12,2,34,-21,2021-06-27,1.0
CUST_004556,2021-05-22,Small Business,Other,USA,Enterprise,999,12,7,2,66,86,,0.0
CUST_004557,2023-08-06,Small Business,Education,USA,Basic,49,24,4,0,79,61,,0.0
CUST_004558,2020-10-21,Mid-Market,Other,France,Basic,49,24,47,3,80,11,,0.0
CUST_004559,2024-01-14,Small Business,Retail,USA,Basic,49,24,5,1,100,100,,0.0
CUST_004560,2022-06-22,Mid-Market,Technology,Australia,Basic,49,24,16,3,45,18,,0.0
CUST_004561,2023-05-23,Mid-Market,Other,Canada,Professional,149,24,17,3,58,63,,0.0
CUST_004562,2022-08-31,Mid-Market,Real Estate,USA,Business,399,24,16,2,73,100,,0.0
CUST_004563,2021-09-23,Small Business,Real Estate,USA,Business,399,12,3,2,68,30,,0.0
CUST_004564,2024-05-09,Mid-Market,Manufacturing,USA,Business,399,1,16,4,82,6,,0.0
CUST_004565,2022-11-16,Small Business,Retail,USA,Basic,49,12,6,6,27,60,,0.0
CUST_004566,2024-07-11,Small Business,Technology,USA,Basic,49,1,8,2,58,34,,0.0
CUST_004567,2022-01-02,Small Business,Manufacturing,USA,Enterprise,999,1,9,3,58,83,,0.0
CUST_004568,2023-06-08,Startup,Technology,USA,Basic,49,36,2,0,80,62,,0.0
CUST_004569,2024-05-07,Startup,Healthcare,Canada,Enterprise,999,12,4,0,89,70,,0.0
CUST_004570,2020-11-16,Small Business,Retail,USA,Business,399,24,3,1,71,-4,,0.0
CUST_004571,2022-07-01,Small Business,Finance,France,Enterprise,999,12,6,3,100,68,,0.0
CUST_004572,2023-06-10,Mid-Market,Technology,USA,Professional,149,12,27,2,63,-17,,0.0
CUST_004573,2024-08-20,Startup,Education,France,Basic,49,1,4,3,52,56,,0.0
CUST_004574,2021-03-12,Enterprise,Real Estate,USA,Professional,149,36,345,1,97,56,,0.0
CUST_004575,2022-02-19,Mid-Market,Manufacturing,Germany,Business,399,1,49,4,61,-61,,0.0
CUST_004576,2024-04-05,Small Business,Finance,USA,Basic,49,12,2,4,50,76,,0.0
CUST_004577,2023-11-27,Enterprise,Other,Canada,Business,399,1,468,1,85,25,,0.0
CUST_004578,2022-12-12,Mid-Market,Technology,USA,Basic,49,1,37,0,50,6,,0.0
CUST_004579,2024-12-15,Small Business,Manufacturing,UK,Professional,149,1,3,3,76,26,,0.0
CUST_004580,2023-08-29,Small Business,Technology,USA,Business,399,12,9,2,92,-25,,0.0
CUST_004581,2023-07-28,Small Business,Healthcare,UK,Basic,49,24,5,0,65,96,,0.0
CUST_004582,2021-12-26,Startup,Retail,USA,Basic,49,12,2,2,91,61,,0.0
CUST_004583,2020-01-31,Mid-Market,Manufacturing,UK,Basic,49,12,23,4,73,100,,0.0
CUST_004584,2020-12-02,Enterprise,Technology,USA,Basic,49,36,457,5,34,22,,0.0
CUST_004585,2020-07-01,Small Business,Healthcare,USA,Basic,49,24,2,5,83,16,,0.0
CUST_004586,2022-11-12,Mid-Market,Finance,Canada,Basic,49,24,21,4,96,68,,0.0
CUST_004587,2021-06-27,Small Business,Finance,Other,Basic,49,12,3,2,75,73,,0.0
CUST_004588,2024-01-09,Mid-Market,Retail,UK,Business,399,24,12,4,58,81,,0.0
CUST_004589,2023-01-02,Small Business,Healthcare,Germany,Enterprise,999,12,6,1,71,74,,0.0
CUST_004590,2022-10-30,Small Business,Finance,UK,Professional,149,1,5,2,54,100,,0.0
CUST_004591,2024-02-16,Small Business,Technology,UK,Basic,49,1,7,3,93,62,,0.0
CUST_004592,2024-01-19,Small Business,Technology,USA,Basic,49,1,3,1,70,53,,0.0
CUST_004593,2024-05-08,Small Business,Retail,USA,Business,399,12,7,1,72,94,,0.0
CUST_004594,2024-05-06,Mid-Market,Manufacturing,Australia,Business,399,24,40,2,62,-15,,0.0
CUST_004595,2021-10-21,Enterprise,Technology,UK,Enterprise,999,24,356,3,87,62,,0.0
CUST_004596,2020-06-08,Enterprise,Technology,Canada,Basic,49,36,152,0,47,-2,,0.0
CUST_004597,2022-11-03,Small Business,Retail,UK,Business,399,12,2,4,100,42,,0.0
CUST_004598,2023-04-16,Small Business,Healthcare,USA,Professional,149,24,8,1,66,48,,0.0
CUST_004599,2021-02-15,Small Business,Healthcare,USA,Enterprise,999,1,6,3,70,-14,2022-03-30,1.0
CUST_004600,2022-10-08,Mid-Market,Finance,Canada,Professional,149,12,18,2,46,28,,0.0
CUST_004601,2020-02-22,Small Business,Technology,USA,Professional,149,24,2,1,99,38,,0.0
CUST_004602,2021-02-11,Startup,Technology,USA,Business,399,24,4,1,74,39,,0.0
CUST_004603,2022-04-26,Mid-Market,Real Estate,UK,Business,399,12,42,2,81,62,,0.0
CUST_004604,2022-11-11,Mid-Market,Manufacturing,Other,Basic,49,12,44,2,54,48,,0.0
CUST_004605,2022-11-19,Mid-Market,Manufacturing,USA,Basic,49,1,28,3,92,40,,0.0
CUST_004606,2021-12-03,Small Business,Finance,Canada,Professional,149,24,5,1,53,30,2023-08-01,1.0
CUST_004607,2020-09-16,Small Business,Manufacturing,USA,Basic,49,24,9,5,83,17,,0.0
CUST_004608,2023-05-13,Mid-Market,Other,USA,Professional,149,12,28,1,57,42,,0.0
CUST_004609,2022-12-18,Small Business,Retail,Australia,Enterprise,999,1,9,2,41,-16,,0.0
CUST_004610,2024-02-03,Mid-Market,Healthcare,Germany,Professional,149,12,10,7,55,16,,0.0
CUST_004611,2022-02-14,Small Business,Retail,USA,Business,399,12,8,4,42,30,2022-07-26,1.0
CUST_004612,2024-01-29,Small Business,Finance,UK,Business,399,12,8,3,64,-31,,0.0
CUST_004613,2022-11-01,Small Business,Retail,USA,Business,399,12,4,1,96,58,,0.0
CUST_004614,2024-07-12,Enterprise,Finance,Germany,Enterprise,999,24,117,0,100,20,,0.0
CUST_004615,2023-08-06,Startup,Real Estate,USA,Business,399,12,1,1,100,25,,0.0
CUST_004616,2022-04-29,Small Business,Retail,France,Professional,149,1,2,2,60,36,2023-12-16,1.0
CUST_004617,2024-11-18,Mid-Market,Technology,UK,Basic,49,24,42,1,63,-15,,0.0
CUST_004618,2020-12-19,Mid-Market,Technology,USA,Professional,149,12,18,2,70,33,,0.0
CUST_004619,2024-07-20,Small Business,Finance,Australia,Basic,49,24,5,3,32,9,,0.0
CUST_004620,2023-01-03,Startup,Technology,Other,Basic,49,12,1,1,53,64,,0.0
CUST_004621,2022-05-22,Startup,Healthcare,USA,Business,399,1,1,2,53,58,,0.0
CUST_004622,2024-10-05,Small Business,Healthcare,France,Professional,149,1,6,3,47,-3,,0.0
CUST_004623,2024-05-03,Startup,Healthcare,France,Basic,49,1,1,0,58,26,,0.0
CUST_004624,2024-06-02,Enterprise,Other,Germany,Enterprise,999,24,128,1,36,-17,,0.0
CUST_004625,2024-01-04,Enterprise,Healthcare,Other,Professional,149,12,308,0,67,-1,,0.0
CUST_004626,2022-09-17,Startup,Healthcare,UK,Professional,149,36,2,6,33,36,,0.0
CUST_004627,2023-06-18,Startup,Technology,Germany,Business,399,24,4,1,53,62,,0.0
CUST_004628,2022-10-14,Small Business,Finance,France,Professional,149,12,7,2,31,19,,0.0
CUST_004629,2023-03-23,Startup,Technology,UK,Basic,49,36,4,3,87,15,,0.0
CUST_004630,2024-12-14,Startup,Retail,UK,Business,399,12,2,0,100,59,,0.0
CUST_004631,2023-01-24,Startup,Technology,USA,Basic,49,1,4,3,54,47,,0.0
CUST_004632,2024-10-15,Startup,Retail,France,Professional,149,24,4,2,47,-27,,0.0
CUST_004633,2020-10-20,Startup,Education,Germany,Basic,49,1,4,2,78,22,,0.0
CUST_004634,2020-07-27,Mid-Market,Technology,UK,Professional,149,36,37,2,52,17,,0.0
CUST_004635,2023-09-28,Startup,Finance,UK,Basic,49,36,4,1,40,11,,0.0
CUST_004636,2023-01-16,Mid-Market,Finance,USA,Business,399,36,43,0,30,9,2023-12-27,1.0
CUST_004637,2022-03-28,Startup,Education,USA,Basic,49,36,4,4,40,52,2022-12-31,1.0
CUST_004638,2024-12-04,Small Business,Finance,UK,Business,399,12,8,2,88,-20,,0.0
CUST_004639,2021-01-24,Small Business,Retail,UK,Business,399,12,6,4,89,75,,0.0
CUST_004640,2020-11-20,Small Business,Education,France,Professional,149,1,9,3,54,28,,0.0
CUST_004641,2022-07-28,Enterprise,Retail,UK,Professional,149,24,252,5,74,29,,0.0
CUST_004642,2022-06-07,Mid-Market,Healthcare,Other,Business,399,1,37,2,90,99,,0.0
CUST_004643,2023-03-26,Startup,Technology,USA,Basic,49,24,4,3,39,65,2024-08-25,1.0
CUST_004644,2021-10-29,Startup,Manufacturing,Other,Basic,49,36,4,3,69,9,,0.0
CUST_004645,2024-08-01,Mid-Market,Real Estate,USA,Basic,49,1,17,4,29,39,,0.0
CUST_004646,2021-09-24,Startup,Other,Canada,Professional,149,1,2,1,60,8,,0.0
CUST_004647,2021-07-30,Startup,Real Estate,UK,Basic,49,12,4,4,80,33,,0.0
CUST_004648,2024-06-30,Small Business,Education,USA,Basic,49,24,9,2,93,-10,,0.0
CUST_004649,2024-08-09,Enterprise,Retail,USA,Professional,149,24,114,1,77,21,,0.0
CUST_004650,2020-05-16,Startup,Education,USA,Basic,49,12,2,2,20,43,,0.0
CUST_004651,2024-08-24,Small Business,Finance,Germany,Basic,49,24,3,2,42,20,,0.0
CUST_004652,2021-03-03,Startup,Retail,USA,Enterprise,999,1,4,4,60,5,2022-10-05,1.0
CUST_004653,2024-01-15,Startup,Healthcare,Other,Business,399,12,2,3,70,100,,0.0
CUST_004654,2021-09-03,Startup,Healthcare,USA,Basic,49,12,3,3,68,23,,0.0
CUST_004655,2022-06-29,Small Business,Manufacturing,Other,Basic,49,1,9,0,50,-3,,0.0
CUST_004656,2022-03-29,Mid-Market,Finance,USA,Professional,149,12,36,2,85,22,,0.0
CUST_004657,2020-05-20,Mid-Market,Technology,USA,Basic,49,24,21,1,66,30,2022-04-26,1.0
CUST_004658,2023-01-11,Mid-Market,Technology,USA,Enterprise,999,36,31,0,42,54,,0.0
CUST_004659,2020-06-25,Enterprise,Real Estate,Australia,Business,399,12,150,2,53,37,,0.0
CUST_004660,2020-07-16,Small Business,Manufacturing,UK,Enterprise,999,36,9,2,100,28,,0.0
CUST_004661,2021-09-15,Small Business,Finance,USA,Business,399,1,9,1,91,39,,0.0
CUST_004662,2024-05-10,Startup,Finance,USA,Professional,149,36,3,3,83,100,,0.0
CUST_004663,2021-11-21,Mid-Market,Finance,USA,Business,399,1,32,1,71,-1,,0.0
CUST_004664,2023-12-15,Small Business,Technology,Canada,Business,399,12,6,2,45,-3,,0.0
CUST_004665,2021-02-04,Enterprise,Finance,USA,Professional,149,1,122,2,63,82,,0.0
CUST_004666,2024-09-17,Enterprise,Education,Germany,Basic,49,24,109,0,51,1,,0.0
CUST_004667,2021-04-15,Enterprise,Healthcare,Canada,Professional,149,1,385,2,62,10,,0.0
CUST_004668,2020-08-05,Small Business,Healthcare,Australia,Basic,49,1,4,2,46,50,2022-07-18,1.0
CUST_004669,2022-07-17,Enterprise,Technology,UK,Business,399,12,173,4,76,8,,0.0
CUST_004670,2024-10-18,Small Business,Finance,USA,Business,399,1,8,1,49,70,,0.0
CUST_004671,2021-09-23,Mid-Market,Technology,Other,Enterprise,999,1,27,2,51,7,,0.0
CUST_004672,2022-08-08,Startup,Retail,USA,Professional,149,12,2,1,73,7,,0.0
CUST_004673,2022-06-24,Startup,Finance,UK,Business,399,1,3,0,100,92,,0.0
CUST_004674,2020-06-23,Startup,Education,France,Basic,49,1,1,1,44,21,2022-02-01,1.0
CUST_004675,2020-01-23,Startup,Retail,USA,Basic,49,1,3,2,51,-18,,0.0
CUST_004676,2024-10-14,Startup,Healthcare,USA,Enterprise,999,1,2,0,66,100,,0.0
CUST_004677,2020-08-22,Startup,Finance,USA,Business,399,12,3,2,55,31,,0.0
CUST_004678,2022-11-02,Small Business,Manufacturing,USA,Business,399,12,3,0,20,16,,0.0
CUST_004679,2023-01-29,Mid-Market,Technology,USA,Basic,49,12,34,3,97,3,,0.0
CUST_004680,2022-07-17,Mid-Market,Retail,USA,Business,399,1,29,2,43,41,,0.0
CUST_004681,2024-04-08,Mid-Market,Real Estate,USA,Business,399,12,17,3,71,39,,0.0
CUST_004682,2021-06-06,Small Business,Healthcare,France,Basic,49,12,2,3,80,100,,0.0
CUST_004683,2024-12-13,Small Business,Retail,Canada,Business,399,12,5,1,43,21,,0.0
CUST_004684,2024-01-15,Startup,Education,Canada,Professional,149,12,3,3,70,68,,0.0
CUST_004685,2021-03-06,Startup,Finance,UK,Basic,49,1,1,1,78,100,,0.0
CUST_004686,2022-03-03,Small Business,Manufacturing,France,Business,399,1,6,2,24,49,,0.0
CUST_004687,2024-06-17,Small Business,Healthcare,Australia,Basic,49,12,6,0,61,40,2024-09-18,1.0
CUST_004688,2024-10-02,Startup,Healthcare,Australia,Basic,49,1,1,4,73,42,,0.0
CUST_004689,2021-06-16,Mid-Market,Retail,France,Business,399,12,33,3,84,43,,0.0
CUST_004690,2022-09-05,Startup,Manufacturing,USA,Business,399,12,2,4,30,18,,0.0
CUST_004691,2024-10-12,Mid-Market,Other,Canada,Basic,49,36,23,2,67,-21,,0.0
CUST_004692,2024-08-02,Small Business,Technology,Canada,Enterprise,999,12,5,0,83,61,,0.0
CUST_004693,2023-08-09,Mid-Market,Finance,UK,Basic,49,12,38,5,71,18,,0.0
CUST_004694,2022-03-20,Startup,Healthcare,UK,Enterprise,999,12,4,1,79,19,,0.0
CUST_004695,2022-07-01,Small Business,Technology,USA,Business,399,1,3,3,79,56,,0.0
CUST_004696,2023-01-29,Mid-Market,Finance,USA,Professional,149,12,24,1,47,17,,0.0
CUST_004697,2024-03-05,Mid-Market,Healthcare,Other,Basic,49,12,30,2,83,83,,0.0
CUST_004698,2023-08-20,Small Business,Healthcare,Canada,Basic,49,24,3,2,80,-19,,0.0
CUST_004699,2022-05-20,Startup,Healthcare,USA,Basic,49,24,1,4,55,33,,0.0
CUST_004700,2021-06-23,Startup,Healthcare,USA,Professional,149,1,2,2,63,-9,,0.0
CUST_004701,2022-10-20,Small Business,Other,Canada,Professional,149,1,7,3,81,-9,,0.0
CUST_004702,2024-04-25,Mid-Market,Education,UK,Basic,49,12,20,1,90,11,,0.0
CUST_004703,2023-10-10,Small Business,Technology,UK,Business,399,12,8,1,61,51,,0.0
CUST_004704,2023-08-19,Small Business,Real Estate,USA,Basic,49,1,6,3,72,50,,0.0
CUST_004705,2024-02-28,Startup,Retail,USA,Professional,149,12,1,3,92,71,,0.0
CUST_004706,2024-08-08,Mid-Market,Real Estate,USA,Basic,49,12,13,3,54,-22,,0.0
CUST_004707,2024-11-26,Small Business,Healthcare,Germany,Business,399,12,2,3,95,9,,0.0
CUST_004708,2020-08-14,Small Business,Finance,USA,Professional,149,1,9,3,47,25,,0.0
CUST_004709,2023-06-13,Startup,Real Estate,USA,Business,399,12,4,0,61,100,,0.0
CUST_004710,2022-05-22,Startup,Healthcare,Germany,Basic,49,24,4,0,80,-38,,0.0
CUST_004711,2022-06-10,Startup,Real Estate,France,Basic,49,36,2,1,88,39,,0.0
CUST_004712,2024-01-18,Small Business,Education,USA,Basic,49,36,3,1,69,25,,0.0
CUST_004713,2022-11-02,Mid-Market,Other,Germany,Basic,49,12,49,0,28,-52,,0.0
CUST_004714,2020-07-28,Startup,Healthcare,Other,Basic,49,12,1,0,61,67,,0.0
CUST_004715,2022-01-10,Small Business,Technology,Other,Professional,149,12,6,0,60,-3,,0.0
CUST_004716,2021-01-31,Mid-Market,Healthcare,France,Professional,149,1,46,1,62,79,,0.0
CUST_004717,2023-01-28,Small Business,Other,Germany,Business,399,1,6,2,89,-3,,0.0
CUST_004718,2020-01-31,Startup,Healthcare,USA,Professional,149,1,2,0,42,10,2021-11-13,1.0
CUST_004719,2022-06-16,Mid-Market,Retail,Canada,Professional,149,12,32,1,63,78,,0.0
CUST_004720,2024-03-31,Small Business,Finance,Canada,Enterprise,999,12,4,2,61,3,2024-10-28,1.0
CUST_004721,2021-10-10,Small Business,Healthcare,UK,Professional,149,1,4,0,60,52,,0.0
CUST_004722,2020-11-24,Enterprise,Technology,UK,Professional,149,12,103,4,46,-43,,0.0
CUST_004723,2023-04-04,Mid-Market,Finance,Germany,Enterprise,999,12,33,2,69,39,,0.0
CUST_004724,2024-01-22,Startup,Education,Other,Enterprise,999,24,4,3,57,49,,0.0
CUST_004725,2022-08-09,Startup,Technology,USA,Professional,149,12,4,0,51,72,,0.0
CUST_004726,2023-01-28,Mid-Market,Real Estate,USA,Professional,149,1,37,0,55,37,,0.0
CUST_004727,2021-09-12,Startup,Retail,Canada,Professional,149,1,1,0,53,-12,,0.0
CUST_004728,2023-04-11,Startup,Retail,USA,Business,399,24,1,1,45,6,,0.0
CUST_004729,2024-11-07,Small Business,Retail,Canada,Enterprise,999,1,7,0,49,-37,,0.0
CUST_004730,2020-06-10,Small Business,Healthcare,USA,Basic,49,12,6,1,35,6,,0.0
CUST_004731,2024-10-17,Startup,Finance,UK,Business,399,12,1,1,100,26,,0.0
CUST_004732,2022-02-14,Small Business,Education,Canada,Business,399,36,9,2,68,42,2022-12-02,1.0
CUST_004733,2023-07-10,Mid-Market,Healthcare,USA,Basic,49,12,30,5,62,-19,2024-08-12,1.0
CUST_004734,2020-09-30,Startup,Finance,USA,Business,399,12,3,3,85,64,,0.0
CUST_004735,2022-10-23,Small Business,Technology,USA,Professional,149,12,3,0,70,25,,0.0
CUST_004736,2022-11-17,Mid-Market,Manufacturing,USA,Basic,49,36,32,3,77,65,,0.0
CUST_004737,2020-11-21,Small Business,Finance,Germany,Enterprise,999,12,6,1,68,99,,0.0
CUST_004738,2022-07-28,Small Business,Finance,UK,Professional,149,1,5,0,100,4,,0.0
CUST_004739,2023-03-18,Startup,Technology,USA,Professional,149,12,1,2,100,34,,0.0
CUST_004740,2021-06-23,Small Business,Other,UK,Business,399,12,3,0,100,-5,,0.0
CUST_004741,2021-05-02,Mid-Market,Healthcare,USA,Enterprise,999,1,45,3,3,8,,0.0
CUST_004742,2022-04-01,Small Business,Retail,France,Business,399,12,4,1,52,12,,0.0
CUST_004743,2024-01-01,Small Business,Retail,USA,Professional,149,24,9,3,54,18,,0.0
CUST_004744,2022-12-24,Mid-Market,Education,France,Professional,149,12,37,2,91,26,,0.0
CUST_004745,2020-12-21,Small Business,Healthcare,UK,Basic,49,12,5,1,56,74,,0.0
CUST_004746,2024-04-05,Startup,Manufacturing,UK,Professional,149,12,3,2,58,-11,,0.0
CUST_004747,2023-06-29,Enterprise,Healthcare,Germany,Enterprise,999,12,345,5,55,26,,0.0
CUST_004748,2020-08-22,Small Business,Finance,Australia,Business,399,12,2,2,58,56,,0.0
CUST_004749,2020-08-14,Mid-Market,Manufacturing,Other,Basic,49,12,14,3,64,78,,0.0
CUST_004750,2024-03-28,Mid-Market,Education,UK,Basic,49,1,11,0,76,-22,,0.0
CUST_004751,2023-08-29,Small Business,Retail,USA,Enterprise,999,1,5,0,63,56,,0.0
CUST_004752,2020-02-18,Mid-Market,Real Estate,Australia,Business,399,36,43,1,62,1,,0.0
CUST_004753,2020-04-27,Startup,Healthcare,USA,Professional,149,24,4,1,55,43,,0.0
CUST_004754,2020-02-23,Mid-Market,Real Estate,France,Professional,149,1,33,4,69,27,2021-06-26,1.0
CUST_004755,2024-07-31,Small Business,Technology,Germany,Basic,49,12,8,1,27,37,,0.0
CUST_004756,2021-07-18,Enterprise,Retail,Other,Business,399,36,55,4,30,50,,0.0
CUST_004757,2022-12-03,Startup,Finance,Australia,Professional,149,1,2,1,44,-4,,0.0
CUST_004758,2020-02-22,Small Business,Finance,USA,Business,399,12,8,2,77,43,,0.0
CUST_004759,2024-05-28,Small Business,Healthcare,Canada,Professional,149,1,6,3,31,57,,0.0
CUST_004760,2021-07-11,Mid-Market,Finance,USA,Professional,149,12,40,1,84,13,,0.0
CUST_004761,2024-03-28,Small Business,Technology,USA,Basic,49,36,5,4,67,-11,,0.0
CUST_004762,2024-08-27,Mid-Market,Healthcare,UK,Enterprise,999,24,48,0,43,-45,,0.0
CUST_004763,2023-01-30,Startup,Technology,USA,Enterprise,999,12,1,1,75,19,,0.0
CUST_004764,2024-12-20,Small Business,Retail,Germany,Business,399,12,5,3,46,77,,0.0
CUST_004765,2024-11-28,Small Business,Technology,Other,Enterprise,999,12,6,1,65,14,,0.0
CUST_004766,2022-05-17,Small Business,Technology,Canada,Business,399,1,2,3,54,36,,0.0
CUST_004767,2021-02-01,Small Business,Technology,USA,Basic,49,1,2,4,84,40,,0.0
CUST_004768,2023-03-07,Small Business,Healthcare,Australia,Business,399,36,3,4,81,87,2024-09-28,1.0
CUST_004769,2021-11-05,Small Business,Education,Australia,Basic,49,1,6,3,85,-53,,0.0
CUST_004770,2021-01-21,Small Business,Real Estate,Germany,Professional,149,12,6,0,89,67,,0.0
CUST_004771,2020-04-20,Small Business,Technology,Canada,Basic,49,12,5,4,79,30,,0.0
CUST_004772,2021-09-05,Small Business,Retail,Australia,Professional,149,36,8,1,70,67,,0.0
CUST_004773,2020-01-17,Mid-Market,Manufacturing,USA,Business,399,12,27,0,28,59,,0.0
CUST_004774,2024-12-08,Startup,Finance,Other,Basic,49,12,3,0,65,7,,0.0
CUST_004775,2023-04-20,Small Business,Retail,Other,Basic,49,12,7,0,24,88,,0.0
CUST_004776,2022-06-02,Small Business,Technology,Australia,Business,399,24,7,3,39,99,,0.0
CUST_004777,2024-04-08,Startup,Finance,USA,Business,399,12,2,1,80,77,,0.0
CUST_004778,2021-06-24,Enterprise,Healthcare,Australia,Professional,149,36,357,1,41,100,,0.0
CUST_004779,2020-06-19,Startup,Technology,UK,Basic,49,12,3,1,74,22,,0.0
CUST_004780,2021-02-12,Startup,Retail,Canada,Professional,149,12,3,2,61,-4,,0.0
CUST_004781,2022-01-09,Startup,Finance,Australia,Business,399,24,3,1,61,58,,0.0
CUST_004782,2023-11-02,Startup,Healthcare,USA,Business,399,24,2,1,57,42,,0.0
CUST_004783,2023-04-26,Small Business,Finance,USA,Basic,49,1,7,0,74,52,,0.0
CUST_004784,2022-05-07,Mid-Market,Education,France,Enterprise,999,1,11,2,58,7,,0.0
CUST_004785,2020-08-17,Small Business,Education,France,Basic,49,36,8,2,56,100,,0.0
CUST_004786,2020-04-28,Mid-Market,Retail,Australia,Basic,49,12,22,1,72,37,,0.0
CUST_004787,2023-03-25,Mid-Market,Finance,USA,Professional,149,12,36,1,63,-16,2024-03-05,1.0
CUST_004788,2022-02-22,Startup,Retail,Germany,Basic,49,12,1,2,42,36,,0.0
CUST_004789,2024-09-06,Mid-Market,Healthcare,USA,Enterprise,999,12,29,2,63,53,,0.0
CUST_004790,2021-04-09,Startup,Technology,France,Basic,49,24,1,3,39,-5,,0.0
CUST_004791,2020-04-13,Startup,Healthcare,USA,Basic,49,12,2,5,64,52,,0.0
CUST_004792,2024-06-15,Startup,Finance,Germany,Professional,149,12,2,1,89,35,,0.0
CUST_004793,2021-11-28,Startup,Retail,UK,Professional,149,1,4,4,46,-12,,0.0
CUST_004794,2024-12-23,Startup,Other,Other,Basic,49,36,3,5,81,3,,0.0
CUST_004795,2024-03-05,Startup,Education,Canada,Basic,49,24,4,2,77,35,,0.0
CUST_004796,2024-09-12,Small Business,Technology,Canada,Basic,49,24,4,2,34,31,,0.0
CUST_004797,2024-09-01,Mid-Market,Technology,USA,Professional,149,12,11,3,67,-41,,0.0
CUST_004798,2024-09-18,Startup,Technology,Germany,Business,399,12,2,3,88,48,,0.0
CUST_004799,2020-06-23,Startup,Manufacturing,UK,Business,399,24,4,4,53,38,2021-07-26,1.0
CUST_004800,2024-10-23,Small Business,Manufacturing,USA,Professional,149,24,9,3,52,61,,0.0
CUST_004801,2022-01-14,Enterprise,Other,Canada,Professional,149,24,155,1,48,50,,0.0
CUST_004802,2024-08-24,Small Business,Finance,Australia,Business,399,12,8,5,69,18,,0.0
CUST_004803,2023-12-15,Enterprise,Education,USA,Professional,149,12,138,2,32,32,,0.0
CUST_004804,2023-03-03,Startup,Retail,USA,Basic,49,24,4,1,41,100,,0.0
CUST_004805,2023-11-15,Startup,Real Estate,Canada,Professional,149,12,2,3,47,-1,,0.0
CUST_004806,2024-10-25,Mid-Market,Manufacturing,France,Business,399,12,14,0,27,16,,0.0
CUST_004807,2024-03-04,Small Business,Retail,USA,Professional,149,12,9,0,31,0,,0.0
CUST_004808,2021-10-26,Enterprise,Retail,Other,Basic,49,12,168,5,47,-16,2022-03-06,1.0
CUST_004809,2020-02-02,Small Business,Manufacturing,Other,Basic,49,24,3,0,58,14,,0.0
CUST_004810,2020-02-24,Mid-Market,Finance,USA,Business,399,1,44,5,90,22,,0.0
CUST_004811,2021-06-02,Small Business,Technology,USA,Basic,49,24,5,5,85,-1,,0.0
CUST_004812,2022-01-25,Small Business,Technology,Germany,Professional,149,1,3,3,74,100,,0.0
CUST_004813,2024-07-19,Mid-Market,Finance,Other,Basic,49,36,17,3,100,26,,0.0
CUST_004814,2020-01-12,Small Business,Retail,Germany,Basic,49,12,4,5,63,-8,,0.0
CUST_004815,2024-03-31,Mid-Market,Technology,UK,Basic,49,24,43,2,81,65,,0.0
CUST_004816,2021-12-20,Small Business,Healthcare,USA,Basic,49,12,7,3,56,-7,,0.0
CUST_004817,2021-07-08,Enterprise,Healthcare,UK,Basic,49,1,481,0,77,23,,0.0
CUST_004818,2021-01-07,Small Business,Retail,Canada,Business,399,12,9,5,52,-36,,0.0
CUST_004819,2021-04-28,Startup,Healthcare,USA,Professional,149,36,2,0,27,56,2023-04-01,1.0
CUST_004820,2022-08-30,Startup,Technology,UK,Business,399,1,3,0,59,55,2023-10-10,1.0
CUST_004821,2024-07-28,Startup,Technology,USA,Basic,49,12,3,0,91,52,,0.0
CUST_004822,2023-06-05,Startup,Technology,UK,Business,399,12,2,3,29,59,2024-01-04,1.0
CUST_004823,2021-09-14,Mid-Market,Education,USA,Enterprise,999,1,31,2,44,18,,0.0
CUST_004824,2020-11-02,Mid-Market,Healthcare,USA,Basic,49,36,34,5,69,60,,0.0
CUST_004825,2021-04-01,Small Business,Manufacturing,Australia,Enterprise,999,12,6,1,76,100,,0.0
CUST_004826,2020-06-08,Startup,Retail,USA,Basic,49,12,2,4,84,45,2020-11-11,1.0
CUST_004827,2020-11-26,Startup,Other,Canada,Business,399,1,3,3,85,30,,0.0
CUST_004828,2022-02-14,Enterprise,Healthcare,USA,Basic,49,1,425,2,64,-26,,0.0
CUST_004829,2020-08-12,Small Business,Technology,USA,Professional,149,1,5,2,40,41,2021-03-11,1.0
CUST_004830,2022-09-09,Mid-Market,Technology,USA,Professional,149,12,36,4,84,-7,,0.0
CUST_004831,2021-12-29,Startup,Technology,USA,Professional,149,12,1,0,47,30,,0.0
CUST_004832,2024-03-07,Small Business,Manufacturing,USA,Business,399,1,7,3,45,-7,,0.0
CUST_004833,2024-01-19,Mid-Market,Technology,Australia,Professional,149,24,32,4,97,-9,,0.0
CUST_004834,2022-12-04,Small Business,Technology,USA,Professional,149,12,8,2,58,26,2024-05-12,1.0
CUST_004835,2023-05-22,Small Business,Real Estate,USA,Enterprise,999,1,5,1,70,100,,0.0
CUST_004836,2022-12-18,Startup,Retail,France,Enterprise,999,1,3,5,83,4,,0.0
CUST_004837,2021-10-05,Enterprise,Technology,USA,Enterprise,999,1,256,1,66,-10,,0.0
CUST_004838,2021-09-07,Startup,Technology,Germany,Business,399,1,1,2,66,100,,0.0
CUST_004839,2020-07-13,Small Business,Technology,USA,Basic,49,12,5,5,97,8,,0.0
CUST_004840,2021-05-03,Startup,Other,USA,Basic,49,24,1,1,45,23,,0.0
CUST_004841,2020-06-05,Startup,Education,Canada,Basic,49,36,2,0,68,25,,0.0
CUST_004842,2021-09-01,Mid-Market,Education,Other,Enterprise,999,24,29,0,72,50,,0.0
CUST_004843,2023-06-03,Mid-Market,Real Estate,USA,Basic,49,12,20,4,21,-10,,0.0
CUST_004844,2021-02-15,Small Business,Finance,UK,Professional,149,12,3,4,50,20,,0.0
CUST_004845,2023-05-13,Mid-Market,Technology,USA,Basic,49,36,25,0,39,45,,0.0
CUST_004846,2023-01-07,Startup,Finance,USA,Basic,49,12,2,3,82,31,2023-08-28,1.0
CUST_004847,2023-02-21,Small Business,Manufacturing,Other,Basic,49,12,2,3,66,-3,,0.0
CUST_004848,2021-04-15,Startup,Real Estate,USA,Professional,149,12,1,1,61,-14,,0.0
CUST_004849,2023-05-26,Mid-Market,Finance,Australia,Basic,49,12,36,2,60,50,,0.0
CUST_004850,2021-05-30,Mid-Market,Finance,USA,Professional,149,12,41,1,87,15,,0.0
CUST_004851,2024-06-13,Small Business,Other,Australia,Business,399,24,6,4,62,82,,0.0
CUST_004852,2023-02-01,Enterprise,Technology,UK,Business,399,1,244,1,71,25,,0.0
CUST_004853,2021-01-27,Small Business,Real Estate,Australia,Basic,49,1,3,1,48,48,,0.0
CUST_004854,2021-09-22,Startup,Technology,USA,Enterprise,999,12,4,3,82,55,,0.0
CUST_004855,2024-07-26,Small Business,Finance,France,Business,399,1,8,0,85,47,,0.0
CUST_004856,2021-08-30,Startup,Technology,Germany,Basic,49,12,1,1,32,-1,,0.0
CUST_004857,2022-09-06,Mid-Market,Retail,UK,Business,399,12,31,4,54,64,,0.0
CUST_004858,2021-03-09,Mid-Market,Retail,France,Business,399,12,20,4,45,60,,0.0
CUST_004859,2023-09-16,Startup,Healthcare,Canada,Professional,149,12,3,1,68,5,,0.0
CUST_004860,2023-03-12,Startup,Real Estate,Australia,Basic,49,12,4,6,67,11,,0.0
CUST_004861,2024-12-28,Small Business,Retail,USA,Professional,149,12,8,2,77,39,,0.0
CUST_004862,2021-06-23,Startup,Manufacturing,Canada,Business,399,12,4,1,51,53,2021-09-29,1.0
CUST_004863,2020-10-04,Small Business,Technology,Australia,Basic,49,1,4,2,63,13,,0.0
CUST_004864,2020-08-20,Mid-Market,Real Estate,USA,Business,399,12,48,3,56,39,2022-02-07,1.0
CUST_004865,2024-04-01,Mid-Market,Technology,UK,Professional,149,12,31,3,37,3,,0.0
CUST_004866,2024-05-13,Startup,Technology,Other,Professional,149,12,1,2,41,24,2024-12-05,1.0
CUST_004867,2023-01-18,Mid-Market,Technology,UK,Professional,149,1,49,1,25,24,,0.0
CUST_004868,2024-02-24,Small Business,Finance,USA,Basic,49,12,9,1,90,100,,0.0
CUST_004869,2023-05-07,Small Business,Real Estate,USA,Business,399,24,4,2,39,66,,0.0
CUST_004870,2020-12-27,Small Business,Healthcare,Australia,Business,399,1,6,3,57,25,2022-12-05,1.0
CUST_004871,2024-01-04,Small Business,Healthcare,Other,Basic,49,12,3,3,95,35,,0.0
CUST_004872,2020-01-26,Mid-Market,Education,Other,Professional,149,36,11,2,54,10,,0.0
CUST_004873,2022-11-14,Mid-Market,Retail,Germany,Business,399,12,49,4,82,19,,0.0
CUST_004874,2023-11-18,Small Business,Manufacturing,UK,Business,399,1,7,1,56,32,,0.0
CUST_004875,2021-05-21,Small Business,Technology,USA,Business,399,1,4,2,70,9,,0.0
CUST_004876,2023-08-17,Small Business,Manufacturing,USA,Professional,149,1,6,2,59,46,,0.0
CUST_004877,2023-09-24,Small Business,Technology,USA,Enterprise,999,1,3,2,40,47,,0.0
CUST_004878,2020-09-23,Mid-Market,Other,USA,Business,399,24,40,2,100,100,,0.0
CUST_004879,2021-04-05,Startup,Retail,Australia,Basic,49,1,1,1,84,-60,,0.0
CUST_004880,2024-09-12,Small Business,Manufacturing,France,Professional,149,12,6,1,60,18,,0.0
CUST_004881,2021-03-31,Mid-Market,Technology,Canada,Professional,149,1,13,2,46,0,,0.0
CUST_004882,2023-10-15,Small Business,Healthcare,Other,Business,399,1,2,3,47,-72,,0.0
CUST_004883,2022-12-27,Startup,Technology,Other,Basic,49,1,1,3,58,44,2023-05-26,1.0
CUST_004884,2022-10-03,Startup,Healthcare,Germany,Professional,149,1,1,2,45,23,2024-06-28,1.0
CUST_004885,2022-05-12,Mid-Market,Healthcare,UK,Basic,49,1,30,1,64,58,,0.0
CUST_004886,2023-12-06,Small Business,Manufacturing,USA,Basic,49,12,5,2,90,61,,0.0
CUST_004887,2021-05-05,Enterprise,Technology,UK,Professional,149,12,355,6,54,-6,,0.0
CUST_004888,2022-12-08,Enterprise,Manufacturing,USA,Business,399,1,476,2,91,13,,0.0
CUST_004889,2024-09-06,Small Business,Technology,USA,Professional,149,24,6,4,42,82,,0.0
CUST_004890,2021-07-17,Small Business,Technology,Other,Professional,149,1,8,5,85,-45,,0.0
CUST_004891,2023-01-30,Startup,Education,USA,Professional,149,1,1,2,87,12,,0.0
CUST_004892,2020-08-03,Mid-Market,Manufacturing,USA,Professional,149,24,43,0,86,29,,0.0
CUST_004893,2024-01-01,Enterprise,Finance,Canada,Professional,149,36,452,2,73,4,,0.0
CUST_004894,2024-09-19,Small Business,Technology,Canada,Basic,49,24,5,6,63,17,,0.0
CUST_004895,2024-05-11,Enterprise,Retail,USA,Basic,49,1,458,2,83,83,,0.0
CUST_004896,2021-07-12,Enterprise,Finance,USA,Business,399,36,249,4,68,71,,0.0
CUST_004897,2020-06-07,Mid-Market,Healthcare,Other,Professional,149,12,39,1,67,-22,,0.0
CUST_004898,2021-05-03,Small Business,Retail,USA,Business,399,12,9,2,45,64,2023-02-14,1.0
CUST_004899,2021-11-16,Mid-Market,Finance,Australia,Professional,149,36,18,1,46,36,2023-06-06,1.0
CUST_004900,2023-06-19,Small Business,Technology,UK,Basic,49,24,6,2,75,60,,0.0
CUST_004901,2022-03-04,Enterprise,Real Estate,UK,Business,399,12,235,3,57,79,,0.0
CUST_004902,2024-11-11,Mid-Market,Education,USA,Basic,49,24,21,2,79,45,,0.0
CUST_004903,2020-01-05,Small Business,Technology,France,Enterprise,999,12,4,2,84,99,,0.0
CUST_004904,2024-06-07,Mid-Market,Finance,Australia,Basic,49,12,27,1,37,86,,0.0
CUST_004905,2020-12-26,Small Business,Technology,USA,Professional,149,1,9,4,50,90,,0.0
CUST_004906,2021-04-03,Enterprise,Education,USA,Basic,49,36,108,5,49,22,,0.0
CUST_004907,2020-09-04,Small Business,Retail,USA,Business,399,12,9,0,95,39,,0.0
CUST_004908,2024-05-08,Mid-Market,Technology,France,Enterprise,999,24,43,2,62,26,,0.0
CUST_004909,2024-08-23,Mid-Market,Technology,UK,Basic,49,12,29,3,71,2,,0.0
CUST_004910,2022-08-03,Small Business,Technology,USA,Basic,49,24,9,2,49,72,,0.0
CUST_004911,2021-02-25,Startup,Finance,USA,Basic,49,12,3,0,66,55,,0.0
CUST_004912,2024-10-27,Enterprise,Manufacturing,UK,Business,399,12,481,4,53,7,,0.0
CUST_004913,2020-01-15,Small Business,Technology,Australia,Basic,49,24,6,6,28,44,2021-10-19,1.0
CUST_004914,2022-01-05,Small Business,Technology,Canada,Professional,149,1,5,3,53,-23,,0.0
CUST_004915,2024-05-15,Small Business,Healthcare,USA,Basic,49,12,4,1,69,-78,,0.0
CUST_004916,2023-02-19,Startup,Technology,USA,Business,399,12,2,0,100,41,,0.0
CUST_004917,2020-10-03,Mid-Market,Healthcare,UK,Professional,149,12,49,1,39,98,,0.0
CUST_004918,2024-04-30,Startup,Retail,USA,Business,399,12,4,4,62,4,,0.0
CUST_004919,2021-03-28,Small Business,Manufacturing,France,Business,399,1,9,1,70,20,,0.0
CUST_004920,2023-11-14,Mid-Market,Other,UK,Basic,49,1,22,3,81,-4,,0.0
CUST_004921,2023-08-10,Startup,Other,USA,Professional,149,24,3,1,57,28,,0.0
CUST_004922,2024-05-16,Small Business,Retail,UK,Professional,149,36,5,0,53,14,,0.0
CUST_004923,2021-08-20,Small Business,Manufacturing,Germany,Professional,149,24,6,1,79,28,,0.0
CUST_004924,2021-03-21,Small Business,Other,Canada,Basic,49,1,7,3,79,-11,,0.0
CUST_004925,2020-07-28,Small Business,Technology,France,Business,399,24,5,3,82,20,,0.0
CUST_004926,2024-06-01,Mid-Market,Technology,Canada,Enterprise,999,12,30,1,78,-3,,0.0
CUST_004927,2021-12-14,Small Business,Technology,France,Enterprise,999,24,9,2,33,-55,2023-03-04,1.0
CUST_004928,2020-10-28,Mid-Market,Retail,Germany,Business,399,12,25,0,79,58,,0.0
CUST_004929,2023-05-31,Startup,Manufacturing,USA,Professional,149,1,1,0,68,40,,0.0
CUST_004930,2024-10-23,Startup,Healthcare,USA,Basic,49,12,2,0,20,31,,0.0
CUST_004931,2020-01-03,Small Business,Finance,Other,Basic,49,12,9,0,77,45,,0.0
CUST_004932,2022-09-16,Small Business,Finance,Other,Professional,149,24,5,1,56,-32,,0.0
CUST_004933,2024-03-21,Enterprise,Technology,Germany,Basic,49,24,174,1,85,84,,0.0
CUST_004934,2023-01-21,Enterprise,Healthcare,Germany,Basic,49,12,211,1,60,24,,0.0
CUST_004935,2021-06-03,Startup,Technology,USA,Business,399,24,1,5,76,72,,0.0
CUST_004936,2023-12-22,Mid-Market,Technology,UK,Enterprise,999,12,23,0,74,-26,,0.0
CUST_004937,2021-05-07,Small Business,Education,Other,Enterprise,999,1,8,2,43,16,,0.0
CUST_004938,2023-06-12,Startup,Education,Australia,Basic,49,12,1,3,91,100,,0.0
CUST_004939,2021-09-11,Startup,Education,USA,Enterprise,999,1,4,2,48,60,,0.0
CUST_004940,2023-03-30,Small Business,Manufacturing,USA,Basic,49,1,9,0,46,-25,2023-09-12,1.0
CUST_004941,2024-10-10,Small Business,Education,UK,Professional,149,1,5,3,85,52,,0.0
CUST_004942,2024-11-10,Small Business,Manufacturing,UK,Professional,149,1,3,5,68,4,,0.0
CUST_004943,2020-11-26,Startup,Retail,USA,Professional,149,1,3,3,100,-16,,0.0
CUST_004944,2020-11-28,Small Business,Retail,Canada,Enterprise,999,24,7,3,42,4,2022-10-05,1.0
CUST_004945,2020-02-19,Small Business,Finance,USA,Basic,49,1,9,2,78,35,2021-03-21,1.0
CUST_004946,2024-03-26,Enterprise,Healthcare,France,Professional,149,12,309,4,73,34,,0.0
CUST_004947,2022-05-12,Enterprise,Manufacturing,Germany,Basic,49,12,74,4,90,-4,,0.0
CUST_004948,2024-08-18,Small Business,Healthcare,Australia,Business,399,1,8,2,94,23,,0.0
CUST_004949,2024-02-24,Startup,Finance,Australia,Professional,149,36,4,2,79,-10,,0.0
CUST_004950,2024-05-24,Startup,Finance,Canada,Business,399,12,1,4,75,25,,0.0
CUST_004951,2024-08-31,Startup,Healthcare,France,Business,399,24,1,5,65,45,,0.0
CUST_004952,2020-09-28,Small Business,Other,UK,Business,399,12,4,2,65,-35,,0.0
CUST_004953,2021-08-02,Startup,Healthcare,Other,Professional,149,24,2,2,82,-19,,0.0
CUST_004954,2023-06-29,Startup,Healthcare,USA,Basic,49,36,2,3,76,4,,0.0
CUST_004955,2021-07-13,Small Business,Technology,Other,Professional,149,12,7,3,76,50,,0.0
CUST_004956,2021-11-26,Mid-Market,Education,USA,Enterprise,999,12,44,2,63,-16,,0.0
CUST_004957,2024-09-18,Small Business,Retail,USA,Business,399,12,7,2,37,60,,0.0
CUST_004958,2023-01-18,Startup,Retail,UK,Basic,49,36,3,3,52,-17,,0.0
CUST_004959,2021-03-21,Mid-Market,Education,Canada,Basic,49,1,48,3,53,-9,2022-02-15,1.0
CUST_004960,2022-10-13,Startup,Healthcare,USA,Professional,149,12,1,3,69,12,,0.0
CUST_004961,2023-09-17,Mid-Market,Technology,Canada,Business,399,1,35,3,87,6,,0.0
CUST_004962,2023-03-08,Small Business,Technology,France,Basic,49,36,7,1,63,-2,,0.0
CUST_004963,2020-12-22,Small Business,Manufacturing,USA,Business,399,12,9,3,47,-24,2022-01-29,1.0
CUST_004964,2024-06-12,Small Business,Retail,Canada,Enterprise,999,24,4,3,29,-33,,0.0
CUST_004965,2020-09-30,Small Business,Technology,USA,Professional,149,24,4,1,56,61,,0.0
CUST_004966,2022-11-08,Startup,Technology,UK,Basic,49,12,1,2,45,29,2023-05-31,1.0
CUST_004967,2020-11-06,Small Business,Technology,Germany,Enterprise,999,12,8,0,81,96,,0.0
CUST_004968,2022-05-19,Mid-Market,Retail,USA,Professional,149,12,30,2,78,28,,0.0
CUST_004969,2022-06-04,Small Business,Technology,Other,Professional,149,12,6,4,49,45,,0.0
CUST_004970,2020-06-02,Mid-Market,Technology,Canada,Professional,149,12,37,1,71,85,,0.0
CUST_004971,2023-11-14,Mid-Market,Healthcare,France,Professional,149,1,48,3,66,52,,0.0
CUST_004972,2023-07-07,Small Business,Manufacturing,Germany,Business,399,12,4,2,44,15,,0.0
CUST_004973,2021-09-11,Startup,Manufacturing,Australia,Professional,149,36,2,3,72,8,,0.0
CUST_004974,2022-06-01,Small Business,Finance,USA,Basic,49,1,7,0,66,43,,0.0
CUST_004975,2022-03-07,Small Business,Manufacturing,USA,Business,399,24,2,3,81,49,,0.0
CUST_004976,2024-05-13,Small Business,Finance,UK,Basic,49,1,4,2,63,46,,0.0
CUST_004977,2020-05-04,Mid-Market,Other,Australia,Basic,49,12,32,1,93,23,,0.0
CUST_004978,2023-10-09,Startup,Technology,USA,Business,399,1,2,1,53,12,,0.0
CUST_004979,2023-07-20,Small Business,Retail,Other,Business,399,12,9,4,37,48,2024-11-13,1.0
CUST_004980,2021-09-10,Startup,Finance,USA,Basic,49,1,3,6,69,24,2022-02-05,1.0
CUST_004981,2020-09-01,Mid-Market,Technology,USA,Basic,49,12,21,2,89,-24,,0.0
CUST_004982,2022-04-27,Mid-Market,Manufacturing,USA,Business,399,12,13,4,42,1,,0.0
CUST_004983,2021-03-25,Startup,Healthcare,Canada,Professional,149,24,4,3,59,-12,,0.0
CUST_004984,2022-07-18,Small Business,Healthcare,Other,Professional,149,12,3,3,76,45,,0.0
CUST_004985,2023-06-24,Mid-Market,Healthcare,USA,Basic,49,36,36,0,20,0,2024-07-15,1.0
CUST_004986,2021-06-03,Mid-Market,Technology,Canada,Basic,49,24,41,2,100,100,,0.0
CUST_004987,2023-03-10,Startup,Finance,USA,Business,399,1,3,1,70,51,2023-10-08,1.0
CUST_004988,2020-12-27,Small Business,Finance,Canada,Professional,149,1,8,2,56,94,2021-10-28,1.0
CUST_004989,2020-01-08,Small Business,Manufacturing,USA,Business,399,1,4,1,81,95,,0.0
CUST_004990,2021-04-22,Mid-Market,Manufacturing,UK,Professional,149,12,11,3,65,16,,0.0
CUST_004991,2023-10-07,Small Business,Technology,Germany,Professional,149,12,2,2,54,74,,0.0
CUST_004992,2021-05-09,Startup,Retail,Canada,Enterprise,999,36,3,3,80,33,,0.0
CUST_004993,2024-06-17,Mid-Market,Real Estate,USA,Basic,49,12,14,1,72,77,,0.0
CUST_004994,2022-04-12,Small Business,Technology,USA,Professional,149,24,2,3,26,-26,,0.0
CUST_004995,2023-12-21,Startup,Finance,Germany,Basic,49,1,2,3,57,43,,0.0
CUST_004996,2022-11-28,Mid-Market,Manufacturing,France,Professional,149,1,11,2,54,44,,0.0
CUST_004997,2021-08-15,Small Business,Retail,Other,Basic,49,24,5,5,58,85,,0.0
CUST_004998,2020-07-05,Small Business,Technology,France,Basic,49,1,6,1,71,-14,2022-06-11,1.0
CUST_004999,2024-06-07,Small Business,Healthcare,Other,Enterprise,999,24,4,1,20,19,,0.0
CUST_005000,2024-06-11,Small Business,Finance,UK,Professional,149,1,2,3,84,39,,0.0
